accident_hours,rainfall,wind_speed,driving_speeds,alcohol_levels,traffic_violations,lane_widths,road_conditions,mental_states,riding_skills,accident_types,falses
7,60,13,48.901717884403624,0.01240718714208953,0,3.6730091199858896,3.607180443891325,4,2,2,1
20,200,48,52.489288931090506,0.007857252786671669,0,4.3459752619482614,2.8447048524276246,5,3,2,1
8,140,60,47.682773935297774,0.012335139722742436,0,3.7380453909767772,4.10975693795705,9,3,3,1
7,195,14,52.774911616822855,0.047081339640840894,0,4.5244856822822515,2.6263325630197536,9,1,3,1
18,299,48,48.75126585279378,0.042524426800081935,0,3.330398368824124,2.505324547124148,0,3,3,1
19,66,121,41.647765682145305,0.00025759109529030597,1,3.5144130045175306,2.8560172951673968,9,8,3,0
16,279,40,46.36233475923004,0.019400647267297462,0,4.020070768963731,1.6864222757272795,7,7,3,1
7,268,67,50.527526216428484,0.041701451953257404,0,2.4655077622833286,2.9631481703849776,3,9,3,1
8,35,39,50.9020520011751,0.05159527338072815,0,3.605629788192182,2.729920272491606,8,6,3,1
6,85,20,43.084901496932794,0.04827566910301072,0,4.786041078927095,4.185194365727238,5,4,2,1
10,98,139,43.0246573912282,0.038354163296594364,0,3.0230304537699677,2.4115208144920115,5,2,3,1
9,43,116,48.36534054546435,0.09743056509675724,0,4.217628176563084,4.211560923735133,6,3,3,1
10,188,99,41.42703826856197,0.049922437686547805,0,3.4446783924015487,3.5764781737498788,8,0,3,1
10,59,3,44.31618232564761,0.07733676756250978,0,4.900724475971177,2.1993172622727966,5,10,2,1
19,90,22,45.88266414792464,0.09989923901167447,0,3.1268237317957013,3.099287674136394,2,5,3,1
18,213,3,44.59594126396642,0.10244627426855382,0,3.1460836671547727,3.2926922878785314,6,1,2,0
18,76,4,49.45085941568552,0.10284195726971897,0,3.0411833204888867,2.9507848681771893,10,5,3,0
9,81,37,49.08757960495043,0.05935767132771091,0,3.5949676876948224,2.341903740174632,1,3,3,1
18,31,48,46.13460396719109,0.07935854713999765,0,3.3012443987854168,2.471391855169827,0,5,2,1
9,27,20,39.729510890235865,0.03776052490478062,0,3.2119248601831645,2.7006701046997006,4,9,2,1
5,200,6,52.32191958673096,0.10342129657280373,0,3.6742603314850766,2.7936886564083454,5,7,3,1
19,74,9,41.52430809156861,0.025597164758980776,0,3.8267363914856114,2.87911524329939,5,8,3,1
19,47,83,42.55666086397782,0.09452457396558925,0,2.475606734644977,2.2237345576607357,3,3,3,1
17,82,148,41.158012148281756,0.056374479935900564,1,3.9504551104354633,3.2049670359261233,10,0,3,0
17,1,10,37.78359051545725,0.03585444974304745,0,2.8937600043517113,3.229745055669855,2,8,3,1
8,125,6,50.169321106974266,0.045558991809748095,1,3.347756300400408,2.2251198837509,1,5,3,0
6,77,28,54.27105298814673,0.07059233950971755,0,3.318964199056926,3.2525520309206772,2,4,2,1
18,95,49,38.8525951089963,0.1115980143464742,0,3.693856520909741,1.453398707487937,1,4,2,0
17,12,47,36.00954127976193,0.011705158347983535,0,3.109472822346641,2.4235760528299024,9,10,3,1
16,209,6,45.836506206582975,0.11033728520367582,0,3.890676593952316,2.406738454226356,4,0,3,0
7,88,59,46.83017079882853,0.09788502231538922,0,3.098631049819081,3.3627068103120807,9,9,3,1
18,91,46,34.409176113008066,0.07047881295790398,0,4.025434129552195,2.5085765917970324,6,4,3,1
6,131,28,39.87377410195557,0.01564196726479377,0,3.42438553534712,2.6566403395323057,5,6,2,1
18,106,111,51.670070917699874,0.09749463193915482,1,3.5892374897853783,3.3679939773563383,1,2,2,0
9,88,39,48.10131301558671,0.08287582497503833,1,4.013365420046435,2.835691582985489,0,3,3,0
22,97,2,51.63013815332307,0.05967824206514479,0,3.4121941339268655,2.688327497394761,6,4,1,1
8,68,15,39.828400013515,0.1063040714123253,0,4.5938787636058915,1.8376384828321568,2,8,3,0
18,244,42,45.027018533818286,0.079734528903667,1,3.4042045389270257,3.2462612643915136,4,2,2,0
6,25,36,44.72040527890946,0.034635963655331996,1,3.60954060464276,3.547128058900679,10,2,2,0
8,39,19,50.41314213671839,0.005234397223514637,0,4.306566978250162,3.008409466174397,1,7,3,1
10,33,28,41.852133551290216,0.09112008408738975,0,3.7512788635054037,3.5053548388275293,7,8,3,1
19,20,30,42.48056888098833,0.030656307390847196,0,3.948152538130522,3.130852836769734,2,4,3,1
19,70,45,47.56779763235527,0.03366235321713693,1,3.3209080628271175,2.6477408374477953,2,8,2,0
8,94,11,48.94167058505414,0.05396565256426398,0,2.482466094562194,3.597791131829922,6,3,3,1
10,2,91,42.741424704505334,0.08999611858811483,0,3.2036790089845306,3.527384992734043,1,7,2,1
5,93,27,46.18710717192329,0.11091838032935401,0,3.4817694362957896,2.87363862842106,4,7,3,1
10,32,86,49.726002523170216,0.025952626114033584,0,3.1291673056669898,3.2560601283508905,4,6,2,1
7,68,17,46.59269060256014,0.10584195127470476,0,3.5301117070001977,3.885396478449336,4,6,3,0
19,48,29,42.79926667082685,0.07252470291634852,0,2.752202789318271,2.786354892248426,3,4,2,1
18,2,109,46.53250392215579,0.10266949212557137,0,3.54221992678344,3.4204466478318336,2,2,3,0
18,18,21,48.26577399546176,0.10178493863781954,1,3.135420660392139,3.3334655174586763,8,0,3,1
8,84,39,45.417598839953826,0.04708609865603544,0,2.6826541501386822,3.11980616373951,0,0,3,1
8,50,11,47.69096834595604,0.08137605759079423,0,3.560278580683266,2.962743360758301,9,8,2,1
21,37,43,49.79559518311379,0.11359275812878963,0,3.5126304900575023,1.8912370636229079,9,10,3,0
17,61,17,47.10902806927588,0.08068613936832901,0,3.3397045043410785,3.591812704511886,10,0,3,1
10,173,13,49.33710230171337,0.054979118912312316,0,3.0330551178620513,2.4861066200861663,2,0,3,1
8,279,28,44.20118440821544,0.04463536458919599,1,2.9829966968444657,3.187438349153708,10,2,3,0
18,11,6,42.61604999909504,0.017197630744367608,0,4.241896715112842,2.7261885602330995,4,0,3,1
19,16,52,52.11407110077643,0.11985560473384668,0,3.8484408759919897,3.805390252486702,7,1,3,0
19,26,34,33.82091130414617,0.07893821622572363,1,3.2132095094717883,2.589704140519239,9,4,2,0
20,22,28,47.120661503845575,0.033186841048692683,0,3.226363676386027,2.7230964504360364,0,0,3,1
8,79,45,43.49584837885681,0.008933844888673326,0,2.9767187460081486,4.070647304220511,0,4,3,1
19,16,18,48.42888756827379,0.09047035079645231,0,3.428002400447091,3.381886812594793,2,8,3,1
8,22,15,39.09712992855561,0.10260858953686935,0,4.120350087986685,2.6647707328988415,6,8,3,0
7,112,93,46.83348780211527,0.051335594757511455,1,3.740567649033184,2.852609225820534,8,0,3,0
18,52,138,47.96592099435429,0.11472975760556679,1,3.948049818429415,3.227843282572858,8,10,2,1
7,175,18,47.01126887519612,0.03941761764243348,0,2.909016378589526,2.5568979187735676,9,4,3,1
9,90,98,40.65305571649729,0.09072733363226625,0,3.20904373928986,2.737262296887029,5,8,3,1
19,9,61,42.00336763520897,0.031557892782558904,0,3.6456465745017237,2.9222041652559603,6,0,2,1
19,48,41,48.516224254402246,0.04031246416590793,0,2.383066276733756,3.1489894599123494,0,10,2,1
21,31,22,44.475069005398716,0.07264684167254473,0,3.1781848950892,3.316660977742437,8,9,3,1
20,30,49,35.025936367337295,0.004399942577940328,0,3.073795071050244,2.2075878086442025,5,7,2,1
6,276,8,42.630139679610124,0.025298323556511633,0,4.1606480474225345,2.717449494422145,2,7,3,1
18,46,92,50.92856514437009,0.02116149130349067,0,3.9323031514697226,3.0478526903239813,1,7,2,1
9,55,41,44.27772298697571,0.0393585296813055,0,3.7405935282269667,3.630851430442618,9,4,3,1
9,36,48,38.406194208548165,0.09329577690985523,0,3.477495685123265,3.043481562135458,6,4,2,1
8,85,40,43.219729608739385,0.10891218464240174,0,3.77593005044847,3.4514653757446805,6,9,2,0
17,88,21,44.9135072541873,0.0015207067328875778,0,3.369335807900352,2.7154173159154866,2,0,3,1
8,17,49,41.255850530808324,0.030869073251040876,0,3.9717054905616456,3.5963606395743377,5,7,3,1
15,48,12,51.739562869524626,0.0030466734063410205,0,3.048056480584178,2.8995276299385084,1,1,3,1
16,48,61,43.50488365204798,0.10334920024973883,0,2.967831704549307,3.4661919333921913,4,8,3,0
9,40,40,43.88435465798024,0.023848025407922697,0,3.4649552658538147,2.966242792236901,2,8,3,1
19,131,24,44.23702451656622,0.09248373139785405,0,3.6279131199587877,3.4433519879754755,1,8,2,1
8,97,86,35.97795654578806,0.00399659886965031,0,4.093789534481016,2.8692647802701794,8,10,3,1
17,98,9,46.88641790445901,0.04780609474916018,1,3.0891106055878645,3.1710566626832812,7,7,2,0
6,31,49,42.04573466678259,0.043034979320323796,0,3.4788757749171317,2.9754057667879503,8,6,3,1
18,25,3,32.80031121093042,0.0395200858341258,0,3.562471894114935,3.0723899143113873,9,9,3,1
7,86,30,37.50428471680159,0.06842119812233262,0,3.16664053119871,3.363708064088467,4,2,3,1
7,246,23,44.74124723299684,0.04695706849787011,0,3.784328985265533,3.372558615755349,8,10,3,1
7,120,16,51.149366877453176,0.048387668582005765,0,2.9941274556357627,2.3497081060238294,7,9,2,1
20,20,17,48.590414713720754,0.022704415875300532,0,3.4381736436264676,3.569960576338096,2,1,3,1
8,65,8,47.776685109237945,0.04974067862454755,1,3.6960608372646515,2.3419310015853356,7,8,3,0
6,48,46,45.50907592256436,0.08893093571591171,0,3.6974592540862807,3.178620405186046,10,5,2,1
20,67,91,46.91209599742762,0.03877044939837397,0,3.6137567150882526,2.419919310153,7,3,3,1
20,66,39,45.49197603495216,0.10285021580759465,0,2.9080430446504986,3.5544975735648507,3,8,3,0
9,43,5,41.31819261389264,0.01993576918887964,0,4.031857998619342,3.495400990729145,7,9,3,1
16,242,41,41.50681057521951,0.10159598847299577,0,3.477635324396376,3.0897075782695156,6,5,2,0
18,223,49,45.075184577951624,0.07389202617243185,1,2.7333828809364453,2.6394134204781237,8,4,3,0
7,212,47,41.18211459222646,0.05085327837452342,0,2.9218152080022053,4.149790986546469,2,3,3,1
18,77,112,36.57937033048264,0.004228407186505554,0,2.8029780821325216,2.844219777184673,1,7,3,1
9,78,65,47.999799858567215,0.015188134128918257,0,2.949212532773379,2.6958434927501354,4,2,3,1
6,17,8,47.1922862360106,0.049711006794659736,0,3.3832292696578943,1.198644924901304,6,6,2,1
7,89,35,36.47054178895173,0.10535136929902389,0,2.3169146919836066,2.2454982780250328,1,0,1,1
7,57,91,38.841844336987094,0.11481978043949824,0,3.9084452902991154,3.6461411303485276,2,5,3,0
20,149,35,46.68632013976896,0.11156119597389808,0,4.12851476692903,2.9006425219365592,1,8,3,0
8,119,30,39.27022019145839,0.03288991538331096,0,4.033719631699144,2.757768973350915,8,5,2,1
18,58,36,45.13798549360559,0.030784282617083835,0,2.860138670847628,3.3325548722678127,7,2,2,1
15,140,11,49.20836058769241,0.08874164636645987,0,3.8060037336022043,2.6722042058462496,6,3,3,1
7,86,6,42.692121595085176,0.11286634326209828,0,4.019843850004915,2.3690088215840155,4,9,2,0
17,231,30,48.30862931498894,0.016001533339809065,0,4.510030818481866,3.230593303663171,4,9,3,1
19,43,70,42.473264742517806,0.04531005815729822,0,2.8449841592392437,3.247862676265882,5,10,1,1
8,63,20,43.351290919146386,0.10036807683757488,0,3.8592165970672356,3.3028381772999094,8,10,3,0
8,6,29,47.08071027222335,0.059038411270967636,0,3.3367695048732733,2.1268576643760215,6,8,3,1
8,71,29,48.36185549454687,0.10108356814749152,1,3.73620155321949,3.3914391296021518,8,7,3,1
18,41,8,38.73021478479289,0.01401031012800757,0,3.235899275099289,3.2773540446132063,2,3,3,1
17,196,107,38.40711509192473,0.09324346809245647,1,3.678212825331814,3.1740456529510688,5,6,1,1
17,26,17,37.37545314034406,0.04675261353821139,0,4.500391643853394,3.214117569306045,6,9,3,1
7,75,24,53.38284399468594,0.08316651264390178,0,3.0890848324450904,3.216011559295077,3,0,2,1
16,26,21,42.823006246838254,0.035178342109462975,0,2.850409379778812,2.581739605926802,5,10,2,1
18,62,123,41.50610502703724,0.08302791452145465,0,3.1676877592545245,2.441211299377211,9,9,3,1
15,59,0,46.46072510311118,0.0842525204865774,0,3.787094173141695,3.3749044161988526,0,5,3,1
19,172,12,36.72350566146132,0.050320453950940966,0,3.7690351334053074,2.903332432414749,8,7,3,1
12,74,18,43.128733242057436,0.11630242247419213,0,2.5549571677818577,3.869515635947386,6,4,3,0
7,259,61,45.03552177850673,5.867614719575975e-05,0,3.393004911649048,2.7691029504159674,4,0,3,1
7,11,45,40.14024861753274,0.08090488969922013,0,3.7829275449460913,3.0138710564058986,6,6,3,1
17,4,19,39.21963228036838,0.10904633325326646,0,3.6481400400552646,2.3742072776189636,6,1,2,0
19,65,97,43.11414828444203,0.10289802491803274,0,3.6367807515470685,2.438922899052339,8,10,2,0
8,18,73,42.54655393222747,0.06776612377307259,0,4.177973281603873,2.6738277153596144,8,0,2,1
18,94,98,42.40377471900388,0.10749032913413599,0,3.3858337180742843,2.4292530766973695,8,3,3,0
19,22,33,37.53347353213328,0.012951901543599766,1,3.691265809914008,3.4808734687676846,0,7,3,0
15,52,13,37.496598929912665,0.0652175938344015,0,2.999480515058042,3.4744531541078705,5,4,3,1
15,62,16,51.29246471983278,0.11775729081704661,0,4.239286401212125,1.9066991950069023,4,9,3,0
15,93,128,38.447835656543454,0.11898683695684438,0,2.8922736416349277,2.502776661180337,6,10,2,0
17,150,32,43.96729262908889,0.08149908306838474,0,3.216354025953668,2.7157115217273637,6,0,3,1
20,47,63,44.17906947680525,0.020118201826675248,0,3.5121274303841674,3.237904550926912,6,0,3,1
6,145,28,42.6003285849478,0.013550953756280926,0,3.2835478700757195,2.803702607160984,3,10,3,1
18,44,2,44.18451121138823,0.11069344635014602,1,3.7384538098450446,1.5429508098112237,4,6,3,1
7,9,126,43.21857623465454,0.10567901645026721,0,2.7813645525606305,2.2160327759541527,0,5,2,0
9,3,47,42.92384745349722,0.03784812380956829,1,2.5977719401735624,3.7444274301278773,10,9,3,0
8,73,6,50.267235482231925,0.11178737323112535,0,3.0351937110890748,2.6242786603956514,10,0,2,0
9,24,22,40.23323085516425,0.015663167708424946,0,4.070523705497689,3.267624078628708,4,8,3,1
4,82,4,41.82223933814555,0.03533895224100122,0,2.5425041819650094,3.399977148928142,4,4,2,1
22,12,36,49.56382417671591,0.07729516434971806,0,3.743139700929169,2.2859534570384086,4,0,3,1
17,114,37,42.04899977947344,0.020480385038871982,0,3.9795747879269068,2.9633900931041386,3,6,2,1
20,46,23,42.75847377713588,0.11868764035600572,0,3.582244706180651,3.8661376591269914,4,2,2,0
6,1,22,41.98322714110354,0.02670813020140687,0,3.021939908848353,3.1600778673375585,3,1,3,1
18,68,60,50.241001551955236,0.02943847389919051,0,3.1275971940293212,3.0551015178210528,0,5,3,1
19,91,25,49.44015435070609,0.05695157809793385,1,4.030045816345251,2.990263237799234,1,9,3,0
17,131,29,39.07019467077083,0.09341994946086457,1,3.4657736488583146,3.6092018019211265,0,1,2,0
9,8,24,52.0675632950614,0.014458936555011057,0,3.564799627685286,4.080112866917663,2,5,3,1
8,32,10,34.17382915754261,0.08009335276899125,0,3.443149619426644,1.9605345722986376,1,7,2,1
21,42,22,36.62427980185051,0.01192456727600868,0,3.581456427581153,4.145596869929172,2,5,2,1
8,68,149,37.08188173185672,0.011366541477386782,1,3.5645233919961856,3.2871027818888923,0,9,2,0
17,30,24,39.48699735491787,0.004967454409778757,0,3.968033224947212,3.3756237267626,10,10,2,1
19,63,39,42.8399659615144,0.06535423839999188,0,3.222856821203165,2.830367940537484,1,2,3,1
6,140,46,39.640306051289436,0.05231628981376361,0,3.0133346087898643,3.9612256155124217,9,7,2,1
19,34,74,38.95267681257357,0.03688268112279691,0,3.494070809686037,2.994913680157834,1,2,3,1
9,19,34,47.30965463484078,0.06325336208808804,0,3.4430558345893125,3.0425827796693787,3,1,1,1
16,47,107,43.17817747282449,0.06022185326208726,0,3.5055295965872073,2.576113392821507,10,2,3,1
6,49,63,48.666854245521066,0.05686576598580527,1,4.472757229182001,2.3954959183153046,3,4,2,0
19,28,3,49.308948704038926,0.020694181602961506,0,3.160897811559266,2.5038426754333782,7,7,3,1
19,64,6,45.47835241660473,0.10763406681669108,1,3.9116390897705617,3.536856574798173,3,9,3,1
19,136,4,48.1643071774923,0.07440295820309908,0,3.321724426880896,3.613083751012707,10,0,3,1
9,66,19,43.73448534902616,0.015274971931950172,0,3.8352267806809848,3.490565449311649,0,5,2,1
8,30,53,38.4529227819924,0.030655514585653756,0,3.5706290889525243,2.9550912703251213,2,8,3,1
20,27,59,37.62091717117925,0.0917502354289525,0,3.7268557547693186,3.451751448251413,4,7,3,1
10,11,25,34.96625633047128,0.09316937765746906,0,3.8002527823838217,2.6152687765382465,8,1,3,1
10,38,67,48.476862360804255,0.0870887646016663,0,3.170287312516696,2.990754245989478,6,7,3,1
7,89,88,45.40146402130495,0.09485595181727938,0,2.3075185791064814,2.726664154291255,9,5,3,1
7,64,96,29.833354204589376,0.0717842936388964,0,3.9502137741816443,2.6416766962502343,9,4,3,1
19,62,1,47.84169679984375,0.03465249803162127,0,2.2940812305745903,3.0957324400900497,10,1,2,1
6,279,96,44.94465583005966,0.04291958995410069,0,3.1659049291801376,3.2936023188327512,1,1,3,1
18,218,41,40.087411607407866,0.061156618520730545,0,2.9902267374611826,2.8540460955744256,4,10,3,1
9,6,76,40.02376091790012,0.02952275124091389,0,3.9385779666489915,3.312643440261372,4,5,3,1
9,1,31,43.216749277438325,0.10239764667967492,0,4.31795643377274,2.991978443218161,1,1,3,0
7,82,111,50.58007811054601,0.0896346049571829,0,3.5386752638001866,1.9621049166529079,10,0,3,1
17,174,17,44.82595628440219,0.11760073317557641,0,3.279107449046153,2.539583191084246,3,4,3,0
20,8,58,41.03743347548626,0.04983087544495294,0,3.121819638529002,3.2082599612121743,6,6,3,1
20,68,5,55.73722546801238,0.10449185866952702,0,3.676559761158409,3.230748842877171,6,4,3,0
8,25,82,49.58243392013814,0.09349508320969352,0,2.7964418566832867,2.750845323727051,2,2,3,1
10,11,10,49.49087732423752,0.09983256698073671,0,2.6361417276288357,2.538020261136352,6,1,3,1
8,186,63,49.83518034293134,0.08257781756020774,0,3.0684935406878364,3.6840500958137175,2,2,3,1
18,268,120,50.9090497287905,0.04188418786583198,0,3.2672424693452484,3.3595144493133136,3,5,1,1
6,194,75,47.103478348546375,0.029270764519573236,1,2.413399574103741,2.015929772967189,5,7,3,0
7,209,149,45.10178518361628,0.03267747216377227,1,4.338243976957313,3.053233934220506,4,5,3,0
9,185,55,45.53360173378071,0.06803826463548748,0,3.1685364488085064,3.0316865812641822,4,8,3,1
19,16,45,38.0970208971459,0.10555850847768783,0,3.019675241668857,2.643661064317356,4,8,2,0
7,57,48,33.794383734955645,0.053889824283813365,0,3.8622103011218796,2.905024980442741,8,2,2,1
6,230,35,48.54673803163294,0.07186189821062405,0,2.7884513897153447,2.343076238384303,3,6,2,1
8,104,46,54.09962643025427,0.088056113476272,0,3.2944455098137344,3.4137067853749734,3,7,3,1
16,76,15,43.108994286965384,0.10263185164738231,0,3.6071312543481473,3.731125143385528,6,2,3,0
17,94,57,51.939510490168416,0.07781817992988321,1,3.0136192071280408,2.5610653366027085,10,4,3,0
9,173,3,52.67668706525244,0.07551675631582222,0,3.4302383049484404,2.882657571615279,3,2,3,1
8,43,43,42.41966617639416,0.11851109057260209,0,3.7455311604090347,2.445574740222508,4,6,1,1
17,156,14,51.04601233365331,0.10348989500713121,0,3.245614464009144,2.7921037222182483,1,4,3,0
7,5,73,48.16366020801129,0.08801012889157377,0,4.465960135247165,3.33027764817812,6,0,2,1
8,0,44,43.37513043750696,0.09983306013370652,0,3.3922357569786414,2.9185412925935923,2,0,3,1
20,13,19,47.65894375196908,0.11998740495290142,1,3.4889539559640386,3.3725930251186096,5,8,3,1
18,98,101,46.43023033640129,0.060686327759002234,0,3.410341462389913,4.13976325378521,4,4,2,1
18,83,34,35.18426610988669,0.08466396320135774,0,3.4921314650083053,2.7008955416519345,8,10,2,1
19,239,45,57.4447124910151,0.09760933903196245,0,3.2282331936641544,3.0821231551569195,9,9,2,1
19,14,88,39.62951415561595,0.053302911086675946,0,4.10447702764199,2.8006352901570555,7,1,3,1
7,50,16,45.97981894290551,0.1145924486109924,1,4.177464552214669,3.3573964549125552,4,3,3,1
20,65,53,54.17216488033368,0.04586605566743618,0,3.7911089548064605,3.034739384869608,4,4,3,1
18,99,1,43.63929728111462,0.0291685742076814,0,3.509075737204301,3.1183403405972867,4,10,3,1
16,71,22,41.28969171806836,0.08125098168388616,0,3.2629546681843973,3.0106323887929167,5,8,3,1
10,160,92,45.64932182877709,0.00968973753723004,0,3.2700502427569638,2.958156378318071,6,1,2,1
8,208,47,43.270717278670595,0.015197102326050578,0,4.60116848276088,3.199464723934739,3,3,3,1
19,22,15,51.118935833073174,0.11645781471963207,0,3.320039948385731,3.0863671603211227,7,7,3,0
8,71,13,40.81885446612436,0.033798082324010416,0,2.552283319079203,3.5750479182751738,9,2,2,1
7,40,113,42.139507282228024,0.0039776913964236545,0,4.282904886612734,2.9145163450255023,0,1,3,1
8,0,29,44.55752993209352,0.056957222220928944,1,2.7504851169675897,3.867687316893546,0,2,3,0
19,86,79,38.55743400751099,0.10408131002807221,0,2.9558450325615437,3.1048130524882414,7,6,3,0
20,60,64,42.24291990791887,0.03999789804595196,0,3.454548394428753,4.144654240697622,6,8,3,1
9,91,9,42.28503512068906,0.050318852949969184,0,3.4831922557469057,3.664757050055469,4,4,3,1
7,88,33,38.662149381977166,0.018821846521247406,0,3.4703732894858947,2.95817099512811,9,9,3,1
17,87,15,41.89782787725493,0.041531139320033474,1,3.5819697590889175,2.851987599255567,8,1,2,0
8,14,9,48.69841307251231,0.11584957267731288,0,3.1596847124748164,2.370885917585472,10,10,2,0
18,59,34,34.99453667575351,0.10526540267417703,0,2.6896636698800505,3.756913996535419,9,10,3,0
6,70,20,50.073053644950086,0.088782090149325,0,3.3166850325292607,4.081463190912758,0,6,3,1
18,162,32,42.37779914889736,0.09434618150014168,0,2.9068446969874544,2.6692788913758116,4,2,3,1
7,97,13,46.6350352515512,0.08032172939909596,0,3.894619038852794,3.0059209071118302,3,6,3,1
8,240,19,50.01172387340896,0.014154290965797055,0,3.215727186245371,3.149600221861199,9,5,1,1
17,277,10,40.30303893558708,0.014093494221135363,0,3.387894139405333,3.0486591649497186,2,0,3,1
17,20,42,47.24994840794418,0.06446242370465319,0,4.187071390546209,2.529937025505889,1,9,3,1
8,15,18,38.45351930009887,0.07145410957922874,0,3.608989507756933,3.579695135464565,0,4,2,1
6,72,24,38.01137591552917,0.11661863988447943,0,3.0895476714241443,3.026849703818244,6,10,2,0
16,17,47,43.77111084655048,0.05414110915192575,0,3.3437145611944112,4.075989831322541,3,0,2,1
17,36,26,44.199368085524604,0.11009731805993177,0,3.5077045086158822,2.8851562058991136,2,6,3,0
9,98,18,49.823015678767106,0.11884024995129272,0,3.8101761780961416,3.0262116401725954,9,10,1,1
18,21,148,37.62466660342223,0.10134014823796007,1,3.49716166710675,2.758617434392149,0,5,3,1
8,36,28,47.95177677842409,0.04787765966500198,0,3.0561350808781644,2.22332290543251,4,8,3,1
5,20,27,42.914514673028464,0.0904125602875475,0,4.075485682459561,2.9669743235745027,5,10,1,1
19,186,86,44.2916306647818,0.0654554175732683,0,2.910711646063838,2.618620448930631,5,3,3,1
7,93,38,34.271992439433134,0.023858034419804882,1,3.786643282617886,3.519178978319652,8,8,3,0
6,238,45,43.83936700120751,0.01556419775888711,0,3.646412810890585,2.9338137007028315,0,4,3,1
9,43,44,48.67657195294959,0.008409943989539603,0,3.455264628474556,2.6483890422771466,2,4,2,1
22,79,31,43.39153711510679,0.03917197859108331,0,3.0130631235694656,2.1935927774220296,8,4,3,1
5,60,37,43.081247141961086,0.08265130347897286,0,2.17600633937821,3.355849802211144,3,9,2,1
8,89,20,54.158782794827005,0.10966274927836685,0,2.700934233772781,2.686625349774737,6,4,3,0
17,15,20,44.65018475517736,0.03845250534674536,0,3.6891110129084423,3.2162785122451263,3,10,2,1
9,91,71,35.97815309583093,0.06372257366573085,0,3.70741492740971,3.234041361260265,0,6,3,1
8,214,42,37.01744386732298,0.05625740844774629,0,4.264369648847038,3.379476582278323,2,0,2,1
7,24,83,52.249119168870095,0.01305158009481222,0,3.521259335913985,2.4543213326466153,8,9,1,1
19,0,64,42.36826455915409,0.09123346538002983,0,3.525534487789675,3.3736671216291962,3,6,3,1
13,74,48,48.92771346143761,0.062324607645214476,0,3.149715257559172,2.801568515623132,5,6,3,1
8,80,46,42.99590371447701,0.11007700335622127,0,3.3109866250158806,3.1586808316874575,0,4,3,0
9,59,104,46.883190124603274,0.10025390510954187,0,3.5012333823000694,2.9169352480546955,5,2,3,0
18,13,17,42.63675813919626,0.03339279891466238,1,4.331742776519169,3.6158735325059954,7,6,2,0
8,66,2,44.184725771581576,0.0375143269814307,0,3.6736917530515827,3.182274997663675,6,4,2,1
10,97,32,47.18206138713413,0.06443832647042867,0,3.2936076599171633,3.1052011240080373,0,3,3,1
7,32,21,38.62362312616864,0.015017520822846334,1,3.1529976520225267,4.3968935446101005,0,8,2,0
17,19,10,46.35187708124459,0.03013429854174447,0,2.4142659798855446,3.861236710037037,9,3,3,1
18,33,24,45.8596682939949,0.09853115972768926,0,2.842394108222064,2.756522028000839,2,4,1,1
19,182,85,37.19765928039162,0.01836050339986766,0,3.316919283500847,2.7312688280434405,7,5,3,1
18,36,42,58.32596930878722,0.06554899339276742,0,3.501085318258438,2.902446932143329,0,10,2,1
5,49,48,43.117698363940086,0.0472758683891501,0,3.063996834763721,3.0489797482195478,3,5,2,1
7,68,10,39.662062738675914,0.024111706810451876,0,4.062366018931253,2.3709202476022058,3,1,2,1
10,22,39,52.35081135840257,0.11637284377298794,0,3.8908243227028976,3.4769698180119972,9,10,1,1
9,71,9,38.68735811788751,0.09901481437821864,0,3.7220331215184492,2.7246413042006057,8,2,3,1
8,83,107,41.87533684217078,0.03200202640087295,0,4.056176493405308,3.711735477524856,9,7,3,1
19,65,20,45.70191328915517,0.0942338895277954,1,4.105865658025102,3.3758813229259874,10,8,3,0
19,105,22,41.9949065902076,0.0007701296471127472,0,3.2464810483124413,2.5447325927702185,4,5,3,1
7,58,83,47.618194851339815,0.03330789422078593,0,3.25779590043622,2.9336977335306673,2,0,2,1
19,198,33,47.708306035437936,0.012959768572521057,0,3.4473319415302472,2.191138446236768,7,1,2,1
9,25,43,41.07332718499859,0.050889827093515166,0,3.297516026971491,3.209445378996357,0,2,3,1
9,90,73,52.33418240752097,0.07654954602495397,0,2.6834914831225105,2.499969619572148,10,10,3,1
18,17,24,43.444470252206,0.020557308972693637,0,3.725769260906428,3.028735476281407,8,1,3,1
19,98,38,45.996339027178045,0.02868885127105407,0,3.5113375916819933,2.7551579361012113,3,4,3,1
7,66,37,43.045769323119615,0.04712447843710294,0,4.0689075163970605,3.679457824647594,8,9,3,1
16,43,43,42.76968129358403,0.07569310960597483,0,2.801008933510227,2.951646204837731,9,5,3,1
18,7,46,44.639051697741635,0.037287162143537014,0,3.930000542941954,4.050836853541152,1,3,3,1
8,199,28,54.23124984128003,0.07218034217879944,1,4.546694037376099,1.8590395576394723,7,9,2,0
20,29,39,47.09441854058453,0.041910016033961044,0,3.089330402725305,2.6789760428361524,1,0,3,1
10,33,3,39.73035519813658,0.030943336554905485,0,3.2220202837059766,4.201939387773506,6,9,3,1
18,34,40,45.394602104953144,0.10260598499652582,0,3.5968511178183347,2.8165360866776235,1,6,2,0
21,44,77,42.18952583777113,0.045956999239108044,1,3.730616123003996,3.367357595921411,5,7,1,1