accident_hours,rainfall,wind_speed,driving_speeds,alcohol_levels,traffic_violations,lane_widths,road_conditions,mental_states,riding_skills,accident_types,falses
8,93,22,49.85391355847956,0.1102049105663702,0,2.4362399952851264,2.5274102568583947,5,3,2,0
9,77,14,44.439034777202515,0.03666895774277574,1,3.933871550098017,4.193808322497835,3,8,3,0
10,93,42,37.88813312058926,0.06514465951291684,0,2.5909622553834177,2.853006241239415,0,3,3,1
17,37,20,47.03391935083446,0.006431538983267102,1,3.9072528369879294,2.374940005411581,8,2,2,0
17,59,22,40.850454174212736,0.0816327707151548,0,2.5528723129686215,2.9490735355451476,5,0,3,1
8,22,73,47.01646742088526,0.09545672495371267,0,3.1473851455343054,2.4092470335230805,7,1,3,1
18,10,45,49.78272764035788,0.1165696393237067,0,3.9772188794502012,2.361700181369292,9,1,2,0
18,15,23,43.570905618067314,0.10039336852502023,0,3.161223359274743,2.162003371572649,2,1,2,0
8,78,53,44.192079394695554,0.03750237545024672,1,4.030896501859344,2.5609059031254247,6,7,3,0
6,199,44,45.853041939706294,0.06679232608324588,0,3.512763733356046,3.281578070586132,8,1,3,1
15,56,86,41.687593656236984,0.07102486551860884,0,3.552296548336778,3.7744338831939492,10,0,2,1
19,22,66,45.449056522717065,0.006814294832445746,0,3.2631022811402426,3.4443181630160087,0,4,3,1
17,70,15,46.04246244304306,0.008718833044755842,0,3.0149291734419985,3.288505322541468,1,5,2,1
7,6,91,40.56638506015116,0.03909679558681776,0,4.399534226500897,2.977487282683838,1,9,3,1
15,94,63,50.99009742620873,0.08933088182849624,0,3.550065029077311,3.0202048832837494,1,10,2,1
19,35,27,36.39473582704037,0.03426403940045986,0,2.7372257633181913,2.467898345366868,10,2,3,1
20,168,0,49.03699264451788,0.10489502774052205,0,3.79054006924078,3.1963729197820014,6,5,3,0
18,44,91,51.89748532500176,0.07739887116475436,0,2.7518077839703112,2.773707768269959,9,4,2,1
6,26,31,48.944801419054826,0.05617656531532312,0,3.436763941933253,3.0708780344012574,4,5,2,1
7,42,68,39.71164847246065,0.06486704407514357,0,2.841199063382642,3.130350528072024,9,2,3,1
17,22,22,49.32532986601443,0.03977148159272721,0,3.038472614164274,3.2141652375757217,6,3,3,1
9,91,36,55.52138097033537,0.11686988018154224,1,3.5754995550734843,2.98528650754748,8,2,3,1
10,18,18,44.100285869438224,0.021114718953496075,0,3.6044546704185056,3.414220032183762,6,8,3,1
10,4,17,44.996958182414524,0.10324761849479117,1,2.852151872504173,2.5633731641629947,3,1,3,1
17,227,16,48.85527634548028,0.08137808516372165,0,3.5628393011761053,2.3891600760628187,6,4,3,1
5,199,61,40.63692549691106,0.08538739702296601,0,2.6337103629202514,2.270037268907409,7,4,3,1
8,127,35,37.32990803019302,0.10029730091143725,0,4.057713065491162,3.1377050507891537,7,4,1,1
7,55,25,47.106068539292174,0.016346782071905635,0,3.5049339622601496,3.1283664567710026,5,0,2,1
6,112,116,45.18267890530867,0.08341929597583454,0,3.4879319678928407,2.95387276504296,0,6,2,1
18,75,31,39.81829562189627,0.09315242415843372,0,3.0798802705921635,3.1895394060094957,6,8,2,1
18,115,16,46.92599505886097,0.11815363881341795,1,3.1138886562754777,3.701599433560316,10,8,3,1
9,293,36,43.25631741724625,0.08970707854088615,0,3.917709502773356,1.9558421032292201,10,10,3,1
20,87,25,46.878289454256986,0.11421038632687994,0,3.684209628842624,2.7582755728978197,9,10,2,0
5,22,5,45.94324405458349,0.10196802826659929,0,3.964206100097817,2.609692576809633,6,1,3,0
17,16,1,45.67152416150363,0.10508175761732237,0,3.1354463241096036,2.558382924640952,5,2,1,1
18,87,13,44.928505096949856,0.11003051060165588,0,3.3852011017303285,3.3462521337407356,0,8,3,0
16,79,35,36.23265809835596,0.06373907415843329,0,3.653213638466032,2.9899872227832254,3,6,3,1
6,76,49,37.48429642006747,0.08532238770389675,0,3.3861334551179594,2.8097014249745804,9,4,3,1
20,70,0,53.98663273103121,0.014875079214412383,0,3.719152816299717,3.4078589924939724,1,0,3,1
20,58,6,51.92160100572443,0.0427737880539162,0,3.1988382993381337,3.9478713828964658,8,2,3,1
19,2,47,43.61388808041108,0.10552854316306251,0,2.88987070377447,3.215851674383405,2,1,3,0
15,12,27,47.144912552435464,0.11732180973979393,0,3.695571306302706,2.648706756984052,5,3,3,0
10,147,112,36.64787701446997,0.013400337730692775,0,2.767233960413176,2.8238989492194433,3,8,3,1
21,16,31,37.565527091276806,0.07033545757582024,0,4.520001595481159,3.4819575073710474,2,5,3,1
7,57,38,30.262788562152743,0.08815175971368196,0,3.3364687694122064,2.7662321792567797,9,8,2,1
7,90,74,39.6036647041166,0.06192955701683617,0,3.2985969495931404,3.0890405041800535,7,1,3,1
8,56,47,41.749409537296415,0.027955445109398704,1,3.6080249585946635,2.9846892437890826,2,1,3,0
7,195,32,48.53526566215638,0.0050062828814608235,0,3.7048454400230253,3.7717283311957126,5,1,3,1
17,82,70,43.83414197518703,0.11417968266281844,0,3.2550668363324213,2.633667735547554,5,3,2,0
10,62,5,46.32881991310581,0.02841952522021209,1,3.5967717856213324,2.289439977691754,7,9,3,0
5,113,49,43.15030255530666,0.03589265238219183,0,3.2356649052533584,2.727654307642208,7,2,3,1
7,22,5,44.32555325211879,0.07713422515623504,0,4.1113809834198545,2.7897754792065523,7,9,2,1
19,24,98,43.174426881974476,0.05143549041631359,0,3.9216159963460555,2.7926647376404587,4,5,2,1
7,60,47,46.29552167369263,0.050816205560663685,0,3.2426565160031866,2.6952801230629184,2,7,2,1
16,40,17,31.310586828217346,0.009912387148836457,1,3.2925131537335512,3.1043091369193845,5,3,3,0
7,30,29,44.97926190110763,0.11902524607185708,1,3.2127112685660775,2.446843336809219,8,5,3,1
18,4,21,44.22153699030687,0.034128404014618155,0,3.46855684233729,3.905469864293073,9,10,3,1
17,224,23,53.33483258229576,0.013202250138417457,1,3.7417087451047566,2.8705086733214658,7,6,3,0
17,15,22,46.136677708230586,0.08178845864152504,0,3.8348461293418072,2.8377812668552633,4,2,2,1
19,142,93,52.94882015975851,0.09026473258034831,0,3.5620455821447994,3.107061906001095,10,8,1,1
7,48,78,41.065537083999345,0.0030426037002898895,0,3.6017538248704892,2.9057675790772137,9,3,2,1
19,187,31,41.22925420218415,0.03230974643057279,1,3.460481449634361,2.8370375123514466,9,7,3,0
8,42,82,53.392282410125944,0.023323899204205318,0,3.9669595576043806,3.602099795002011,3,2,3,1
18,33,20,43.81350547977345,0.0946505653343418,1,3.3345141932965143,3.1771329569197624,10,2,3,0
18,58,1,40.959684953908166,0.022050417013140734,0,4.4679349269031015,3.030466030855464,2,7,3,1
8,72,5,45.106514078841805,0.028227741313079802,0,4.180479877828251,2.5748094078090302,1,8,2,1
17,43,24,45.952909075566424,0.11841999236419046,1,3.357730711541046,2.9466597716035694,2,2,3,1
7,25,95,51.169749190464195,0.08425331826540286,0,3.4522593247936686,2.240085176643289,6,3,3,1
6,92,39,40.98638883326842,0.04651915216248348,0,1.9917213449621654,3.294669768775662,4,8,3,1
7,15,16,48.70516739379349,0.09046308859739018,0,2.8772522605359567,3.553733583998205,1,4,3,1
8,52,47,53.76102816505771,0.05597690446192497,0,3.276311167779961,3.3860552283738423,8,0,3,1
20,13,46,50.58790371275906,0.02552008063022203,0,3.2906489538984607,2.7593754054180275,1,10,3,1
15,224,44,54.04142997777978,0.05855670841267749,0,3.7615366141971167,2.1269832789553487,0,8,2,1
7,26,98,45.06047775956031,0.09264292290533217,0,3.885132973125171,2.872085778671586,9,3,3,1
9,25,17,48.02110979721443,0.021400484711895207,0,2.6769419194784483,3.566256768833109,5,0,2,1
18,19,68,41.130595895588435,0.058263878104762495,0,2.9278585417267915,3.179024806499353,6,8,3,1
19,34,45,57.31202846181356,0.014318529872330713,1,2.821508431515146,3.005065520284759,10,1,3,0
10,158,32,49.48624964019438,0.10112177195234551,0,2.794331943114695,3.286324070922574,10,8,3,0
19,94,9,46.15043766563349,0.09825665074890609,0,3.4870537094882206,2.830595962685414,4,8,3,1
9,99,4,44.727389712299534,0.08081469364440784,0,3.9742774847634568,2.968710473242027,5,7,3,1
11,61,135,34.337769514232306,0.1104026856081964,0,4.145083918122895,3.345233244830733,0,1,2,0
20,63,30,34.14834127596312,0.04799397168272396,1,4.092415429452752,2.6800012011917618,5,4,3,0
8,32,64,39.533998095836665,0.015837217991770562,0,2.5628155421194414,2.765693189028811,3,9,1,1
7,123,86,42.29160867521367,0.11707587514793845,0,3.2622301172118915,3.5765205717403497,8,8,3,0
9,84,3,48.24371862187199,0.06156905642112404,0,3.590485531656313,2.6557527929386358,3,4,2,1
16,72,10,49.04202274272133,0.057061809048996444,0,3.8806181268540167,2.209637453664562,0,2,3,1
20,8,0,44.9992194613057,0.007646826899614804,0,2.2290273881186264,2.354441305031936,7,7,3,1
18,40,16,46.6165873193457,0.06844522179866651,0,3.1132900817428433,3.15346872631385,2,2,3,1
18,119,6,44.10128724395534,0.0773689300218562,0,4.2299071180997085,3.5592686616427476,2,1,1,1
20,199,10,50.480655459339864,0.05678257073308685,0,3.4535839763223812,4.0920365373940255,0,1,2,1
18,73,59,41.34911818369495,0.10924906359189147,0,4.189688173961144,2.664012486593905,8,10,3,0
10,87,19,43.42918251670564,0.08908529034790659,0,3.837834265232439,2.08833962991489,2,0,3,1
17,112,7,45.9558919984799,0.004634497178374879,0,3.1999990614188722,3.98840620900795,8,6,3,1
10,21,16,41.138980820484534,0.06510832474347425,0,3.76405318504663,3.462580050524519,0,5,2,1
17,27,14,37.543154452866105,0.11924077924361338,0,4.044479287267292,2.879394662869637,6,3,3,0
16,19,32,46.78475258712557,0.02396972336614219,0,3.3184246122551873,2.8035694843327814,1,4,3,1
5,53,4,56.26431157305676,0.07406097364063638,1,3.148987351115178,2.818845475482527,4,5,2,1
7,71,46,45.56338428946332,0.032819411269603284,0,2.976362765009238,2.859347043378762,3,0,1,1
18,37,7,48.736806734918076,0.04457801281659035,0,3.930540348646113,3.1114916569517397,8,0,3,1
18,40,32,43.30713665080088,0.004036138152690642,0,3.9495515361663567,3.1988243145023048,8,4,2,1
19,23,0,46.99311810391199,0.08255004641579472,0,3.0650880691600513,3.4773146248108655,9,6,3,1
6,93,31,37.92710575034909,0.091887024952937,0,2.876370826191033,2.797478156865061,0,0,3,1
15,15,7,39.6026431675777,0.09275000901749773,0,3.204411677875905,3.6243560108736927,9,0,3,1
18,49,112,48.05124408063645,0.11646512521103454,0,3.3755328554111443,2.7555953459816416,2,4,2,0
7,164,63,43.81414811135749,0.10054532044845131,1,3.852515126758437,3.200323661636302,9,7,3,1
18,177,40,36.67473383000731,0.024912719017230436,1,4.293037291149713,2.039946032795298,9,10,3,0
17,66,34,42.904391254247344,0.02766677425383718,1,3.1601232483724804,2.67534714731278,2,3,3,0
7,10,21,49.61446504556117,0.09215878491716577,0,4.325987338958716,3.1497455871422084,2,0,3,1
21,48,11,41.87236809975248,0.0932287648229398,0,2.953836365273955,2.440503560322771,1,2,3,1
19,9,35,33.659188523688414,0.014765069152868184,0,3.818962171275139,2.5712803624433334,1,3,3,1
8,61,1,53.78341828173581,0.0007958791109593876,0,4.12631153986983,3.385941822279108,10,3,2,1
19,29,15,45.57255824204157,0.048165649897946874,0,2.994509587055545,2.302573859994492,4,5,3,1
21,3,94,53.143864569406034,0.08336086865484219,1,2.9454977483084495,3.1162295225337133,0,8,3,0
9,70,21,46.76224853404297,0.1039997314546381,0,3.5968244773226115,3.6361548317879158,3,1,2,0
16,61,23,41.75101653511587,0.01983961528955463,1,4.046784604550123,3.5147920755538893,0,9,3,0
11,47,38,46.77315308618516,0.09783493071408803,0,3.41157721470284,4.053824791557483,10,10,2,1
18,93,9,46.58714849490063,0.08213453306015375,0,3.937464824681338,3.0158523219987803,7,1,3,1
7,54,9,54.17145913935127,0.0199146332857305,0,3.835890434091223,3.267676124046327,5,4,3,1
20,25,40,51.42613716763458,0.10479394669722576,0,2.765164779035975,3.1290753537943146,1,4,1,1
19,43,27,48.427513041488176,0.1119586340777742,0,3.501732088140781,3.187559702390204,2,2,2,0
20,206,0,46.91840609335469,0.031896820622525246,0,3.9984200455773635,3.1950297265090954,8,8,3,1
8,24,36,45.40318040159328,0.017842944256656685,1,3.044883173251329,2.3723118616523684,9,5,2,0
7,97,31,42.10106720925827,0.11611514861701894,0,3.13687921272082,3.123113926176833,8,8,3,0
8,12,11,50.38060361042075,0.0027461235244291824,0,4.0722471852961135,3.883795029606348,7,10,3,1
17,99,64,42.8858713384024,0.11380795186040003,1,3.4179513767310596,3.320616908919979,5,6,3,1
9,54,52,43.78564998984079,0.025946981175578632,0,3.719727351235458,2.72106627672468,5,1,3,1
19,34,96,45.34310931101257,0.05257563215890764,0,2.623442591189369,3.4079378384676984,1,9,3,1
10,17,25,41.870274887899754,0.037002218536161126,0,3.770006815475696,2.0970355501126967,1,10,2,1
10,111,28,42.763238437097684,0.018444972085331728,0,3.1368044248863955,3.263229702995822,8,10,3,1
7,71,16,45.01182999926579,0.04229723695888381,0,2.7117757694590297,1.9005987844060002,8,0,2,1
8,73,35,44.6048986055475,0.06470973927012465,0,3.3768548031653918,2.4103513875477605,0,7,2,1
8,23,12,52.27878212965295,0.011259220550997564,0,3.9107492409301003,2.6542559598041717,5,9,3,1
7,56,25,37.3606152103671,0.09710128229422416,0,3.9592331319407017,2.5216307126876623,1,3,3,1
8,58,48,47.811810635859445,0.09604578379000918,1,3.469171434516815,3.3827581170094714,8,6,3,0
16,148,5,42.590929961597354,0.09569779992189904,0,3.2534836742522657,2.7014282180430227,1,3,3,1
19,131,46,43.260733303563214,0.08237385131061005,0,2.746956464642803,2.3081463331288647,5,1,2,1
20,4,25,33.11308415869447,0.05463148477137525,0,3.7870704684708634,2.752318981942538,7,6,2,1
5,18,127,41.27312542009079,0.10004690424918612,0,3.449930468543646,2.8542924200239153,4,6,3,0
8,61,49,47.595432638642684,0.10222187870666702,0,3.397158167017332,3.093829303462018,7,2,3,0
19,69,1,41.54034950858742,0.03425483959581532,0,3.311404836625633,2.7147412416404575,10,2,3,1
8,18,130,42.61849792312702,0.0577140301142725,0,3.930937380933,3.475362933741228,7,1,3,1
8,49,34,43.47948863403179,0.024355544463974935,0,3.8430916694104647,3.1605268015717893,3,10,2,1
17,8,92,46.012778217613764,0.030694850882705578,0,3.98639913197104,2.847192665474902,3,8,3,1
20,207,40,53.31386214199345,0.028674448898544987,0,3.855938836368126,3.4709396902053635,3,2,3,1
17,85,42,44.634156349803064,0.09923366261282184,0,3.3064365789591026,4.166216446883058,5,3,2,1
8,55,6,59.452163477884866,0.030097855962306536,0,3.240965428882826,3.0028710712277413,0,1,3,1
18,36,16,57.928047935872705,0.06555766018833108,0,3.4262798468330797,2.0459086954125354,0,6,2,1
8,182,8,53.19514705604243,0.0753895420357526,0,3.457209663941097,2.938451737267311,3,6,3,1
9,51,2,50.08830955176075,0.08936192445017317,1,3.8820734191884023,3.7542903744385137,8,0,2,0
18,77,41,46.731634474096325,0.003480873041384629,0,3.469914221146542,2.8025898134216454,9,2,3,1
16,205,114,52.5929464080488,0.05708969388377229,0,3.437628510773438,3.056045143257822,8,8,3,1
7,166,16,55.56094258399373,0.03511304426574307,0,3.6851907520710347,2.2907109924380387,1,0,3,1
21,121,43,45.55812725817395,0.10007687020127705,0,3.7274565892674465,3.2449452300729487,5,6,2,0
8,92,131,46.33508896933466,0.004409883702033097,0,3.123920837684723,2.556343942184884,5,8,2,1
18,191,30,48.85600849684623,0.024839292420906812,0,3.297556467553643,3.559844025958821,2,7,3,1
18,71,5,44.49456584693946,0.037891048636193116,0,3.028254220856901,2.6552151588245425,3,0,2,1
16,47,48,52.386751162761946,0.00934096987725649,1,3.1828409320980198,2.1696065296742613,3,4,3,0
19,9,7,38.84158202371586,0.047450139774875284,0,4.0752392572795335,3.162177467093309,2,2,2,1
11,42,20,46.72462352547961,0.08925220842255709,0,3.8631077194639216,2.755482939921966,4,5,3,1
19,18,26,39.06201376044104,0.02547769446749135,0,3.8107303140770172,2.289333609035981,3,1,3,1
15,88,95,44.805816783439965,0.09053624499746096,1,3.8741288495371595,3.414927421241211,10,7,2,0
18,74,72,41.31886689652469,0.06348170511387406,0,2.2669192267861327,2.870269754400597,6,4,3,1
9,21,24,44.72095410635558,0.04136686348821289,0,3.3892378181154577,3.5402066312558573,6,6,3,1
6,173,38,36.61960022125564,0.04425672757917858,0,3.5872859443233565,2.7357462867098907,4,7,2,1
15,73,3,47.99462933527684,0.013956614895160317,0,3.056235676828216,2.8340751842617213,4,2,3,1
20,53,39,43.0760314450623,0.029973720940741407,0,2.7070903904566324,3.251356690512283,4,9,2,1
17,6,49,50.312201540986074,0.0877469271279443,0,3.3543240458827253,3.2972954788108764,0,0,3,1
9,32,29,44.7271045586211,0.1035294745913968,0,3.8154866380031724,2.487903292332798,10,9,2,0
6,140,38,49.2050344468026,0.03187178238785092,0,3.952227876363211,2.960866522826786,7,7,3,1
17,28,33,42.673407993133374,0.07064031407175612,1,2.819339756023024,4.364038012203824,5,2,3,0
18,64,22,49.00380327883043,0.00416720513273023,1,3.6549129644778735,3.8737946319797167,2,7,3,0
9,47,33,55.54465383051388,0.009288748923209278,0,2.813738305377421,3.2210099041597076,0,8,3,1
18,45,24,41.18197034176685,0.11572407271608186,0,3.6623966505962335,4.1271314432393815,2,6,2,0
9,46,42,49.0546924142676,0.10758073164503797,0,3.118099570908932,3.1332654671263795,8,4,3,0
17,135,13,38.77990964911333,0.009753880390687324,0,3.7707895990120885,2.616121002414965,10,4,1,1
17,73,19,44.31359695231699,0.0986793563667559,0,3.6424963780872104,3.6652787073492594,8,9,2,1
20,47,38,35.762019273723254,0.012300385132901055,1,4.33743521642889,2.2514565124667714,4,1,2,0
18,163,71,48.31928859890991,0.09942051959415446,0,3.485232512362174,2.5570802167300104,9,7,3,1
19,85,2,42.044533167320665,0.10962008497626521,0,3.712682186081632,3.0643000520669497,10,3,2,0
19,76,6,48.736309063566594,0.018370269252074065,0,3.8131743944763365,3.712969807497119,3,1,3,1
19,85,48,46.523059520240494,0.01766794818033977,1,3.260007965690372,3.625350671180062,4,4,2,0
17,45,29,43.79603704663587,0.1111886680394605,0,4.0481263012738395,2.333921424454781,4,1,2,0
18,71,19,48.88783536224892,0.03617181680647741,0,4.696668765831724,2.4980442506562306,4,7,2,1
11,97,35,50.31053256202198,0.056718659132261894,0,3.3730309731078814,2.4151098930561674,6,7,3,1
17,10,12,42.90470290581553,0.036532751905698636,0,3.0798101463089993,2.9955032148912863,9,9,2,1
18,76,25,50.50188067253324,0.08992032059593225,0,2.3235403201461686,3.104034192444607,9,9,3,1
18,6,10,43.86702443344769,0.025330384121019307,0,4.608671942979778,2.833391719576393,1,10,3,1
20,54,47,31.293957027475976,0.05929441132013329,0,4.029478612953905,2.714309820549384,0,9,3,1
20,18,8,46.0795319314184,0.10205563373100734,0,3.5969280955295075,2.639896852783811,4,7,3,0
20,63,21,41.7605703632839,0.1131177630599213,0,3.9269966259709195,3.733589837232679,1,9,3,0
8,53,7,43.08390277519316,0.04232828152909188,1,2.921460207409198,2.60174344864584,0,6,2,0
12,14,11,34.91095287536887,0.013676435539091765,0,4.1491166508860715,2.269400490631843,1,10,3,1
7,93,28,46.49523543509367,0.0971623850579872,0,3.603479062327342,4.145753491315947,6,3,2,1
6,69,1,41.55221329036089,0.013290033130764893,0,3.3521989784058026,2.9895647559866587,3,6,3,1
17,68,31,42.38488494441058,0.09351449261469527,0,3.55271704877055,3.1737784775487885,6,10,2,1
16,73,17,50.285427863840255,0.08267851702774849,0,3.06624622066983,2.609098803336782,0,10,3,1
10,92,14,34.46392252847548,0.06930715006098535,0,3.106774317756309,3.0815773503470645,10,6,3,1
10,203,40,46.85891762877415,0.11273873860984626,0,2.8726766352010893,2.532442490164317,10,0,3,0
7,20,144,46.95666166694895,0.0386871844408237,0,3.594474572393442,2.4849365743585805,10,6,2,1
6,76,40,46.187076867325366,0.011199518254635764,0,3.5703496924448452,2.636543136677208,2,9,3,1
7,198,50,50.52889391684974,0.11779249762876072,0,2.5762346887304735,2.5065747275760817,9,1,3,0
20,7,68,49.42109812562711,0.052937740470115166,0,2.7306011971811928,3.5806212873445835,4,10,2,1
9,87,37,45.6498370596589,0.052006923583356596,1,3.978919255157276,2.9733441724930723,7,6,3,0
18,18,8,41.240570824188254,0.01074356922423786,1,3.835790839486488,3.5769415033641594,2,10,3,0
8,89,41,42.75787859332598,0.0892262916319428,1,3.2986269158266834,3.2802388890871277,4,9,3,0
9,38,30,44.884130861029604,0.08641411109155275,0,3.9401785009291883,4.385147372032607,9,8,3,1
18,74,25,33.33542087956944,0.01743555858841991,0,2.6541700557749115,2.7518766466316977,4,3,3,1
4,25,24,42.498105936975875,0.028056803424254886,0,3.967619808054081,2.683683968070384,10,7,3,1
18,54,54,50.97817899719095,0.001969735908677239,0,2.2272111354554713,3.295043249451995,3,5,3,1
18,84,28,43.04402973524919,0.10676746560893081,0,3.4339810368901733,3.2892733797777796,6,2,3,0
19,23,20,49.03645514336351,0.02934337109042215,0,3.989733120899778,2.8241013250654827,4,6,2,1
10,61,111,49.362860636603415,0.11124490783909889,0,3.6852659119480724,3.297313838205901,1,5,3,0
7,51,47,51.05754699498778,0.068540354456792,1,4.089979799439072,2.4025322126947035,5,8,3,0
7,43,115,43.4101600568667,0.05104891652516736,0,3.3975603607346696,3.2119753003160243,3,2,3,1
18,72,9,43.735528319800736,0.0009396588603473298,0,3.470575750619127,2.6288003742549417,2,1,3,1
15,75,13,46.545639320056964,0.01107267403403651,1,4.1188393121722395,2.830305190355223,4,5,3,0
19,92,63,41.021594920762645,0.019042089072343307,0,4.027201744011483,2.481688999770389,3,8,2,1
9,17,9,41.49514794794633,0.012683550903132054,0,3.295704866077114,2.6667727605169005,2,4,2,1
9,5,34,50.00404808688482,0.030744402063047144,0,3.69634502373737,2.5614416417215153,9,5,3,1
19,88,80,41.52363639498779,0.018550197747095466,0,3.1513834686771673,3.2562400901113584,8,1,3,1
15,88,75,47.55262782066073,0.07966004908850585,0,4.119290363998805,3.872360878813976,7,9,3,1
7,71,28,46.986764311873955,0.035643774965719244,0,3.481071458228185,2.228581474635085,3,4,3,1
8,38,96,44.951891585089434,0.08619499414622883,0,3.6882419514960634,3.3669110543800067,2,3,2,1
18,13,89,46.33548682188281,0.016259129381095437,0,3.3856361006338447,3.469075709708539,6,10,3,1
10,32,15,48.40969406112088,0.025092901434801664,1,1.8754675038801294,2.8760308184525467,3,8,1,1
18,64,74,52.19011731631741,0.09449395503221159,0,3.0280953318715755,2.404843564451451,8,3,3,1
6,91,82,40.29947907867633,0.07608922833167073,0,2.746460471406043,2.5293997569634503,5,7,3,1
19,87,13,40.12243343233949,0.01157364599901869,1,3.647844394535894,3.3175007787497544,9,10,2,0
18,55,3,44.50463146523377,0.11513003774988802,0,2.2726256124154096,2.6808759869518552,9,7,2,0
18,2,84,46.76876607410771,0.09150414450432331,0,3.6428596368934,2.911686380866728,4,8,3,1
8,37,28,46.40877020022249,0.06631744904067864,0,2.974637966378686,2.162628611208692,10,1,2,1
9,235,99,53.59765781367207,0.04114929078487104,0,3.6807122113050252,3.232210452779551,7,8,2,1
8,50,11,40.20677210150466,0.011272943048981396,0,3.5146213562144726,3.506520947953405,6,5,3,1
9,28,11,36.740007773045875,0.04298421832656074,0,3.4468754598594513,2.5274267264896113,1,6,2,1
10,0,124,47.5689898729699,0.038762743424466804,0,4.030449213835169,2.707991231475033,10,3,3,1
10,150,25,46.115444117040965,0.009404592116038684,0,4.011518614339822,2.2643357388376666,0,2,3,1
16,204,25,44.31669254813179,0.09405100656637096,1,4.151107680108405,2.8350442561792097,2,5,2,0
6,12,33,49.03719442072638,0.04984026848429069,0,3.1356718297674147,3.0448970559114117,1,0,3,1
17,16,12,36.83211303408489,0.10674186677208873,1,2.9216724349360454,3.084015600773377,0,7,3,1
20,91,67,36.34166953313695,0.0189555992847964,0,4.018308917142225,3.5539161922815428,10,8,3,1
17,18,23,34.992667866817506,0.03810869263080142,0,3.1452323050683364,3.58744209655068,3,2,2,1
5,52,50,41.4523819759735,0.033484389288296744,0,2.782596370590421,3.2462786987654866,0,1,3,1
8,89,49,51.1085280323713,0.10381938208175766,0,2.8906748129467026,2.21284242154217,1,3,3,0
7,121,84,37.58422101677434,0.06092802484472364,0,3.5821868167247817,3.2398905442332078,2,6,2,1
7,48,20,45.19365751540671,0.017018623204530504,0,3.3865467926548796,2.323748509917083,0,2,3,1
8,167,26,46.52467851175689,0.042893619762391005,0,4.041294784438912,2.9471629919056612,1,3,2,1
17,55,137,52.735366157291786,0.11318190364073247,1,2.8229035287234785,3.144395008205791,0,7,3,1
7,64,22,40.68976618224589,0.06617847673693185,0,2.7511336222444354,2.8011258766616067,1,0,3,1
20,22,4,40.48957112980203,0.004408026527937441,0,3.3654700607356745,3.76953808920088,4,1,3,1
10,33,66,50.17520027772251,0.006941398281855897,0,2.5187886809790903,2.8574246414227757,10,9,3,1
17,50,33,39.63857666121236,0.028281686363329953,0,3.2519326309452845,3.0707874577317082,7,4,2,1
7,7,61,51.04732810135148,0.07455892794149581,0,3.931673276508628,3.687104097956985,5,6,3,1
19,93,4,46.78451599580414,0.02943128436711483,0,4.55798320971662,2.587841868882548,10,6,3,1
17,51,14,36.17208498380571,0.1020137462500026,0,3.2938332102770076,2.8635647654113674,7,4,2,0
9,52,19,48.26594823246989,0.07553062385673345,1,3.2544485352932386,3.5669679580967797,3,0,3,0
17,37,21,47.25846418550537,0.03608767140566392,0,3.5538253105865394,3.2524154521997706,8,0,2,1
19,70,135,43.789599064556434,0.047272163077177694,0,3.8297258834566437,3.027708821513868,5,5,3,1
7,67,18,41.86966400733753,0.04503092664774452,0,4.035409918698948,2.2216208011943017,0,7,3,1
19,168,90,53.077526268835065,0.0377020541490843,0,3.176852203991368,2.86731861679036,6,7,3,1
9,288,98,32.7565431846501,0.0755863542817491,0,4.026638455736996,2.396423211258759,7,0,3,1
7,81,44,37.436517753477716,0.02420090978082679,0,3.242654782635538,3.4140387692531897,10,4,3,1
10,144,5,42.35735298775292,0.035053209340536996,0,4.299831014109664,3.0205205612211405,1,3,3,1
8,50,84,47.41761341685691,0.01022837119583273,0,3.9700747233249065,2.123682265486963,3,1,3,1
20,63,31,44.9876560001704,0.045124392556559575,0,3.0923660351919198,2.08756298349249,7,8,3,1
17,2,44,41.46725604764393,0.00772613980654032,1,3.5581169897427,2.6458931502472667,6,8,3,0
19,15,7,47.649729482363725,0.0021486584834843423,0,3.2817531660527046,2.3191418392006082,5,2,2,1
11,93,39,36.31225799784185,0.07751756483744227,0,3.792608941066023,2.711300261278058,2,2,2,1
9,30,17,46.81743169128188,0.019494588532090566,0,3.352149923333567,3.2611368110905126,2,9,3,1
17,41,26,43.499975170128714,0.004223723155449424,0,3.1344872444915195,2.5343001229699156,10,6,2,1
19,205,32,48.35524833784582,0.008199998512590753,0,3.76608725221546,3.364132950786057,1,9,2,1
19,50,44,47.468084127908604,0.02390524486632095,0,3.6718076430605637,2.7351046037930793,7,1,3,1
7,174,64,48.80903908780082,0.08650572336752324,1,2.8555027844314163,3.1584954272241603,0,0,3,0
17,71,38,41.94654702237535,0.001423477372733659,0,4.183534970089205,2.20127088110264,1,2,3,1
9,100,9,41.31620821807719,0.08718239705444847,0,3.9521162838877877,3.4755575372889878,9,5,3,1
7,89,11,45.972226095040604,0.07164697807737405,0,3.887076703180921,3.6547134595746,3,1,3,1
20,244,37,37.7109241914567,0.06166911009323606,0,3.40248376161909,2.832241726975438,10,0,3,1
17,93,49,56.07633126049869,0.10911400827906576,0,2.94838340895219,2.711911783698463,7,1,3,0
20,82,28,53.03896396621399,0.09955052923724411,0,4.0854487002685484,3.0235717864951086,3,2,3,1