accident_hours,rainfall,wind_speed,driving_speeds,alcohol_levels,traffic_violations,lane_widths,road_conditions,mental_states,riding_skills,accident_types,falses
20,26,46,37.21802575110376,0.050252461896651106,0,3.1570327103580795,2.8738312968866415,4,8,1,1
17,296,21,46.140530724776646,0.0008040341396183103,0,3.0743024746805068,2.7543678674874736,2,3,3,1
17,39,11,50.91115846611293,0.08526917361776698,0,3.5930699957360708,4.173754189530378,8,10,2,1
8,90,9,43.037511834119435,0.005727137163542179,0,2.5985452943543175,3.4987612351975033,0,10,3,1
7,107,16,41.250317987087065,0.03336647083263916,0,3.6453494733549263,3.1903773016539816,2,4,3,1
8,76,32,50.903255117418084,0.05916414357437913,0,3.1170515895005533,3.128734868321009,9,8,2,1
20,228,46,51.764552327459036,0.011920948799209113,0,3.415191744522104,2.173742110923042,10,7,3,1
19,40,17,36.9397448265922,0.0815125913936982,0,3.899869385681559,2.8112148175823597,4,9,3,1
17,59,9,45.58693946326546,0.03856428380466645,0,4.130961086737829,2.740376861747774,9,8,2,1
10,84,0,44.39637776686543,0.04339928582857325,0,4.051847925841498,3.5462253899973173,8,5,3,1
6,29,11,36.20762967973078,0.0777989784165336,0,4.206941150641314,2.4969319776746888,8,2,2,1
19,75,38,36.96707714349988,0.047789028023113925,0,3.4782436203329126,3.224485202118307,9,1,3,1
18,53,20,40.39558161725436,0.02694836801364633,0,2.3081678393275222,2.596315851369258,10,5,2,1
8,34,0,45.07877122060922,0.021210973991548195,0,3.4002683451732714,3.1389775452992095,0,2,3,1
18,4,19,51.45772718716918,0.08688503186350414,0,3.8283611883838726,2.685707608829921,3,3,3,1
20,188,73,31.09212166535943,0.09007018985038821,0,3.1996931809235725,3.1065951469472335,7,7,3,1
20,99,36,45.59323703703425,0.02348402659777053,0,3.305001235410412,3.0750347428712868,2,0,2,1
16,98,29,40.23756926554381,0.03828078450578766,0,2.887199093183547,3.2247668658784705,5,9,3,1
19,51,30,47.65619328502635,0.1147929747056764,0,3.85113071391928,3.5317768665189524,6,2,2,0
9,232,25,50.09077076786376,0.1181075218755542,0,3.163076326017154,3.3449342799388377,1,4,3,0
21,223,88,50.24020536131118,0.07023694564779182,0,3.3602200307229255,3.453406963276845,7,10,2,1
9,92,12,44.51214322966349,0.0908334666138816,0,3.788208780588262,3.7392593203489675,0,8,3,1
10,56,85,43.320980932977285,0.08979038761687101,1,3.4591504572985787,2.9311777363828426,0,6,2,0
9,135,44,51.66448645699767,0.04746737681650389,0,4.2892522858884226,2.9884077304596195,8,2,3,1
8,30,98,43.34426214716979,0.005811461244553597,0,3.308165334301304,2.434906021485236,7,7,1,1
8,76,30,45.28024573802019,0.0888844656470179,0,2.59491843705354,2.7229234112784186,8,8,3,1
16,18,20,42.68912121277535,0.016292805890631458,1,3.8475752207269744,1.978745147269952,0,1,3,0
7,49,18,46.675803428519096,0.03485981192481328,0,3.5144931306443934,3.487236884211765,0,6,3,1
20,51,26,38.16648876679617,0.03786522529623915,0,3.851531800613182,2.8118005443707164,3,4,3,1
18,61,21,43.53229027060911,0.04189105350721895,0,3.2825093152738445,3.716502203322331,1,5,2,1
16,225,21,45.46107257474726,0.055881825643728844,0,3.6567215459489635,3.104381331020693,3,4,3,1
16,216,49,50.1694219978815,0.060193283339194985,0,3.3700338267557712,2.589880261741015,6,9,3,1
8,66,4,44.14103262972346,0.05802287344538542,0,2.743422021327155,2.213670881547369,5,1,3,1
15,81,10,32.73023894225809,0.019542098178712886,0,3.8280046909895717,1.9325534953979435,0,6,3,1
8,26,36,42.047795148671945,0.07785635341275451,1,3.7799060719763378,2.3545475868647734,0,4,3,0
9,81,16,52.29489241893825,0.09482706446638284,0,4.01121337916821,3.241202795094243,0,0,2,1
14,18,38,45.78545799386642,0.055408891252542634,0,2.2637548481182663,3.318859893683659,9,3,3,1
10,119,13,41.37914964644754,0.10059836676058886,0,3.4948446546496696,3.0685714711562366,8,5,3,0
8,99,66,39.95530470049599,0.05331082155332143,0,3.27191555132812,3.1133271857498426,8,7,3,1
16,15,4,46.867763006946845,0.06819827339679374,0,3.963705712005012,2.341542219484726,0,4,3,1
7,59,128,41.5641386710836,0.008345971517986186,0,3.5654955080760162,2.4918450508614796,7,2,2,1
7,20,71,45.13671331822979,0.017621484115325572,1,3.3118707842837845,2.6106585820700774,6,1,3,0
7,73,30,41.16837035740248,0.09207998833633631,0,4.300773086138402,3.194030521019817,1,10,3,1
8,38,0,40.53857937823145,0.029901413840879583,0,4.472948983717164,2.3822621009436036,6,1,1,1
19,63,6,43.07200052888122,0.01125318244457688,0,4.269895304808715,3.2986248559542792,0,2,3,1
21,62,76,44.38532238979046,0.06818968941900304,0,3.6819161492722983,2.3869406002594435,4,9,3,1
17,190,29,44.72130919056544,0.011327035673988347,0,3.2811693141214144,3.5453982067219965,7,2,2,1
10,103,39,43.60824381159189,0.08208888016263467,0,4.522224704534365,2.5043636663474182,0,2,3,1
21,55,35,50.48716610382103,0.08270094612779375,0,4.185846247447667,2.527825893048444,5,2,3,1
20,10,57,42.95770311477261,0.05436695335642505,0,3.941621745749568,3.353007155642209,7,7,3,1
20,104,91,52.19864318058945,0.08229204134952116,0,3.3193261479563905,3.0054144212545055,0,8,3,1
16,124,60,44.19101455731679,0.09592485199572397,0,2.937439843396167,3.033108971088397,9,5,3,1
19,276,17,41.69109069643279,0.02372103736742283,0,2.8945059245347355,3.320070300797215,3,3,3,1
18,37,5,46.483240217652565,0.07794398443405022,0,3.5106550314296694,3.0078322074405084,3,10,3,1
6,90,75,48.741071848520754,0.08308167411801867,0,3.7764484190832346,3.552200520023607,1,2,3,1
17,69,1,40.91217653767501,0.023334159826184635,0,2.518193026521349,2.718478483002807,10,10,3,1
17,67,26,37.82824048319071,0.08722519412941482,0,4.0028904695424155,2.995161756548394,6,0,3,1
9,20,73,49.98276253889726,0.08634557666295141,0,2.7426507496585826,3.3709738024714766,6,2,2,1
19,63,92,51.698487652309645,0.018870315577339446,0,3.381729778040925,3.6625527765565855,6,4,3,1
10,68,32,47.688540872968595,0.03809131597179957,0,4.125738374151846,2.5031274810925446,4,10,3,1
9,3,50,41.27311690887413,0.11293828645435162,0,4.61443464547742,2.8130138769867106,4,0,3,0
10,186,9,44.24178120695715,0.008537220318818975,0,3.5650405590045833,2.9829929915433526,5,0,3,1
8,60,109,39.00669110661118,0.02747361064375951,1,3.4274564492805912,3.004477542110786,1,5,1,1
7,86,1,50.15003426655888,0.0694560834684559,0,3.4507203774301494,3.145001426725245,6,1,3,1
16,71,71,46.09395859476041,0.1162440961674041,1,3.4424879959562222,3.488302163332311,5,10,3,1
7,99,30,47.24540294887312,0.03085738246574669,0,3.905645684283025,3.183951513761602,1,1,3,1
20,64,16,45.64829054398947,0.09801371699280614,0,3.2033116298616107,2.7997252388235196,8,5,2,1
10,145,47,45.01863660115338,0.04408250617377553,0,3.19049367357503,3.3529793365175142,0,8,3,1
10,98,23,46.04457115263485,0.04229831919640049,0,3.1731610419590868,4.186288400850923,2,8,3,1
8,31,128,44.99754026793762,0.119526833497988,0,4.0136962092654915,2.79103188410593,1,9,2,0
8,79,21,50.83666013628709,0.09806604632518916,0,3.7368382374351463,2.6932517738216863,4,5,3,1
18,55,29,37.986772874633935,0.029823449366443322,1,3.6755921616806164,2.4737954346363065,7,9,3,0
7,40,57,40.665819868444174,0.022278256054152304,0,4.434034370559594,3.6688032470634924,2,3,3,1
19,25,16,43.18634378693886,0.010089712662373821,1,3.8219344643716786,2.4716328738318527,1,8,3,0
9,121,32,44.073555719121984,0.05792418387147891,0,4.526021743535873,2.746417253832341,6,10,3,1
6,11,3,50.00931128797727,0.040141085650890494,0,4.188081011690909,3.3142022152837263,7,1,3,1
18,67,42,38.18488869306786,0.04569858917183861,0,2.9831653120647346,2.4696383821288856,10,8,2,1
20,98,14,47.712358641171335,0.05176912014759558,0,4.009459727252028,3.302657632509841,6,3,3,1
17,54,47,44.30473558046206,0.11892522370337871,0,4.220562809491035,2.994945767203366,6,10,3,0
16,0,12,49.265376230388945,0.00034470760524726526,0,2.856273213211823,1.788064448931656,5,6,3,1
20,91,16,46.9707586430865,0.05112773889121763,0,3.8297141729641573,3.5572108084858853,3,5,3,1
17,161,16,44.36264963071054,0.007796757277549955,1,2.757565061172381,3.498082000902501,10,9,3,0
8,78,18,40.03042529779801,0.08076190926224991,0,3.649500931435475,2.5897000720852406,7,0,2,1
22,93,37,46.71235692684574,0.0060514558728905765,0,4.065843787795376,2.62576458481639,5,0,3,1
22,29,44,43.02015567649398,0.09201974853428957,0,3.068576306474317,2.808078565131503,5,4,2,1
7,254,10,44.46343944663106,0.1041342077844149,0,3.855819855930103,3.3928120234738897,10,4,3,0
7,127,43,48.913158875222585,0.11649618926893934,0,2.7538190180852027,3.2655292905374793,5,3,3,0
6,165,77,52.37834011866544,0.014504480883721058,0,3.67409724963535,3.136092303975928,10,8,3,1
19,11,49,36.84626879393838,0.11746697732007352,0,3.684624939421386,3.4870643624926108,6,8,3,0
17,145,7,48.93362162114374,0.0494802917130572,0,3.5716301761615137,2.446081118310082,10,6,3,1
6,36,109,51.49246629991828,0.07590945826842735,0,3.1525719830598793,2.4689453940178234,7,9,3,1
10,130,44,44.17719270904713,5.7046739349431164e-06,0,3.876985324717559,3.726838984182843,1,5,3,1
19,47,94,39.23468948184734,0.04443105833560246,0,3.896652845446927,2.70681899165724,6,10,2,1
8,79,134,46.79736912084249,0.042347593336796954,0,4.444073204323173,2.8674780153636337,10,2,3,1
9,47,5,44.08581786285006,0.060456700679907084,0,4.819896777523149,2.847024220553976,3,3,2,1
8,184,132,62.560979484844545,0.01591108807898432,0,2.9885111401854547,2.7649797951860755,3,4,3,1
9,1,29,46.670634002080135,0.08282230368623084,0,3.1700962883229726,2.9787814430489354,1,9,3,1
17,194,10,42.57741795453951,0.07148430430677429,0,3.3353662700636435,2.866379083323791,5,1,3,1
10,22,8,37.65214895587753,0.02549853929754962,0,3.533417879842855,3.3226718569110907,3,2,3,1
5,79,14,40.13925213288139,0.11803633368149366,0,3.4438932543476803,3.920162577607046,8,3,3,1
8,48,19,49.42835023073154,0.0006711619863036099,0,3.692746489365784,2.898773776224672,2,2,1,1
8,53,21,36.33259111920593,0.04031016839250102,0,3.101680443099921,3.5396760517269072,8,6,3,1
17,74,4,36.501810544558666,0.031406982468689844,1,3.2661970337290795,3.01674282090247,4,6,1,1
9,62,49,49.98153464907457,0.0672047151519336,0,2.275802453114709,2.7729075563222496,10,6,3,1
16,32,113,43.12291822027464,0.10660795705635336,0,3.5917789704165375,2.4309603760307934,6,8,2,0
7,136,84,43.67031292194561,0.07893301834051307,0,3.1189559767227943,2.7338104629579707,9,4,3,1
8,89,35,47.89307888386405,0.005711319040158322,0,3.2994074738561854,1.6008140821511914,2,10,3,1
9,8,3,43.803016559422545,0.10360779129879001,0,3.9931960710370222,3.2641736652150697,10,3,3,0
18,36,102,37.02499974624018,0.03180960658505746,0,3.230953530268991,3.1320199006469567,2,5,3,1
18,59,22,41.69987891261306,0.013238916330134723,0,3.66952571478482,2.956478471921538,10,8,3,1
7,71,19,47.34505994947224,0.05190647658186524,0,4.1862619382676405,2.458227582997255,9,5,3,1
18,64,27,45.33392739179064,0.10784536678823094,0,3.813008939027921,3.020362926203552,2,5,3,0
8,43,27,52.495900372488265,0.004150051814635458,0,4.203041810210104,3.0995741005894,7,4,2,1
6,164,135,47.05890968336631,0.07507935454520287,0,4.355629576021035,2.9826696609172365,3,6,1,1
15,111,16,40.69427280436603,0.03989961068668375,0,3.5010724506272806,2.6101847646617924,4,2,3,1
9,82,45,52.03168331025837,0.07470874093627881,0,3.595952573622186,3.013365748769572,0,5,3,1
6,98,56,52.367170826371414,0.03196151860050262,1,3.7820053455458496,2.3125192052951986,9,5,2,0
7,1,42,41.47938419091928,0.11605153678906326,0,2.848178132928041,3.292526274494043,2,5,3,0
9,13,26,47.81389491820185,0.01365963424463927,0,3.8336489654237353,3.2199011046304413,8,4,2,1
17,100,7,48.33151011548942,0.01895927752622501,0,3.9495446475558103,3.8613795452446316,6,5,3,1
18,138,23,46.69887428737268,0.005480122465089385,0,2.6920637380612122,2.444369763176177,10,0,3,1
17,53,130,38.11347147046842,0.0953997407366993,0,3.132375483499445,2.767997012592275,2,0,3,1
9,71,67,59.94166754398741,0.011274817017852197,0,2.8505166052744957,2.9081546321786664,3,6,3,1
19,15,31,42.8613486806395,0.03319482192403156,0,3.7551041632970334,2.4991111829434893,1,2,3,1
10,85,48,46.80025384474013,0.024672159185802074,0,3.1602326780068557,2.4951482774901423,9,7,3,1
9,92,3,49.59451090815483,0.04242404686243732,0,4.199117565173687,2.8279634082409646,3,2,3,1
19,46,16,42.93346861232292,0.09189379825426074,0,3.909265222838105,2.3123030595704233,2,2,3,1
19,96,41,51.19984053309802,0.11402304335328865,0,4.328883279155026,3.43824845598277,6,8,3,0
15,36,3,44.995889433605626,0.1054644018761741,1,3.3053590761396086,2.858481530443444,4,9,2,1
7,41,42,41.82370498786955,0.10093988910219497,0,4.559141744303214,3.1661727019894395,8,4,2,0
19,22,21,37.862691398252736,0.050096481790662936,0,2.3894691070761307,3.126748840161598,8,2,3,1
10,178,33,43.11266806700662,0.09621824419207951,0,3.741085636637668,3.1190174147279146,1,4,3,1
9,23,32,46.815058463166324,0.09325811255321483,0,3.651237762915347,3.2785361839191776,9,6,3,1
9,41,110,43.4235998291299,0.029703683233143072,0,4.0005660629389235,2.7458420922887976,10,7,3,1
19,90,19,48.27305271657694,0.03148745595564817,0,3.2989845654051067,4.075948841192824,8,9,2,1
7,86,34,53.277064526780265,0.05987925692401015,1,3.975205107577521,2.946848426775264,8,2,3,0
17,20,38,43.48242655149212,0.11561731545026799,0,3.0398673703375496,2.587348832752965,10,0,2,0
17,2,39,50.72135116174926,0.01294820747428258,0,3.2705182168692346,2.336572032479803,8,4,3,1
8,27,47,45.89505143904891,0.11860797493939323,0,3.5402863984240796,2.250081671092072,6,9,2,0
18,75,33,46.5356383567794,0.01907154614428029,1,3.8308427745512943,4.702482879048669,0,7,3,0
7,93,12,45.056985644444,0.05827325318870748,0,2.8372039330487873,3.0892017824283884,5,1,3,1
18,51,23,46.97082318771422,0.036476620996242486,0,3.7061804088953774,2.647578663283931,8,5,3,1
8,90,42,40.906970613671405,0.05037044742516796,0,2.829676506331612,2.555531257311929,2,8,3,1
7,96,38,41.35474628977763,0.11494002360260931,0,3.014697975147684,3.327245447159817,7,8,2,0
6,11,40,41.99727764269694,0.07581626840163909,0,4.154238891028795,2.589127179269418,3,6,3,1
21,20,8,36.25206074873087,0.03570142754873767,0,4.014060078573144,3.2070679929861243,9,0,3,1
11,41,30,38.944268172390146,0.07541124339413977,0,4.188833380396457,3.327061464913598,3,0,3,1
19,77,70,44.54206442661623,0.05425849994220892,0,3.0325919848351353,3.123638636402435,0,1,2,1
20,81,30,42.12562783657668,0.11320319303440599,0,3.0846538820074523,2.038597460533298,6,8,3,0
7,6,38,44.770660476981575,0.042341396619000916,0,3.1328051530138206,3.6778387219309856,0,1,3,1
8,57,5,48.128925993809794,0.07013695451884887,0,3.647857902065384,3.2746412096293778,2,6,3,1
6,192,31,46.242442283519836,0.10193060872557949,1,4.247133963285426,4.021188672763154,5,2,3,1
15,4,46,44.45168931472406,0.11506110467179541,0,3.529932882701909,3.2908557858033505,8,9,3,0
18,98,17,35.76517531250599,0.09590016546985454,0,2.5816875027406283,2.6160598089812996,3,6,3,1
18,61,21,45.2482240591176,0.11226415469547253,0,3.5456408706771434,2.817068617636649,3,8,3,0
9,42,39,41.61799153537709,0.0556530416726269,0,3.471723940272662,2.929709520839447,1,9,3,1
18,94,49,48.462805482165706,0.09174007098893383,0,4.124452248570291,2.8514614249043753,6,9,2,1
18,88,25,41.014022101748196,0.011357955666573764,0,3.6840240962715005,2.680398965189225,5,9,3,1
7,240,49,39.27632525736959,0.07125761029477949,0,3.6647026577096997,3.130500171710828,0,5,3,1
21,44,36,52.100970456486316,0.001620354476491901,0,3.5554361482727197,2.704051333769875,7,2,1,1
9,28,8,35.98388313181286,0.03120558297931543,0,2.9827227771722757,3.7621481128323033,4,3,2,1
9,141,16,53.44851613625309,0.07986716366770984,1,3.4748310211149374,2.263534274033963,3,10,3,0
18,24,38,45.52981721483673,0.02058745522635303,0,3.6832249299955255,2.9181757470296334,7,7,1,1
8,54,5,43.31748773418412,0.024017087006574223,0,3.5592731313580765,2.5347754646771703,8,3,3,1
18,82,32,42.837278971723684,0.007406210431532729,1,2.584756472802768,2.8802988836684618,6,8,2,0
19,184,18,49.400042443130545,0.08968655880158351,0,3.962888904396689,3.4002651151135956,1,6,2,1
10,253,24,46.08718337043544,0.053753403038074035,0,3.6339347266972326,3.23724558787202,9,9,3,1
16,62,3,45.86968377371645,0.10655396118115583,0,4.071217621719349,3.806506832702311,0,1,2,0
8,92,35,44.671638124698944,0.04347110505325708,0,3.4071969120997205,2.3506170982545065,2,4,3,1
6,79,18,42.69573641710441,0.05223083940879398,0,3.6676488125164814,2.2094720029986985,2,8,3,1
17,113,78,51.25042479152343,0.059390514387035125,0,2.6713860129414613,2.4826075687728335,3,1,2,1
3,35,3,42.625552461394136,0.10330921432843015,1,3.3515649887096943,2.3098287116513756,3,7,1,1
18,93,59,38.58508981743214,0.035062368463123425,0,4.229275804979734,3.221428734828026,9,9,2,1
10,236,43,46.528592254924675,0.006189548141037977,1,3.9236291173956412,3.4015910420405313,8,2,3,0
16,35,40,37.84440736034914,0.07526296697198305,0,3.1950212230029185,3.6877442843861576,2,0,3,1
9,86,12,52.369986575183496,0.09908410727278716,1,3.192180709949547,2.2015833354518577,10,3,3,0
8,129,28,47.056059820544036,0.06675088669908065,0,3.9344725376221987,2.6522475447504172,3,8,3,1
9,98,37,34.417324843963094,0.03845737241608415,0,2.7842915673320086,2.302792765142684,2,2,2,1
9,38,65,46.90429277146781,0.07565632410878803,0,3.7959394972644267,2.481431224562593,10,1,3,1
8,111,28,43.13400800261932,0.11892038740858406,0,4.272521784451469,3.2609593011777234,6,1,3,0
9,61,78,51.37192955495669,0.06888501215891168,0,2.8943467281994812,1.9792859833378629,6,1,3,1
15,2,2,44.297561556457644,0.037825970053624675,1,3.668653122843539,2.4257000271532223,7,1,3,0
9,59,33,44.40995287037415,0.029233865636206287,0,3.7056912212295443,2.9718440465026768,6,10,3,1
19,159,16,42.998785000112925,0.11978720314661397,0,3.7504130362449266,2.0625776980193242,6,2,1,1
19,62,49,43.52183820627304,0.10205062963739432,0,3.6082030739615183,3.5678101100536708,0,3,3,0
18,26,23,34.584089543067044,0.03353826368527847,0,4.122532475529093,2.6532253288811587,7,3,3,1
7,46,4,42.154051736073505,0.03149353100902823,0,3.113348987646431,3.9353028523458478,8,8,3,1
7,197,25,39.980238624063475,0.09644042324203655,1,3.188329681214904,3.0592371113782244,0,0,3,0
18,88,23,42.9020045097154,0.1190742418016176,0,2.6934067590597426,2.7968019269107374,6,4,2,0
20,48,32,50.46183626051936,0.055872385193306395,1,3.428323247191034,2.397478773801754,2,2,3,0
18,81,21,53.093792798274194,0.027271868684283145,0,4.020129996190299,2.408373678221622,6,8,3,1
8,12,72,46.045556562210926,0.027641231273879234,0,3.563645169537249,2.3486080688291393,2,8,3,1
11,19,38,41.986733982095075,0.09568220076009994,0,3.999696317860662,3.1881747227690123,1,5,3,1
16,173,19,37.92289091940329,0.07260203176208987,0,3.449925054867178,3.5996814319436594,1,3,2,1
7,5,13,42.54386964944325,0.07605015065262492,0,2.6357020248529928,3.254253486299856,10,1,3,1
17,67,50,38.75944919541065,0.023319060565188808,0,3.476620817594481,2.24404033247095,4,8,3,1
21,52,0,43.87872668281442,0.01565681808630516,0,3.06018913545634,3.008652762606385,10,2,3,1
20,41,23,44.70482248832261,0.0012769009230988626,0,3.28573059116847,2.91739082912683,5,10,3,1
8,225,16,45.93451029770052,0.10982427109554023,0,2.76350677036044,2.832422120842522,9,1,3,0
16,37,88,45.504460683609196,0.04259877002658704,0,3.9000539561153884,1.9706301030089732,6,8,2,1
9,29,18,35.36779824126691,0.0909571238098885,1,3.910796804623326,1.7253305474507632,3,9,2,0
10,62,65,40.20031309146172,0.10613496431342746,1,3.7269264504298256,2.6712377543687884,2,10,3,1
19,193,30,40.29419228209558,0.07182783863826259,0,3.037649203199149,2.5980850679692487,3,7,3,1
9,71,79,42.76593772552428,0.05091084867374613,0,3.3331574979368623,3.545494223102007,1,9,3,1
9,160,31,45.50938878116826,0.00464015231733975,0,2.880552183429193,3.3539186964389995,10,9,3,1
18,42,23,41.15259627777337,0.04045538182225713,0,2.669297206970703,3.156058181754519,3,10,2,1
17,53,1,60.803510567181036,0.03859529779472214,1,3.634646209023857,2.631084730211697,5,9,3,0
9,48,49,51.140885191849094,0.06796158406008278,0,3.902357429182305,3.665679867155326,10,5,3,1
17,198,100,39.81586611835096,0.09168805375455322,1,3.7153043175983282,3.910665286862457,5,6,3,0
10,93,26,51.639736403303246,0.08533212654719864,0,2.9956645920297778,3.326824614993754,3,10,3,1
8,141,42,53.323988465589565,0.10439037767106656,1,3.976888853573058,2.734094463044725,6,8,2,1
5,90,32,38.74670700072711,0.0056215435762012106,0,4.311392705720975,2.8834419076958953,8,7,3,1
18,193,22,39.0763628538665,0.0726004102812298,1,3.572624148990719,4.2691605976613,6,5,2,0
7,3,21,45.62411793563402,0.022680872985479206,0,4.071948193606475,3.1333531161853805,2,0,2,1
12,49,64,50.30142327617963,0.11670463599930525,0,3.1891485157688613,3.6332599578559526,2,7,3,0
11,267,6,46.63445450487572,0.049093401147669705,1,3.0310954593904236,2.850449005109375,7,10,3,0
16,66,47,36.38670815073133,0.07486264458132247,0,2.1886351700437716,2.531335658926421,9,2,3,1
8,63,40,41.03061552063232,0.04218989404290423,1,3.7162542077254552,2.5768368258127867,7,5,2,0
20,283,29,42.05823495393015,0.02642115670841146,0,3.6662477616241778,1.7363001771822366,1,1,3,1
10,63,1,49.20192310107768,0.08254508188859327,1,3.2893952328125486,2.6957117635436947,3,7,3,0
16,41,21,37.8989032898464,0.1127111048290137,0,3.502303005118865,3.9241363049860105,7,3,3,0
5,68,146,38.69928979789853,0.007137587770769982,0,2.7424990711046515,3.1207136910033504,7,7,3,1
18,93,3,45.297439491504576,0.09902885453778673,0,3.384301871560652,2.7841121482814057,4,6,2,1
9,8,41,44.98115467521932,0.04099113460249604,0,3.3608771871165377,2.4368348108120785,3,7,3,1
18,82,53,49.51156671883872,0.014510813129730469,0,3.1509747021641137,3.2803065481886864,0,1,3,1
8,80,23,41.887160669410285,0.08559289370883981,0,3.610510071461336,3.2628222937994567,0,10,1,1
9,65,60,50.40021856415883,0.009896339196716451,0,3.475202265305717,3.251394987485579,1,6,2,1
9,26,44,49.56518506343636,0.08732838994849086,0,3.7488481062926655,2.7048314395054947,3,7,3,1
7,98,3,44.48374781294103,0.052295697977588436,1,3.4761810488734204,2.791802880278812,6,2,3,0
9,87,17,42.30557631365708,0.019768557532976207,0,3.046181857920342,2.9842134782496563,9,6,3,1
20,63,46,53.43431123407853,0.018863066854619873,0,3.927124872956383,2.2943404785462596,2,6,3,1
10,251,81,47.33685132705718,0.08978428510031095,0,3.1111567905075512,3.575785113648587,0,2,3,1
9,248,19,43.558598724287194,0.09939306764280273,0,4.306767044305731,2.400014204172056,10,4,3,1
16,4,76,40.14886605252529,0.08227502440376303,0,3.817965579839629,4.023784743113752,6,8,2,1
6,29,1,51.51166648846171,0.08650142486358363,1,4.808386151381587,3.127118019045695,1,9,3,0
16,122,11,41.77061264052588,0.10177742923087868,0,3.0934309241709763,3.2264207095544024,2,5,3,0
15,69,73,42.30988513682683,0.051426416369774096,0,3.4455757762600774,2.3066183837108793,4,10,3,1
9,81,40,41.22002188330293,0.02012196943166348,0,3.37153647779576,3.1051160307377157,10,4,3,1
8,91,122,43.11734335256176,0.045272407072063106,0,3.4255442369499525,3.481389451212106,1,3,3,1
8,267,72,47.00103060043907,0.11751431536892318,0,3.4140590389553203,3.142267109395738,4,10,2,0
10,47,24,42.434537724080194,0.05381867194421744,0,3.703673406157376,3.0596662054581865,4,7,3,1
19,95,17,44.50911122886905,0.11086681113581227,0,3.8545430356423367,2.8669333754478936,10,8,3,0
16,32,70,41.47275332675854,0.08432810314231937,0,3.9012655615959733,3.1869731209272194,2,5,3,1
16,296,1,47.44051623684646,0.08852934609756317,0,4.05270604433297,2.804908323009811,5,4,3,1
17,164,24,44.49618339952396,0.022825489316672925,1,2.5164047254839197,3.151714187500093,10,3,2,0
19,10,117,38.84262762256279,0.044247691216630476,0,4.2394797277701946,3.7638285882393654,7,7,3,1
8,10,43,44.37438860528345,0.08788628184225986,0,3.2977837798324328,3.6010277994804842,1,8,2,1
16,1,118,46.165340548772676,0.07866775038776218,0,4.012683089755574,3.0896151953775237,10,9,3,1
8,43,38,42.936449944124014,0.10351285278553227,0,3.548259510788036,2.4262016938798054,5,7,3,0
15,36,9,34.608002455524634,0.025198958970410634,0,4.3190400172106855,2.8917769608874884,8,2,1,1
6,21,37,51.25964812900565,0.08979707976445794,0,4.31929986531774,3.2238549631764872,8,2,2,1
22,38,40,39.96831098084474,0.004733156817053441,0,4.033180886105328,3.2633775132437037,5,4,3,1
6,90,94,48.08067482147768,0.03597605414631418,0,4.326555137015231,3.5643198144597372,8,6,3,1
5,4,74,43.10249288501988,0.07565924003859019,0,3.0151684439810698,2.400491753493373,9,1,3,1
19,76,3,44.52116624420278,0.11760536067942802,0,4.580896607754786,3.5219380965112883,8,7,3,0
18,85,43,44.007517028310524,0.11872481367422237,1,3.38151550706896,3.3453186312726766,6,5,2,1
19,19,31,50.015045094109304,0.05269780451101077,1,3.1299297758195825,3.649323810826428,6,0,3,0
6,253,72,46.16589473637895,0.09176115827290841,0,2.790138209588233,2.3709955556734643,4,9,2,1
17,76,48,45.72390417239098,0.07205971111666357,0,3.341934210197889,4.601646500420232,0,9,2,1
7,88,1,38.90995524208746,0.0850915268417126,0,2.311421047035442,2.508876282541398,5,9,3,1
7,25,52,52.48887203210297,0.08783372479521419,0,3.353657456456692,2.681622493546311,6,0,3,1
20,80,40,37.4001796722094,0.06567820854116505,0,3.4769534526729475,2.6509988633155417,4,3,3,1
19,87,40,51.503915055868504,0.09767253431053552,0,3.7827685474091752,3.3101938706315086,4,6,2,1
16,7,79,35.868871662431225,0.07013920872733402,0,3.2398747100097856,3.132168460493233,2,9,2,1
17,3,46,54.06103715976515,0.012073875348934653,0,2.965505321715017,2.8748182750128075,3,3,3,1
20,51,36,47.062011677243476,0.11870447230213399,0,3.5519996988290536,3.755301865068131,2,4,3,0
19,92,16,42.42244753343076,0.0364623010242469,0,3.8940062944994827,3.3977037007409594,0,5,2,1
9,163,11,38.08360341552856,0.11570253068555307,0,3.616627370708642,2.752517295588297,7,4,2,0
18,60,6,44.92006893675979,0.03511430293212443,0,2.491807696161571,2.4724023145932588,7,5,3,1
18,93,20,47.29375032399044,0.10237824570740332,0,3.868826495528275,3.5557809080294485,5,8,3,0
17,75,35,45.28689590077379,0.08275031412952188,0,4.220451796352986,2.527792091666155,0,2,2,1
18,74,10,42.963880114922546,0.042824411993611144,1,3.984261449635293,3.3209779762975966,6,6,3,0
19,111,4,41.364316480970274,0.11256048564034689,0,4.125497318416962,1.8108959473539965,3,7,3,0
6,21,28,50.906548287236355,0.06997757211381,0,4.037254924764799,2.981243984868407,10,10,3,1
19,26,25,43.401774595590176,0.0995715206348722,0,3.4991985873199,3.769439231049569,0,8,3,1
18,21,45,46.85104124101547,0.09563285557543605,0,3.4085198634179275,3.2458619357054976,0,6,3,1
10,69,49,47.73245787562211,0.005566096990522573,0,3.802461533680076,3.8328204819816567,9,2,3,1
16,6,40,38.79209838240904,0.03226333986127866,0,3.6358292606311036,2.7480359372780194,2,9,3,1