accident_hours,rainfall,wind_speed,driving_speeds,alcohol_levels,traffic_violations,lane_widths,road_conditions,mental_states,riding_skills,accident_types,falses
6,33,8,44.49321775007598,0.05666588045843842,0,3.845145196600707,3.13094441047625,7,2,3,1
21,0,11,51.566123398805644,0.11196243850783859,0,3.196561624400525,2.9128539945979592,3,3,3,0
15,9,63,46.453085974778865,0.007495348736823666,0,3.4514328417910836,3.024873190758867,8,6,3,1
16,28,83,47.22850867479048,0.0222772412420857,0,3.740074585269376,2.539601022947138,9,3,1,1
5,59,48,42.879946547201364,0.07494281367524525,0,3.64784654192079,3.019509250205016,10,4,3,1
7,27,9,50.438720305593215,0.07832396025903345,0,2.6076750225819705,2.871187471631324,4,1,3,1
19,10,39,54.7598085959088,0.019677792479470962,0,4.256091940012608,2.7544454642559297,0,5,2,1
18,31,41,41.12058914408375,0.11379603518765438,1,4.39798583009871,2.723739947823884,1,8,2,1
18,62,39,48.92778491174701,0.021220255666849177,1,3.2905390246296076,2.803466977564775,3,1,2,0
4,61,22,38.11848154809551,0.021881248615218767,0,3.2125996050011656,3.4795080350778136,8,7,3,1
9,253,48,48.04233907226673,0.07626571515825924,0,3.206634128829064,3.0985401570668007,9,10,2,1
9,79,20,47.20203481278718,0.05057564086319189,0,3.399458430204338,2.8829231654116656,2,6,3,1
8,53,102,39.2793055774207,0.0031213990337406725,0,3.4672909225295965,3.2331631447676124,4,10,1,1
9,50,10,49.627760006166746,0.11046106458047922,0,3.2012301429472645,3.204493403618462,6,3,2,0
16,291,87,40.01951763799208,0.009017023006753942,0,4.475159374184668,2.912142040939255,2,3,3,1
8,168,40,54.66404071755411,0.018758071870417524,0,3.6458061354596936,2.4127048580161414,3,3,3,1
6,192,12,45.718056806346944,0.1076524809930014,0,3.8904411028147434,1.7917026939043035,8,3,2,0
17,20,31,44.229232747271176,0.03303740697804976,0,4.008842040985926,3.8732355133601355,1,3,2,1
19,93,26,41.66333565565156,0.09812147481979153,0,4.106107155647265,2.925933654372009,5,8,3,1
20,50,35,48.039493578302,0.020485721770105443,0,3.8499211187075337,2.5664524939240865,6,4,3,1
7,4,26,46.70575952765137,0.005782104127063814,0,3.433621826328375,2.600314279947922,1,3,3,1
17,11,4,45.71195451837097,0.028167684546377192,0,3.481770223269422,3.4562202476741337,7,5,3,1
16,59,46,41.24844973923989,0.08904189993891029,0,3.9320237731015695,4.02585792818791,2,5,2,1
7,226,38,43.660835975019644,0.07951119162128593,0,4.054054820947192,3.5007558448658314,7,2,3,1
18,294,123,41.311314694212285,0.03727433063581899,0,2.7510878197773905,2.5823111795578906,4,10,2,1
6,95,26,36.425780712816234,0.07601758822609604,1,4.183156249254339,3.842214881561541,6,0,3,0
7,8,0,44.30111106818123,0.07979792927178478,0,4.665377608883909,3.9143635405240307,6,8,1,1
10,220,1,39.43160311303533,0.0677619093427848,1,3.271013604850256,2.0088223705273647,10,4,3,0
21,76,11,55.09254131643955,0.112262906610835,0,3.507911659001602,3.8331284968964003,0,9,3,0
14,24,46,54.38532978471059,0.09523449622125578,0,4.045404662700082,2.546612317283782,2,5,3,1
20,82,120,46.7650357515012,0.09791690957219094,0,2.9021612657413507,3.1431287208393477,6,3,3,1
11,38,2,35.84884014649545,0.05110732165781262,0,3.7496178132283426,3.9047488669993196,8,5,2,1
7,120,79,47.28887585564345,0.08206793135547412,0,3.6975788708816335,2.5532438874412957,9,6,3,1
7,46,48,43.90909353527087,0.022002152350059475,1,2.6653548746610287,3.3941134951762573,1,0,2,0
17,12,73,50.572877201504404,0.035514588588216024,0,2.807884632258962,3.468417852537852,3,0,3,1
10,90,80,50.09454470990369,0.06029034414744234,0,4.541536216005063,3.1983300076860406,1,8,3,1
6,86,1,41.21614460283876,0.09794997282269714,0,3.724988653380737,2.4214550236789663,0,6,2,1
20,57,43,43.17391451717117,0.04043185576516612,0,3.642686894562644,3.094762606243074,0,7,3,1
21,237,7,42.807737982239516,0.05277783100653677,0,4.3117514173988765,2.5955920176705107,8,5,3,1
17,190,38,42.91396608182461,0.11488096683496306,0,4.308204770500809,3.3600977982259157,1,8,3,0
8,45,32,37.080184343920656,0.0340917579401001,0,2.8920608181300516,3.6740456799760346,4,4,1,1
19,92,28,46.91192900190619,0.07416783370056114,0,3.264201171356397,3.746581501896154,0,3,3,1
7,1,44,45.40678479581048,0.012065241957576571,0,3.39987842032082,3.608990857791884,9,1,2,1
18,289,44,43.36738647132145,0.049401126635864566,0,3.7534617965816777,2.084258036788807,1,10,3,1
18,66,44,46.37261712119718,0.03961079545905221,0,3.1149144885601254,2.3475201259249996,4,10,1,1
17,120,93,46.63194331010887,0.001568655639220382,0,4.5998678050168245,2.283916055309717,3,5,3,1
18,79,43,50.82860093257753,0.0702252745666151,0,2.4949858849958204,2.863447190458653,2,0,3,1
7,166,69,49.47897472089053,0.03977066026539552,0,2.7017680274557394,3.4501639106124364,4,5,3,1
5,136,49,50.15937107868931,0.030200875635671216,0,3.2880547295794282,2.948629635365553,0,9,3,1
18,45,19,40.51053857573159,0.10711163338480523,0,3.6127669185164812,2.7167930447179054,3,5,3,0
9,50,120,39.394833276929035,0.02755444107992833,0,4.6805037297987555,2.1401809997888166,5,3,3,1
19,53,31,49.756560436933924,0.04865827254248298,0,3.6733518862431453,3.6180226071470964,6,0,2,1
15,45,4,53.540752900217186,0.11393147665965006,0,3.6681711445609526,3.3376916045086387,5,7,3,0
11,42,46,49.24208641525319,0.009636840018593955,1,3.9477043692888487,3.215788145924928,4,10,3,0
7,141,10,46.64929235244088,0.11261216321076739,0,3.540864308819277,2.684513581293255,6,2,3,0
19,28,13,45.03446578356237,0.04682577264400334,0,3.414835753313341,3.1993995796182344,0,4,3,1
10,113,23,59.30337631478699,0.09491130893173612,0,3.249953317363432,2.7097419970463736,3,2,3,1
19,70,41,49.16461296808711,0.04270763247859703,0,3.5103044969648916,2.9706459939485974,10,3,2,1
18,58,88,44.00050265302762,0.04986604629049494,0,4.1957925560698195,3.4154841138259586,10,8,3,1
17,1,17,54.9191529463607,0.05253343182813882,0,3.3670017294241297,2.4037802117162834,6,6,2,1
16,54,16,53.61071913303887,0.11361701203319358,1,3.4391093805160367,3.0647276341487966,5,9,3,1
8,84,35,37.835095513064786,0.06603052880885289,0,3.280783809257266,3.6640260916085894,2,7,3,1
10,90,38,38.862422541305435,0.026025134366151635,0,3.4507752221012167,3.978111927903318,3,1,3,1
20,37,28,43.96910197865714,0.07338132208825185,0,3.740341649827937,2.4043723197129827,6,9,3,1
6,232,29,51.37893657010328,0.10673654018173749,0,2.9729649529718545,3.0865626264320314,8,8,3,0
18,99,16,42.10142875741273,0.02572571608835268,0,3.8780766637469735,2.7007314524159254,9,6,3,1
8,49,43,39.90073467545302,0.040506597661166426,0,3.5909520890882525,3.708906941251702,1,9,3,1
19,45,48,49.070263266896866,0.06857555600739733,0,3.8430364604514566,2.4403197746036644,5,0,3,1
18,61,30,35.35159188366747,0.11847095612061535,0,3.8508814000022973,3.344227129029968,7,8,2,0
17,30,32,43.24366147902532,0.0558430772053897,0,3.107481510580603,1.9845014281032054,7,10,3,1
16,42,10,39.63089315164882,0.07012188294318693,1,3.3168362683627413,3.2831759978207127,10,8,3,0
12,3,16,44.95883880951021,0.016237020195033196,0,2.889782726817278,3.453846726570485,1,0,3,1
19,151,34,40.261510122357656,0.09097861217212538,0,3.2259487881478233,2.7016188102902445,4,4,2,1
17,42,32,44.2413160258525,0.026384496826375812,1,3.3455764073254146,1.9070425643641657,0,0,3,0
10,144,39,47.10754012038665,0.03935058859694696,0,4.364302501918471,3.521362797219227,6,6,3,1
10,52,34,45.648833797165125,0.08514780083453288,0,3.8503407514801964,2.0371161693025233,7,9,2,1
8,41,11,42.31371475124498,0.08551976165437268,0,2.9062848382317696,2.045150023747511,0,7,3,1
20,81,8,43.29060880039404,0.038255990523312494,1,2.9113186949500074,3.224221275142169,5,6,3,0
17,6,6,56.27275730086838,0.10203800565181173,0,4.681743093115767,3.4241535940912087,10,1,3,0
19,16,45,49.414176279243115,0.09536463056038862,0,3.653673105710061,3.069354105391317,0,3,3,1
9,43,19,43.840537299118225,0.07389347996104188,0,2.6949747208029535,2.070902538935223,1,6,3,1
8,90,44,45.89161641498036,0.02144369423723004,0,3.116919804207235,2.0787162854023338,5,1,3,1
19,246,106,47.257531858064084,0.10858559628462859,0,2.726985192882794,2.9436601284571107,7,4,3,0
17,152,43,41.190395090699326,0.06329057844752807,0,3.434863203088576,3.748761049272657,8,10,3,1
9,142,27,45.01079117631681,0.045168491355761446,0,3.582746528461143,3.6852138700270696,3,9,3,1
6,39,3,39.63322659497087,0.11127365585893383,0,4.152903095747961,3.0395931633305735,3,9,3,0
7,36,17,40.03144658328193,0.1165967242336015,0,2.863335397096625,2.7982660818326552,8,10,3,0
8,91,31,49.37719024696704,0.08606313327065675,1,3.2077009892296657,2.025973685744902,4,10,3,0
18,70,15,50.027910288479546,0.09496509311550219,0,3.6706171457375456,2.790136738256588,9,7,3,1
6,160,4,50.766778376657186,0.029611771464315477,0,3.8507737551150276,2.5682860939725387,10,5,3,1
19,34,75,44.642220639277234,0.03105545971211553,0,4.073342878168954,3.6114004363655963,9,0,3,1
10,76,43,42.53318473920016,0.06830396204769634,0,2.579718865611887,3.009950049981575,0,3,3,1
18,73,30,45.05315111922589,0.1179843761110699,0,3.594300205922763,2.7331757916731725,5,10,2,0
10,43,98,36.04748000896575,0.08918692673461029,0,3.7465855084814916,2.8661334737421775,10,4,3,1
20,41,17,51.939429211486605,0.08951885756588657,1,3.9218006065864284,2.94733823114011,10,7,1,1
17,99,17,31.454842218851425,0.030911697384165986,0,3.4759506005821867,3.2129036157736683,5,2,3,1
9,63,36,49.865324385678974,0.05037383947143473,0,3.746398635632886,3.7560004019086346,4,0,3,1
7,135,22,40.05269230306385,0.04110355291510995,0,4.227629635369081,2.5020630863831848,2,7,3,1
7,110,15,44.95953189774344,0.03627092466689713,0,3.4264045208558334,2.096266616790187,10,2,3,1
7,10,43,40.74439168974308,0.08773216985760926,0,3.573473497319143,2.4369276107014994,6,6,3,1
16,53,41,40.82068955160604,0.011982493531389554,0,3.4671971359975458,2.869326011003805,0,0,3,1
21,81,11,32.79772131015676,0.019853064248592036,0,3.327187707676551,2.754787880055998,9,5,3,1
18,200,36,38.650961503686595,0.04947549107838291,0,2.8355565701996484,2.4209079557355224,7,0,1,1
19,84,147,49.552043820620824,0.03632734988867277,0,3.3307737321524282,4.3317256974928595,3,8,3,1
17,35,116,38.87605067353344,0.10840453420908856,0,3.850999314055293,3.555458751277872,1,3,3,0
7,15,1,38.66373104497187,0.02405320598940983,1,3.82223406290207,2.6033692574409715,7,9,3,0
9,64,114,44.45970808017847,0.02986117296424319,0,3.464727241674148,2.9902739538513576,0,0,2,1
6,38,34,33.358095879111374,0.02137017935826255,0,3.5032602563383635,3.4112266700582126,9,10,3,1
16,188,26,43.24608685421218,0.1030020221762774,0,2.608824834109257,3.286021237401718,6,1,3,0
18,63,33,46.292367129278645,0.0242470751610703,1,4.051442889402123,3.1080551337690094,2,0,2,0
5,69,27,46.85492336579735,0.04224937607985903,0,2.492457558487514,2.5585737936231756,7,6,3,1
18,44,80,39.81296270690356,0.08031736047425876,0,2.843591590842231,3.3425661556141515,2,0,2,1
19,45,41,51.03957033454172,0.00931581898579287,0,3.5021534879869036,3.3040335419362963,9,0,3,1
18,71,112,50.106253216961875,0.09799789541989466,0,3.785719147457597,3.017786586725751,7,1,3,1
10,26,30,36.36186423703202,0.0847500780154826,0,4.246620565155445,2.7619920454427196,9,0,3,1
14,193,28,48.57207872952863,0.03132451651727664,0,3.98627720849863,3.0096774076792525,7,10,3,1
15,92,67,45.75793422164413,0.04701534761771171,0,3.862365467821036,2.992203718458278,4,9,3,1
9,23,99,47.54966999802032,0.07440843961645452,0,3.712465856707138,1.7965581668693653,8,7,3,1
19,16,4,41.91879115570032,0.1135748947360683,1,2.1328651664778446,2.497898020600931,8,4,1,1
9,164,69,38.535325149736366,0.07551125565291114,0,3.734169413917564,2.7040744041567684,10,3,3,1
8,41,128,44.256445047646054,0.03036476984603488,0,4.044374467846659,2.714388018248376,6,2,3,1
11,20,27,46.8912092882969,0.05789961082092109,0,2.747087984214227,2.340556553617147,7,10,3,1
7,208,42,46.982771988353946,0.05395377026932344,0,3.595866549156235,2.212515227053288,5,0,3,1
18,156,10,46.7127099733355,0.063912887665947,0,2.7156373282096165,2.9968222054880345,2,3,3,1
19,56,13,39.622888132834426,0.062285863120721804,0,3.886142176435997,3.4667108943160265,0,3,2,1
10,121,27,51.85294109189925,0.04368628299173934,0,3.024430773042662,2.6042323293883376,8,2,3,1
19,29,31,50.96371232413613,0.10461918558107136,0,4.688222450882365,3.364695199704507,5,10,3,0
19,55,18,46.233195242413544,0.03961334464516349,0,3.9337958356166487,2.8651975857554364,9,5,3,1
10,42,1,40.23480231186888,0.06359428103375135,0,3.58754129121923,3.5430926004272862,4,3,3,1
17,90,37,46.312759904484075,0.03130357426059893,0,3.516298433365362,3.1573351973734316,10,7,2,1
11,21,41,42.86082437292463,0.05217619952596725,0,3.8958818178371946,2.8032823566687872,4,9,1,1
9,81,103,43.23868058263875,0.08176691322946822,0,3.844114070568764,4.215548102493136,4,0,3,1
19,41,32,48.3528150727078,0.09094273310410336,1,3.6549629225905425,2.7813133849990193,7,9,3,0
11,17,17,42.904462514701265,0.0967466664685116,0,2.9404222682836667,3.0700172416060707,3,1,3,1
20,50,53,52.0705605786321,0.08841894920393675,0,3.893693396876543,3.403303746138647,6,8,3,1
17,35,26,48.152584552359286,0.05601064173872662,1,3.2385777372563327,2.577566979696584,0,4,2,0
19,259,20,50.03922349829788,0.004496206634938798,1,2.721623230146622,2.3712143003496813,2,1,3,0
18,62,37,40.51757893267351,0.06293904810101783,0,3.4456768322294717,3.151510834316222,2,9,3,1
18,82,55,41.91392463703348,0.006618080469833654,0,3.305338312118364,3.1725717942315588,1,9,3,1
16,9,1,38.781581319491835,0.11597398330913422,0,3.6226795055919325,2.7042100203980244,10,6,3,0
17,10,17,51.60126389255554,0.0453547789617551,0,3.3663333112775407,3.1910160929940186,10,0,3,1
8,34,107,59.39691825000685,0.060440559107085096,0,3.2075896119569562,3.3077406891586323,0,3,2,1
8,22,14,47.60235290446616,0.015545637998795154,1,3.754015001719043,2.5365988449873718,4,8,3,0
6,8,45,46.29528012353894,0.11948674581415124,0,3.77499741012066,3.482483777400573,1,5,2,0
9,77,84,42.61503185554769,0.05906421940529105,0,2.65344155671668,2.493337128943244,9,1,1,1
18,33,45,53.08398505029558,0.0357947961648975,0,3.3661289789830793,3.3849805595215976,1,7,3,1
8,61,20,44.776082845440115,0.023165840090191663,0,3.58687531454642,3.8402932016033717,1,1,2,1
19,80,32,41.761231705842285,0.07799168969867451,0,3.0617342572897406,3.178208452222415,7,7,3,1
9,117,14,37.61803853484862,0.05235590897877579,0,3.7225112066092443,2.710240304304695,0,1,2,1
10,249,29,39.776193590191056,0.038079599455628596,1,3.5108920429925274,3.5777503525107073,10,7,3,0
17,187,27,45.35124349364176,0.0011571114725397978,0,3.414199457876292,3.0230820529098335,7,10,3,1
19,24,30,35.83482082824149,0.004367642896994792,0,3.1592923733072205,3.0868115704815686,10,1,2,1
12,140,25,38.86830025816443,0.08323357565493687,0,3.3016819016571093,3.5703576992275674,4,2,2,1
8,90,23,53.316298015326666,0.057664855956067254,0,4.03483908626874,4.1171113004835425,2,6,3,1
8,220,46,49.1469653225676,0.10186684973517178,0,4.18636356307543,3.3991749290987188,10,3,3,0
18,63,13,43.37389541065845,0.09042341632959867,0,3.09415021939519,3.2423485411260566,5,2,3,1
5,30,43,49.715195710010086,0.0688128547804133,0,3.412578336488686,2.652308707265731,10,6,2,1
6,122,15,41.174791250517224,0.06731890529271559,1,3.0222902808241625,3.0737474127611137,10,9,2,0
17,54,60,48.89743902234466,0.08944139352809134,1,3.4587801698071567,3.479933211613587,8,6,3,0
9,164,35,43.185385327221915,0.08893947828340754,1,3.6289523980083724,3.080805335193164,2,9,3,0
18,38,10,54.846511274877244,0.04014209684613996,1,3.532381329262324,3.858054481580432,2,8,3,0
7,161,23,39.31188305966967,0.012638334499078682,0,2.1813209805007236,3.992449278698933,6,4,3,1
10,22,21,52.65155013382098,0.09261938717522247,0,4.110392940344671,3.797402992802998,5,8,3,1
8,113,6,44.36025057650338,0.02677271259542621,0,3.2589398558655156,3.4203200920649106,4,8,3,1
7,70,26,35.60865905656342,0.09495180988363038,0,2.889328972610235,2.6128698194774373,2,4,2,1
6,95,24,46.54649920873633,0.07417100680909443,0,3.0784334588904594,2.6738742102080653,2,7,3,1
16,163,40,48.494531821596865,0.04295521154078351,0,4.028337536059874,2.938379450878971,3,1,2,1
8,83,47,52.496274495047835,0.10227287153045625,0,3.855509417690046,2.4665723540305624,6,5,2,0
10,98,87,48.80693989456634,0.08294022580269843,0,3.4756580614482404,2.978296411541413,0,1,2,1
8,73,97,40.34926952297579,0.06541299228710525,0,3.465961036604392,2.746096677470171,4,0,2,1
7,17,0,50.191258811176056,0.036107994095521595,0,2.864926534033821,3.2312520535840212,8,8,3,1
16,202,84,45.270136979317684,0.11835367261807134,0,4.0003017462140384,2.8335890331925206,4,3,3,0
7,241,23,37.09390027419636,0.10062486161675084,0,3.9577915128094157,3.353031195345907,6,1,3,0
16,101,22,44.57799205178236,0.016389088507107855,0,4.149307555174374,2.468707649973271,1,9,3,1
19,37,36,39.11640952366537,0.09674745176011451,0,3.601386111980445,2.294208326831623,10,8,2,1
6,89,96,44.30134301994445,0.014422632107457374,0,4.0967959422961595,2.858609043021355,1,9,2,1
18,26,120,48.64244544057233,0.029729727640479677,0,3.0514337003057,3.4540164957137596,6,3,3,1
15,74,38,39.367309943798006,0.11490597163134156,0,3.5333221723032944,3.2209154608274893,1,8,3,0
19,44,75,46.47118021590257,0.10438856690542193,0,3.9638312047295683,3.0309985176629115,10,3,1,1
8,90,70,50.416539823031634,0.07272041191834623,0,3.8654188032356136,3.483097727230226,6,10,3,1
19,67,38,41.875282541487884,0.08389538013883582,0,4.305730777884783,3.322833691848531,5,2,3,1
9,82,44,43.578707141927865,0.010753136374104097,0,3.193121833984228,3.797098834655219,9,6,3,1
16,55,38,50.34203701654511,0.03988486282255128,0,3.928684832509707,2.8733561881668663,1,7,3,1
16,68,32,50.56991277425851,0.038690954076268845,0,2.899672883197643,3.3117667381121425,4,4,3,1
9,27,1,39.20734789795121,0.003920264903928308,0,2.5885151626700234,3.508445630120173,10,9,2,1
18,14,43,39.796789078058275,0.0844922288010873,0,3.6850236861958003,2.7608975626280374,5,4,3,1
10,88,0,48.95152076936425,0.03690650871743114,0,4.391174182681982,3.2805884481628214,6,0,3,1
17,193,30,43.844639544951846,0.07597111969630613,0,4.23800431007868,3.572604782643468,0,9,1,1
8,47,70,44.22435820520731,0.0032668869711211233,0,3.066647192546828,3.2296844254942725,0,4,3,1
6,11,67,36.21275285878362,0.00019721824200517266,0,3.499424638461702,2.3476875478976718,0,4,3,1
16,96,35,42.693391607680894,0.02040082372256724,0,2.942186480122075,3.4309739313271286,5,0,1,1
10,92,48,44.18275575112045,0.08434639350925745,1,3.5722837383811146,3.4195995658769323,7,8,1,1
8,251,30,48.615380508643476,0.07250057447438407,0,3.8188685968171985,2.1902417352643604,3,3,3,1
8,47,22,43.13702568512483,0.024108755796196875,0,3.309576284243261,3.135032236314522,6,1,2,1
7,54,93,48.630333485617406,0.06280487016695402,0,3.6240856513985613,3.3487058810177324,6,7,2,1
8,96,42,44.1384268737514,0.07430646499680177,0,3.1555668365970693,3.531056816350288,1,0,2,1
9,23,33,51.279005882664734,0.11267338472357451,1,3.2032735872566995,2.8898852966637696,8,1,3,1
19,67,21,44.928075203382164,0.09149109010638262,0,3.0290747924281756,3.124858988740094,5,2,3,1
19,29,42,42.42192455168245,0.016300005863860986,0,3.061116167143074,2.059074492620069,1,2,2,1
7,166,72,41.344536089761256,0.03242760601229374,0,4.3770964016769955,3.5107089766790747,10,4,3,1
18,135,74,39.8130438906093,0.04841834886904474,0,3.770903536716195,2.658604682941595,2,2,3,1
7,119,2,46.568467177463056,0.012634871994002173,0,2.586320345497106,3.2894377832747415,4,2,3,1
8,71,2,54.80043723734271,0.06664280089665468,0,3.720238434395194,2.4439472527492407,10,0,2,1
9,70,22,48.92834806579039,0.10885114204986414,0,3.7452306364486163,3.271599796811729,3,7,3,0
17,79,87,47.06347724905902,0.03676532428413691,0,4.4209563979041,3.1006318717030186,1,4,3,1
8,160,28,38.83930487945795,0.11815750714866997,0,2.897757790098634,2.9089207602136664,10,7,2,0
20,186,27,39.09568206348631,0.029918096775842867,0,3.789274915161281,1.540494568610742,10,0,3,1
17,90,7,49.75211547300506,0.05667196693867843,1,3.4523141953430763,2.508047825407482,7,8,3,0
20,74,38,47.30502779662811,0.04116420562167986,0,3.6272408159490532,3.130169690370693,9,0,3,1
19,150,3,41.82341603666934,0.036973773672246996,1,3.838270974509341,2.4142182024975885,10,2,3,0
8,26,9,36.423022358614666,0.04534449616619465,0,2.4118063414761517,2.924774416891872,1,7,3,1
18,69,32,44.00740115195361,0.00388944443437873,0,3.7677740959371673,2.6748981128529183,9,0,2,1
7,30,44,40.50624480776729,0.06384124080347559,0,3.784921504840995,3.540700476742835,0,6,3,1
9,81,36,42.358140319858364,0.08896915226249497,0,3.6337431575198904,2.144097805054958,6,4,3,1
16,42,66,38.58122780963362,0.1036550985843614,0,2.965881413789129,2.7508601583073213,6,2,3,0
17,93,42,49.03227159340165,0.03892262398856086,0,3.430275358215653,2.9050661897803196,5,10,3,1
8,174,140,41.94829551215606,0.06604850854949028,0,4.2088547767208935,3.621384376636926,6,7,3,1
20,70,30,47.5559007978214,0.10713552330845005,0,3.479665255703707,3.256527260564506,2,6,3,0
6,80,37,46.93299016134972,0.09598466799940152,0,3.896455398059021,3.4769334836126684,0,1,3,1
16,11,39,42.09115149956024,0.055689000722733285,0,3.758864780091495,2.804827073114501,2,8,1,1
6,174,52,44.07413977535912,0.019781550709379217,0,4.072630150471464,2.962493128258446,10,5,3,1
9,5,21,53.79877799265624,0.06699630757406475,1,4.316211051916441,2.9481774426894725,2,9,3,0
18,111,133,39.85405306222939,0.1187635433643778,0,2.4676610000918675,3.0784520566106677,7,1,2,0
9,48,44,40.799612232883376,0.0909000736616597,1,3.173118478703295,3.411615311490834,4,1,3,0
21,178,14,34.4998677821757,0.10176271194859628,0,3.5214959779477883,3.293284520877417,10,0,3,0
18,94,14,44.265021041466035,0.02265139666445379,0,4.5591636815562175,3.886311298865606,10,3,3,1
16,44,14,34.516107663169045,0.10846694804372937,0,4.049146886103429,3.4905478676926496,5,4,3,0
19,26,10,42.56080255364721,0.0016947138075918877,0,3.7738238279025906,3.0515859932640077,3,8,3,1
18,61,82,35.95778862088246,0.10346539546198609,1,3.7823778244820647,2.631812345630387,4,8,3,1
17,45,98,48.63116482456765,0.02869449032260526,1,3.019173839821048,3.291170222603742,3,1,3,0
19,29,139,44.15852241827607,0.07472559264761668,1,3.7797895906255987,2.127257581194058,0,6,3,0
8,88,97,28.340426213627524,0.035166247058518674,0,2.718725084296143,2.6502878727140686,0,5,3,1
20,70,121,40.161109834289064,0.016235514220938805,0,3.5819248092511216,3.0853936851178254,6,4,3,1
18,27,31,42.61618848943659,0.02965175631165692,0,3.748717209688327,3.5814199112542937,6,3,3,1
15,24,147,47.63420941068544,0.05675139440465003,0,3.9600124289667837,2.8946985080218472,0,5,3,1
18,193,32,49.3440920496536,0.11035936740155622,0,2.7649820279810733,3.17149477365023,4,9,3,0
11,36,13,46.973428536640874,0.04668047273871707,0,3.327931483710456,2.7391724032278173,10,1,3,1
9,82,7,46.5137436488419,0.0067043451541370655,0,2.8783505344577085,4.070424688194651,4,3,2,1
5,78,37,47.07010664483238,0.0028521505369486187,0,4.166161679987134,3.4865625600930072,3,0,3,1
16,7,12,48.24144261499911,0.025184472321087076,0,4.368480580535717,3.1214774563443366,0,5,3,1
7,1,46,45.05710063381506,0.0062434641820835425,0,3.960378436482904,3.39589850924446,9,8,3,1
20,73,87,43.917955519677975,0.044535524814265794,0,2.88328484829991,2.7706997609843538,6,4,3,1
17,76,42,45.921705478833516,0.04611035667027785,0,3.4879431496449587,2.8109326566892316,1,8,3,1
18,79,30,50.826244668017466,0.11665689460202211,0,3.781596230772415,3.4969349041502236,4,7,3,0
10,75,39,33.24338783434974,0.03674814911388911,0,3.640427758525567,3.3700528189111014,7,7,1,1
17,62,138,33.528994591147594,0.0718720960468066,0,3.7717394917138822,3.294713764680155,2,5,3,1
21,84,28,47.8009246220503,0.09825884438249087,0,3.6091099376021973,2.379946719132625,5,10,3,1
18,229,38,40.51062572611041,0.06156274401917844,1,3.6379816968363823,3.344496118576894,5,7,3,0
19,7,94,45.348997922959235,0.08358856993933876,0,2.9995687243067954,3.453765518547752,7,3,3,1
18,274,12,44.84272022934378,0.11692666111844564,0,3.933912936565738,3.3951356691535732,6,1,3,0
16,47,48,55.81356270835603,0.03889827889406169,0,2.6214838749638814,3.486853497809581,4,6,1,1
15,46,32,48.37715292114775,0.008905269167926066,0,3.9625046384559433,3.182710509154099,1,10,2,1
18,229,41,50.023319054973946,0.051637758088050996,0,2.3344013765061495,3.768988845178368,3,3,3,1
20,54,11,43.44733060879699,0.06487602911827806,0,4.097890902582099,3.6484545116961247,4,9,3,1
8,29,7,40.97267959766953,0.06959837024236043,0,3.5060986791668123,3.092525786851012,10,10,3,1
11,65,137,40.76789939995822,0.0886275125383216,0,3.308934543082796,2.4803191814851733,7,9,2,1
18,29,31,51.12958417236214,0.10777020247517309,1,4.089201848282642,3.1646618861836413,5,5,3,1
7,80,87,47.62240672059616,0.06001983141657408,0,3.8694728249801496,2.9722639644497755,5,0,1,1
6,23,27,45.38034533203821,0.017208684557160594,0,3.2694052882454487,3.5570124698912373,7,3,1,1
8,56,34,53.557909215759494,0.04840901170040308,1,4.281388070129077,2.6556477608167386,2,3,2,0
17,78,57,44.30402810450354,0.018644327829939578,0,3.5028899908101923,2.3139749726036265,4,1,2,1
17,131,30,41.146610006482334,0.02187637864253457,0,3.510201851496643,2.0220891794243445,6,7,1,1
9,108,88,43.28867619666241,0.00020396664073321524,0,3.6624386406070424,3.6428420346244517,3,3,2,1
7,41,36,50.37486370849681,0.1115654601281995,1,3.652853198523151,3.676880286046593,0,9,3,1
18,53,32,38.14434481571348,0.08943118925691167,0,3.57724979417816,4.024754138611278,4,10,3,1
8,235,44,44.76159981098687,0.012033125545575802,0,3.937824501155913,4.04848992978105,1,3,2,1
18,142,63,53.04833644483297,0.11041277237789064,0,3.358033780189809,3.82958206214179,8,5,3,0
8,87,13,47.03096843883129,0.10444300047215095,0,3.9558226315390783,3.41161277458992,5,10,3,0
6,86,25,44.014802167943,0.1091868021333726,0,3.0272159092662827,2.7943643371173397,10,3,3,0
18,175,55,54.62990207591423,0.011677673101288798,0,3.5634099320559804,2.69507133945256,3,0,1,1
21,9,3,46.744985301452736,0.00958717173781468,0,3.6949323450911455,3.021672735658048,2,2,3,1
18,204,57,36.94410418259338,0.00812823164620812,0,3.15642535941775,3.5209255213101756,10,7,3,1
15,12,101,44.13910938539494,0.11603067084751574,0,3.3992271743362323,2.5069117763790247,3,1,3,0
9,84,16,51.07827135939439,0.07925639988277942,0,3.823048385697717,2.469412379233517,4,7,2,1
18,38,35,45.839367747045486,0.02135784985781372,0,3.0782087263806472,3.287743660205384,0,5,3,1
17,84,4,52.76335469284042,0.11149913824319538,0,3.8794056643599406,2.4997216750207185,2,8,3,0
6,57,47,39.63142418861043,0.05317980476743899,0,3.7706782822085616,2.194687153720426,8,1,3,1