accident_hours,rainfall,wind_speed,driving_speeds,alcohol_levels,traffic_violations,lane_widths,road_conditions,mental_states,riding_skills,accident_types,falses
19,96,112,44.56908840966103,0.09425363718888706,1,3.450142500859328,2.934817579803771,7,0,3,0
7,56,0,46.78090885611394,0.07634258813340353,0,3.2875439348753854,3.3971230150663283,4,1,2,1
16,41,5,38.77619357988037,0.07795857540168129,0,3.072851738715083,2.633523620339449,10,4,2,1
17,42,14,44.97036624323189,0.05276749649739901,0,4.382609937005798,2.3930033076166577,5,6,3,1
18,37,138,47.1239118739215,0.04739402824231333,1,3.30423080960312,2.3899525922233242,6,6,3,0
9,65,4,38.67825900498515,0.01943046296241894,0,2.790834755017533,3.05378528995721,8,8,3,1
10,168,15,37.59335348445402,0.008493684355408785,0,2.9064640584912977,2.93882398240868,7,4,3,1
19,46,43,50.938878403236416,0.11135898015101801,0,3.628963511360317,2.714888846256061,1,8,2,0
10,5,123,45.5795631967303,0.11239484376388008,0,3.2024473408338077,2.819019280232367,5,7,2,0
7,163,47,33.27835275672187,0.07695575564550038,0,2.7788973951626277,3.1824830306202783,6,7,3,1
18,57,1,41.6030212729579,0.04656735427639602,0,3.031346820418726,3.01957766331387,0,4,3,1
18,15,11,45.39618240959042,0.003010801004473511,0,4.0415788592694595,2.6831940711277,2,4,3,1
18,32,19,33.62664785409636,0.05371873703181476,1,3.9554005463448654,3.573550704371826,8,1,3,0
17,56,44,40.3913751820172,0.07907704062367577,0,2.7689094006773414,3.6503051485096263,10,3,3,1
10,65,90,43.39931475223086,0.036034422115804016,0,2.407825494520172,2.5621115094451743,10,4,2,1
18,152,4,43.40028401936436,0.0410924714007528,0,4.288746490271471,2.3792970546808836,7,3,3,1
10,85,23,39.726243962257136,0.05667880914920636,1,2.8299922083078717,2.9637391462603335,7,6,3,0
5,19,28,44.29519059537162,0.05939013059014824,1,3.242923936038443,3.2314676857609412,7,10,3,0
6,2,4,42.972379786973114,0.0891437768867896,0,3.4995278226606397,3.004960069354526,3,10,1,1
18,62,8,44.029549159159416,0.05997134856687147,0,2.69063430763302,4.102579764930609,4,5,2,1
18,3,40,46.54615640421784,0.10143296557074927,0,3.651728023566399,3.0989964163523966,1,6,2,0
6,94,10,35.69775275394443,0.057933184004408916,0,2.823652439518705,3.1040063036228043,5,10,3,1
8,52,10,48.56964880366575,0.0038294306098506678,0,3.207077691527105,3.2845755562571646,0,10,2,1
10,95,37,47.63473292402097,0.01696873386563972,1,4.540217647907021,3.0981635647741537,9,10,3,0
7,50,28,47.42005817659335,0.08617941504252766,0,3.3379017529092065,3.09028000390931,10,7,2,1
22,225,26,44.1056668679636,0.05422340707226876,0,3.4543395784544972,2.2781594103400633,1,1,2,1
9,43,11,44.00068108766355,0.05534609199783188,0,2.8317120230437123,2.8237049615442977,5,8,3,1
8,62,5,44.38201252617563,0.11736081639662042,0,2.282264597481837,2.8822312019886387,4,1,2,0
8,42,13,45.370857764122825,0.06857539122985272,0,4.014450133102281,3.2784940799040725,8,2,2,1
20,67,9,48.95920385890938,0.01403044134799643,0,3.952683192804991,3.6722321514437124,5,8,2,1
19,21,28,48.77820725375791,0.052050525520210424,0,3.683128892431291,3.123837734367585,4,2,3,1
16,50,137,43.5895391026191,0.06735903511880761,0,3.471128681506295,2.7247364219304657,1,2,3,1
7,89,26,47.94468726901046,0.00449587577981851,0,3.595212158773921,2.271713232784328,3,8,3,1
19,30,6,47.44247372733751,0.04375318258435161,0,4.2745705108163845,3.8831645566369017,6,6,3,1
9,57,24,48.46356662944534,0.11613817583006389,0,3.889438109573775,2.809141861052723,0,10,3,0
18,148,34,43.07426842400911,0.09015638656207821,0,3.9023090493298915,3.457672735317937,3,0,2,1
8,6,46,51.42063873373705,0.04465830811723295,1,3.5613982620448392,3.1749660612487003,1,9,3,0
19,10,14,49.04021404282586,0.031453412263551715,0,2.8698069773805126,3.6053101034327972,0,1,3,1
7,83,79,39.55376893595996,0.03397828766623182,1,3.168271098150454,2.188782278288781,4,4,1,1
19,74,12,40.993512432122486,0.09940974628140013,0,1.852276268664199,2.441555775099588,3,2,3,1
7,109,133,52.599150640298106,0.04819523743237784,0,3.3052157415782233,2.5893578864384437,6,6,3,1
8,156,38,35.72307979230446,0.10118097915677701,0,2.9382043336775743,4.0888355106895515,2,1,3,0
9,36,42,44.87124405856875,0.10904923859465288,0,4.491412662640604,2.494310924103387,0,1,2,0
16,67,69,55.49980092618174,0.055703900622387094,0,3.60112359418816,2.7463039007596697,0,3,3,1
16,60,20,50.372400661105516,0.11343269132935635,0,4.43102664852106,2.8090236126412162,4,5,3,0
16,6,73,50.128259266553016,0.03599416688786966,0,3.0130002629072816,3.4627888478632904,0,7,3,1
17,98,49,39.03967086529203,0.031202470709890465,0,4.093938404075787,4.146935088998455,0,7,3,1
20,163,44,48.976749434990836,0.012876237011395677,0,3.723067395906698,3.4811777612336847,3,4,3,1
18,188,18,52.66864798890078,0.029496488226428207,0,4.005149140249374,2.96076845008851,10,2,3,1
18,45,47,43.45121093234812,0.09271844287158006,0,3.384614316927428,2.175837152316991,7,3,3,1
20,28,36,45.01532113136929,0.048454514880389675,0,3.444815764068739,3.4047273172351398,8,0,3,1
8,16,81,50.06237205630276,0.0177795456578959,0,3.7845974779054923,3.178291767116513,1,2,3,1
17,4,26,43.92121817299569,0.012843781011810508,0,3.583018775076636,3.1549779764699233,6,9,3,1
7,72,81,37.42433859801311,0.05882900240294296,0,3.2571363276269922,3.128722950365753,2,6,1,1
7,31,8,31.366862296425943,0.06472253030263143,0,2.8151975425023275,3.2272158812796583,5,10,3,1
21,29,29,46.57781983697316,0.09534660040148706,0,4.252979111714071,3.8394342861740784,8,9,2,1
6,76,89,42.480575604049285,0.08577697035510727,0,2.624290123931352,2.178214589044057,4,1,3,1
17,91,9,31.245639063243452,0.020053795554067125,0,3.6926693244067605,3.3357044631010253,2,1,3,1
17,90,120,41.0086547544345,0.03322646065620609,0,3.5483337616205843,3.2003117831765993,3,2,3,1
18,176,15,43.055101857678906,0.08325170594481276,0,2.202478648410369,3.241585265645178,5,6,3,1
20,84,26,42.57706767048843,0.021668734599015693,0,3.608728724385996,2.435737625795027,8,3,3,1
11,193,33,50.65005006776479,0.0963869190388418,0,3.5004161124776756,2.445800595943711,6,9,3,1
7,5,3,48.29111326272753,0.07888291356453579,1,3.5390740799362534,2.8988058793665674,10,5,3,0
7,26,56,44.27421701414041,0.06436107765284149,0,3.7640649709109435,3.232746055340426,10,10,3,1
17,71,75,38.62960271601217,0.07731068181338206,0,2.7511795448113356,3.3447410449920683,3,3,2,1
9,116,35,48.53080482656087,0.011965877623450999,0,3.8672272153036,3.2897457129688084,7,3,3,1
19,37,25,52.34820279876456,0.0657626449711108,0,3.1140464886279586,3.725538865920665,7,10,3,1
21,86,19,53.65860219921702,0.054155969495642865,0,3.2900266354137164,3.179511113064886,6,1,3,1
18,47,25,43.634299479008014,0.061555795523263776,0,3.467519393918638,2.831859268054811,8,9,3,1
10,57,13,47.96035061909571,0.04052003531101747,0,4.14372549051256,4.215037818526502,2,3,3,1
7,52,27,41.77264609660307,0.05618123386988368,0,3.4375363054737273,3.1429574977937524,8,5,3,1
8,15,9,40.87514646280607,0.10598997074934315,0,3.0486628415204504,3.157863353086216,2,6,2,0
20,2,87,48.61447079549582,0.041382433075134326,0,4.141206503775493,2.75815863761405,5,2,2,1
8,197,90,38.743313839506555,0.005392274184956185,0,2.9618449794673003,2.9451240468687327,1,3,2,1
17,43,37,42.57685506428246,0.030777788943900302,0,3.243850559986675,2.9556168289548364,7,7,3,1
6,284,21,50.74030645404346,0.05452362753966811,0,4.163833014621995,3.5336211463664693,9,6,1,1
10,36,28,42.49527524918183,0.06401886739881094,0,3.78850293263823,3.1330446977822697,8,10,3,1
19,69,0,39.83458739310724,0.05125776346050164,1,3.1636759655208024,3.2841710326049895,10,2,3,0
8,169,20,54.968134529744844,0.09919345810033005,0,2.98697694347354,2.494869510873703,10,1,3,1
16,82,77,47.82151678415196,0.1098207501463783,0,3.8078863132751923,2.900191227233531,4,0,3,0
6,82,57,36.8038881914094,0.0584160880711954,0,2.8258096617009905,3.8813857619901,1,0,2,1
18,75,31,46.67778984426709,0.009105574493890649,0,4.16669121489322,3.243147266104141,7,4,3,1
17,112,10,44.39662918896997,0.05051847975909439,0,3.6204863180405136,2.868502371792116,4,5,3,1
16,71,144,49.05581113526931,0.02174867268284772,1,3.1088129239609215,2.9253124318770647,4,8,2,0
6,88,26,47.5125552262904,0.034019568095309184,0,3.7887576018571014,2.1159788231896717,1,9,2,1
17,97,70,44.7794320368697,0.09994792615962511,0,4.552921882907974,2.880355914710856,0,6,3,1
6,53,11,46.322459501938674,0.06423502769722081,0,3.834057094263969,3.56639565841853,8,0,3,1
8,199,37,46.590597685759754,0.09943100551689743,0,3.378016453091957,2.3823218102806503,5,1,2,1
10,65,38,47.002721611743155,0.11827516370435985,1,3.785457571500103,3.427610048566519,4,6,3,1
18,63,27,43.12036257127569,0.06542744616197693,0,4.4462008541076266,3.45155136948487,3,0,2,1
6,44,25,37.798025342534466,0.10947147160653695,0,4.111679617652852,2.960025323594818,5,1,3,0
9,54,16,43.892432394914,0.08201591642768725,0,3.4661821899760343,3.1151733017246013,8,5,3,1
17,207,41,42.717441387456326,0.012218219137164215,0,3.533276694867923,3.6983361514156217,4,0,3,1
17,159,130,44.69856528861901,0.05014786882696033,0,3.7681276431071717,2.2971629138237435,1,9,3,1
17,22,7,50.516012999335025,0.0790727858603377,0,3.4937332593364685,3.354022540848521,2,4,2,1
20,271,45,52.27641138112182,0.08463139825847965,0,3.177746146267176,2.453345824173194,1,1,3,1
16,175,0,48.59336303605043,0.10327991749105438,0,4.044476753960643,3.4450865590401603,2,3,2,0
10,4,35,49.061907278246665,0.07647495581259596,0,3.7495143499779493,2.4760794884252126,9,10,3,1
8,72,38,44.53919048628582,0.010811256322600226,1,4.052868901605151,3.639004958487513,1,10,3,0
17,47,20,43.0694155493325,0.01709315935095301,0,2.9064426552745632,2.8089905514359783,7,0,3,1
17,79,17,48.6795123594419,0.03939865610962269,0,3.433128992596185,2.190627351233444,3,2,2,1
7,65,38,49.863791460758975,0.03528524676783106,1,3.2957549243915487,2.888759848689964,9,7,3,0
10,58,18,49.79708359524397,0.026592643147394783,0,3.2422332559968194,2.5404218203369413,6,5,3,1
16,195,30,44.290322420431686,0.07407554421657656,0,3.3749467102586497,3.5178638138482086,7,0,3,1
18,184,31,45.41676675690414,0.05156520890344758,0,3.033753436423302,3.7325918819137858,5,2,1,1
18,73,35,54.6895913347919,0.08219865371342726,1,4.215823376614215,2.6954313061157795,10,4,3,0
17,0,116,32.86788598822038,0.04643627737756982,1,3.251269827266939,3.2138418794787933,1,7,3,0
8,185,14,49.90291584686429,0.032889824263982036,1,3.301149250894443,3.200597787796003,3,10,2,0
7,94,68,43.29775618522616,0.06605654081095548,1,3.5300199005032007,2.7450029624579066,9,1,3,0
18,127,15,43.29896383651565,0.011611208608117906,0,4.057213675861923,2.9602803107248006,10,1,3,1
9,5,34,43.572577956925166,0.11863900045609739,0,2.5553607770455216,2.760797402713273,8,7,2,0
19,166,33,35.74286146407412,0.07867559194901437,0,3.7748127726663143,2.747484402583996,2,0,1,1
18,54,41,43.95070149656922,0.014659481877758779,0,3.050455566469414,3.4291948628757862,9,1,2,1
18,173,31,51.39679677381885,0.07468903210071257,0,2.929945459081159,3.003916496367502,1,10,3,1
18,5,1,43.53090181911625,0.008931863680470218,0,3.154862102538447,3.427473077773227,9,8,3,1
6,60,0,44.21930976353046,0.06074710930492184,0,3.113283029113721,3.7737706189411693,4,10,2,1
18,27,59,40.549019072782606,0.034903563484230446,0,3.6995456468533847,3.1009903653106856,0,7,3,1
7,95,73,45.10884663004622,0.08409155481516714,0,2.3314713436348335,2.497119228222319,6,0,3,1
19,274,31,32.20495140221705,0.05844863941979862,0,3.0293865710081516,3.1951549276763904,3,6,2,1
18,61,29,41.03400684095455,0.09430498687928124,1,4.039447504974804,3.15366223607878,0,5,3,0
19,17,16,46.93488052275312,0.02757097567247444,0,4.116300261565445,2.8028961774796026,1,1,3,1
9,11,4,38.366508041296115,0.0787414878884528,0,3.229079700803748,3.3712303610640095,4,3,3,1
10,52,41,38.81047503374472,0.08254068301366002,0,2.949671678641014,2.8094227520387873,7,4,2,1
6,225,49,42.66582884588038,0.057302046122997705,0,3.1670116798630064,2.8319312270893606,0,9,3,1
7,96,20,47.48810212967878,0.10299667912227098,0,3.628250369297578,2.7036600815669107,5,6,2,0
11,34,3,50.0562811973983,0.017597706711409714,0,3.82528227898345,3.099285847231092,0,3,3,1
8,58,17,45.00599478575451,0.0910096255786222,1,3.525934636953335,3.123174268253121,9,7,3,0
11,73,132,43.43161561566126,0.015838521480476094,0,3.7027735963496577,3.1483028693082074,7,1,2,1
17,181,72,47.02643755641277,0.018828532612201146,1,3.731443561088986,3.3764158795368426,0,4,3,0
8,3,54,43.88359673919333,0.024178449990021767,0,3.520051405424023,3.1234267482771996,5,2,3,1
18,27,86,48.6742332895931,0.0793292073621547,1,3.661598292209622,2.675139586881761,7,7,3,0
20,120,42,52.425873934332955,0.07668150405546913,0,4.713760312763434,3.0252427141352696,3,7,3,1
15,52,45,44.21139260709009,0.05350636599867369,1,3.1946973300372523,2.452342191553436,2,7,3,0
18,45,27,39.30322049743483,0.03773570334331294,0,2.8185768504935367,3.6674642331818372,7,5,3,1
19,58,26,44.7089574517391,0.07353265328547451,1,4.4439655691986335,2.1939974799569875,8,5,3,0
19,97,46,55.07282040005763,0.017302671255687272,0,4.411492475141985,3.029555891674499,4,9,3,1
18,71,16,46.58416270206582,0.07543908257554245,0,4.445640966214578,3.1296505297932664,2,8,3,1
19,86,89,40.089637740627936,0.0014342206090737707,0,3.2776667678332254,3.5304970125242594,10,4,2,1
9,86,47,45.17948352402378,0.01733627291445106,0,3.8774069982818498,2.67478462198537,5,9,3,1
6,67,35,44.635628500614445,0.08495114136080026,0,3.776446351272128,3.228105017018585,5,3,3,1
9,19,8,40.84466222567606,0.10487640402531972,0,2.5751958756498126,2.11216050805704,7,2,3,0
16,52,7,51.30669343459811,0.009072004480429134,0,3.267163117937976,3.291034841801402,9,1,3,1
7,129,68,48.08923859373631,0.0766520478476696,0,3.1625088117304707,3.1105934112312976,3,9,3,1
19,37,73,50.797920570299645,0.0074287062331806104,0,3.25955315450306,2.646133839466146,8,8,1,1
19,256,21,29.539304313392947,0.10547635787373234,0,3.917529901612738,2.8277393878509134,10,8,3,0
17,86,15,46.40019342675827,0.04699979235297635,0,3.107102225719566,3.1671964937603865,10,7,2,1
19,75,22,45.39112912845524,0.0889411169168185,0,3.371114373289727,3.0208239540127084,7,3,3,1
8,32,13,40.084984718039344,0.020730257347013985,0,3.8529784395361557,3.0810054564344984,8,9,3,1
19,32,15,47.1888882112551,0.10336204403595083,0,3.000877415267486,3.009593318591826,9,3,3,0
10,80,53,40.17556540979482,0.05150044706544968,0,2.9821079792134473,3.0355285383439585,8,3,3,1
6,42,42,36.9680377443584,0.025062869073889372,0,3.196186307890763,3.58054055307974,2,5,3,1
9,26,33,48.631747855476185,0.0686939036344404,0,3.5229409840204693,3.3772761350053453,0,3,2,1
17,98,25,44.22511255439622,0.03457936293079309,0,3.891892649613914,3.134784930573391,6,8,3,1
8,126,1,36.81004000292014,0.03444602817331022,0,3.5696129123380813,3.1082158655458687,6,5,1,1
8,13,27,52.18318160894461,0.013745445879203464,0,2.2418752914288302,2.8697932142234377,2,9,3,1
19,86,15,45.3010920849047,0.02566770686417177,0,3.4065315232192783,3.8094065695171437,2,10,3,1
7,56,7,40.9796351523608,0.0957436202089321,0,3.528688107156406,2.694388327831263,5,0,3,1
17,68,2,36.83907774276818,0.06282942844519548,1,3.223229502636256,2.2686925075772133,9,1,2,0
7,163,92,39.47970868956219,0.04259274940822339,0,3.441213343941746,2.4769684394714138,2,3,3,1
7,65,13,36.83009764176746,0.11152477572022469,0,2.9436437162269473,2.0615068888785295,9,2,3,0
18,91,2,53.564640633146595,0.09568650801828468,0,2.952723510175192,3.438002531046584,9,7,3,1
20,54,1,54.99911425626898,0.037232659850841406,0,3.0627778028578416,2.261518921470053,2,2,3,1
8,89,18,51.13161353898052,0.013287906157370109,0,3.321556739437524,3.5763892457019777,8,10,3,1
10,2,42,36.70017222191112,0.022121017527855613,0,3.130504852993122,2.7341757419863923,10,1,3,1
18,16,29,47.70441546535741,0.08102023414072104,1,3.938933578448143,2.243420457179037,1,4,2,0
18,62,3,56.66759597610344,0.06756800298669557,0,3.7758752684196653,2.9352427323427874,5,8,3,1
16,61,71,40.98663452848407,0.11769332407409336,0,3.968236724281089,3.8315610738022947,8,3,3,0
4,54,76,44.54701145367045,0.0016192779200535055,0,3.5310076382042674,2.808226073398424,3,2,3,1
6,65,39,53.97725806611298,0.10521519084779808,0,3.178317668258532,4.117900634700267,0,9,3,0
9,54,17,46.741767414730916,0.0017123051384652665,0,3.3949508590861437,2.282534812620391,1,9,3,1
18,68,39,48.34023319747383,0.0509711077604201,0,3.4376777231328814,3.1220523294581164,3,7,3,1
18,7,7,41.57756166996515,0.10999064438394547,0,3.8190417036072155,3.237238125649829,0,8,3,0
17,2,47,37.68590075511366,0.07900984907879713,1,3.32041477844151,3.419820410646993,0,5,2,0
16,73,50,47.40841966394867,0.06999596035238449,0,3.3910073435102404,3.4517425664370815,10,2,3,1
16,31,28,42.524689662513275,0.037619916681269086,0,3.26682312772785,3.020543715310601,1,8,2,1
8,27,46,41.723075587593286,0.11593530121488146,1,3.8116529359321873,3.6077693011093492,1,4,3,1
8,153,10,41.019019604616005,0.02018694675591267,0,4.613206348113691,2.6885240711485356,6,9,3,1
8,128,26,49.134131331587625,0.032386502631197904,0,3.93006628189782,2.7223159537313943,8,8,3,1
7,70,76,47.393616712772044,0.0543546876469144,0,3.4319733497856544,2.879283039938363,1,6,3,1
10,276,4,54.57225291744993,0.015155898674777223,0,3.792453208784038,2.853347563306153,0,2,3,1
19,2,47,50.78464080785989,0.05082567115109076,0,2.5383885111916875,3.102723267055351,2,4,3,1
7,49,1,45.768534471323164,0.004721157053006393,0,3.5068220771842853,3.3234019467033393,5,2,3,1
8,154,28,45.521987338627284,0.11089425186850871,0,3.391057296583005,2.9389598602773113,10,0,2,0
9,0,20,50.299603741643224,0.03865669632104696,0,3.492577947950782,2.700417216139174,6,1,3,1
8,193,34,45.749185851220346,0.07605630980901057,1,3.9128507727988437,3.370541178102254,2,10,3,0
19,89,58,51.217784371528815,0.104463248618509,0,3.021558997259832,3.27921406655168,0,8,2,0
4,81,35,45.902035216194456,0.09819914478157118,1,4.145743012025681,2.634920826552495,1,7,3,1
19,34,10,48.34744039063982,0.10480689306449499,0,3.863066563870805,2.2788993906146393,7,0,3,0
9,56,29,52.531740994697564,0.08643703788226317,0,3.8924167165036097,3.445789657878456,3,0,3,1
20,4,69,37.21314528699345,0.023249259866560193,1,3.5048017255954202,3.158505655674099,5,2,3,0
15,14,58,52.04666796522353,0.04398582500892532,0,3.383633303294001,2.237205315971307,6,2,1,1
9,108,34,52.37101751793358,0.06144380607209532,0,3.4547825058078425,3.3379213756245543,1,0,3,1
7,84,6,43.86645700261318,0.04043404215863221,0,3.3854232537837765,3.036808676460548,4,9,2,1
16,14,23,45.6112393622087,0.11462807186928278,0,3.511512727183408,3.295755745075014,5,0,3,0
10,54,14,43.49247624684454,0.0968204342212627,0,3.681775361437119,2.8781934187227236,9,9,2,1
18,93,129,42.241545806268796,0.09587420005221593,0,4.138765925688857,2.650636149642543,8,2,2,1
6,13,4,51.40298778529721,0.04333263759229422,0,3.204858362408168,3.98799385045253,7,0,3,1
16,25,40,38.0274888991884,0.09058061986140133,0,3.5798486338829547,3.5306824029134964,8,8,2,1
10,85,6,45.79781163737808,0.07368631827293524,0,2.8809441489225938,3.148464016597705,10,3,2,1
5,96,91,38.61962859692966,0.04502573188180043,0,3.665947924615053,2.852940146224318,8,4,3,1
21,58,10,42.47018120155279,0.036993590032465426,0,2.6694997757916714,3.7376841984818556,2,1,2,1
17,10,107,39.49163648951823,0.09466023776546338,0,3.052776568553512,4.314998369287824,3,6,3,1
19,87,68,45.554255930256716,0.07161599895980976,0,3.3344476910059777,2.642911859406889,3,3,2,1
19,201,1,47.7470687139343,0.00443944634480514,1,2.706451752805943,3.0333713090120216,4,3,3,0
7,155,94,50.99806899912443,0.0026038852751230877,0,3.1152779894848397,2.8745229168811157,6,7,2,1
8,18,32,45.022351494765076,0.10103647970317199,0,3.877734971032125,3.07543238417293,4,6,2,0
21,98,21,54.89000658431499,0.01077830508774364,0,2.3864308070974145,4.186202597487881,5,8,2,1
18,63,14,42.88301158444807,0.06232341224067401,0,3.581400847180506,2.5105456187872126,6,3,3,1
8,84,26,48.94538292689092,0.07303965702741688,0,3.916392030211676,2.954311940325683,8,8,2,1
16,95,48,51.99629287661118,0.1099154547090748,0,4.457356218422851,2.261185726867591,4,9,3,0
9,170,82,43.378028102040595,0.06174316435029197,0,3.020536638827242,3.501895783537557,6,4,3,1
18,271,54,47.997765618247925,0.023283455542845045,1,3.508436330804316,2.4886724987802813,5,8,3,0
20,53,24,32.58297358995451,0.03128046279309862,0,4.157890186042069,2.552672003597907,10,4,3,1
9,253,50,50.756128058231965,0.005862722613065618,0,3.067045375156902,3.0369323737328053,10,7,3,1
9,236,99,40.96705586218793,0.026646884531601092,0,3.6573377740241493,2.488068686127574,5,5,2,1
8,168,14,52.84899175902933,0.09781682583482576,0,4.06898973088786,3.140563472313898,8,7,3,1
21,29,52,44.88048592710628,0.09082543349872356,0,4.102869128004981,3.68505397410617,9,5,3,1
18,0,36,49.90626884525096,0.009833144868195628,0,3.465189091755386,3.730292810296082,0,10,2,1
8,43,39,42.0820688145998,0.057551701071959456,0,3.419922158105246,3.39680680590378,10,2,3,1
8,60,136,60.90335064503068,0.03621871789022119,0,3.2987849056838003,3.1155400355623253,9,10,2,1
15,37,4,46.00060979746166,0.07799385197934347,0,3.4792089135440145,3.2843002807614545,8,5,3,1
18,11,16,56.79741357967295,0.11536086523786497,0,4.3787794733708,2.0426499793629223,6,2,3,0
18,82,18,45.07243054604503,0.07568241078130437,1,3.690403561447634,2.199595598279591,2,9,1,1
17,46,126,43.382347031815286,0.08948394591854804,0,2.537748628520757,3.212520480498515,5,1,1,1
15,33,33,48.45458671153579,0.047775382765301154,0,3.355011943178452,2.308741732669303,8,7,3,1
7,161,17,51.16879980466423,0.003922534690677941,0,4.606516147264819,2.3617155665448726,4,6,3,1
7,85,24,49.66170971977777,0.05017185155033072,0,3.6619556894497722,2.810386740778093,10,4,3,1
16,134,89,47.86287576962691,0.06129547035020869,0,3.2846913953894186,3.524698243199101,2,6,3,1
16,49,40,45.302120306626875,0.059121595586778423,0,2.4723401286154134,2.269314922178452,9,5,3,1
7,37,8,49.360298410989536,0.028025170480847662,0,4.164466811505601,3.7133161986634766,3,4,3,1
16,81,41,47.14686282284669,0.05699912040730701,0,4.805386107622719,2.533043239363231,9,9,3,1
19,45,84,44.35459624651603,0.08615913935659072,0,3.970201973257154,2.519359560345732,4,5,3,1
9,66,10,44.2721833665102,0.03737718207225572,0,3.49880928285122,3.4558442429376917,9,10,3,1
5,68,51,52.275931444695615,0.07608032012142535,0,3.1586418194200214,2.682982189418275,6,0,3,1
19,80,145,38.480008864075856,0.01838809206167331,0,3.4718727748703513,3.4359175922228373,9,3,3,1
16,108,13,49.451212533540854,0.03336553992892555,0,3.3564420847298533,2.2911880968539933,5,10,2,1
17,70,141,48.91349525480928,0.10607134921050808,0,3.92578174190691,3.1312880565977586,10,4,2,0
22,70,13,56.2274905479172,0.0751946841381213,0,3.850375641916762,2.160685444664716,1,8,3,1
17,2,24,29.150530810140356,0.010300740689609164,1,3.6497049492202356,2.238293668534958,8,10,3,0
10,32,44,37.32865906844914,0.03175641830449847,0,3.7068804702885902,3.200080034443392,2,1,3,1
19,260,46,40.59181010589573,0.11927534571367872,0,3.0712607484020062,3.5132718518280344,2,7,2,0
18,73,7,41.85558859159899,0.032412582234305584,0,4.336472156376766,3.1272821197130654,0,5,3,1
16,106,24,49.76270755200381,0.06966107512020449,0,3.0331881237729816,3.2494977464957806,7,1,3,1
10,86,24,38.37490551027163,0.06604167700228943,0,3.197750649792444,2.9028583344453294,6,6,3,1
8,25,43,43.5765228665523,0.048283626970161295,0,3.9106531538569027,2.7794734241084154,3,2,3,1
10,1,73,41.57321941283282,0.004053333366898406,1,3.3280546247961196,2.846828840352263,10,8,3,0
21,10,29,43.565247776274006,0.03412043430217398,0,3.5296239909970484,3.3889194379790277,0,5,2,1
17,93,34,51.999386870560826,0.11440191022054257,0,3.4419069866418086,2.851077856538268,8,0,3,0
17,41,17,47.877946245188085,0.0023029108621629613,0,3.8028918534323797,2.855356604694208,2,2,2,1
10,3,15,41.9442180950644,0.0858820202189023,0,2.976874651282454,2.417904618559652,0,0,3,1
11,89,7,38.09592690341297,0.10712995496201938,1,3.824538566280068,3.5794833653974156,6,2,2,1
20,55,24,47.69093910545368,0.09148639537750883,0,2.8586299472935623,3.2281381927222506,3,10,3,1
22,126,75,41.737217222392715,0.03878994836696963,0,4.5704684306490835,3.525045031403732,4,0,3,1
18,3,13,43.66255867764632,0.062456146239702796,0,3.1484638500725595,2.84127820714034,5,9,3,1
7,44,36,43.7753999581962,0.1041057020113199,1,3.4282177018206528,3.621306132174296,0,6,3,1
7,30,41,50.55728535375185,0.11705492733880395,0,2.892865032764763,2.340560382343037,5,1,3,0
19,164,37,43.2610482640391,0.011643488187449428,0,3.1187408717996012,2.43488074026338,0,5,3,1
17,256,36,42.95014170195517,0.014921975630639638,0,2.5388098812112387,2.8497478385110027,1,10,2,1
19,183,35,40.4394015785951,0.11469727166963,0,3.1149796793737963,2.8495763728938,7,8,3,0
9,141,32,41.20980991128519,0.10471493044217896,1,3.280223330595862,3.3069559052078565,7,4,3,1
7,292,23,49.5840505671058,0.02532902762239428,0,4.114229322731338,3.231223236641159,0,2,3,1
18,67,48,45.037407598113404,0.11641248643422435,0,4.106099296263914,2.211474526666793,9,3,2,0
19,37,8,44.024867592128935,0.025080243846727017,0,3.760670533127107,2.958910353197816,0,2,3,1
15,36,33,38.37913600457988,0.01062183207287473,0,2.7040599805202206,3.6066048726195903,10,3,3,1
11,210,11,39.82950369745249,0.08182628088174448,0,3.522168479924157,2.9341719844218157,6,4,3,1
21,80,40,47.680522399397574,0.06477552193214109,0,3.775664728200007,2.5093419361558134,3,7,3,1
8,131,83,43.916947388146,0.02875980336030999,0,2.9317909874553374,2.51022830690224,6,3,3,1
8,12,20,43.91264010232885,0.11139334092552836,0,2.947926988307672,2.9191187207760896,1,7,2,0
7,118,15,46.783439929493404,0.04850878543395714,0,3.4776964060459425,3.255397365107982,5,3,3,1
15,80,39,48.22459491057108,0.04834879082603559,0,4.1408092644500485,3.990382252711722,7,0,3,1
9,208,28,48.47002177709243,0.07581910225983322,0,3.879250624600132,2.513230235303628,7,2,3,1
19,259,89,43.589521596569426,0.02769540536772482,0,2.8140713238706283,2.7762020585228426,9,7,2,1
9,210,35,44.408807168492224,0.07042170065779768,0,3.705711437663761,3.7171970454978425,3,2,3,1
17,33,5,47.635829753905206,0.04367821771742145,0,3.8298745173799498,3.031291791357205,0,4,3,1
16,58,39,33.82010391508863,0.08340106010306345,0,3.3755397143420254,4.15565390898841,4,7,2,1
6,3,32,45.823044748591414,0.029724896263972893,0,3.1748558100470485,3.0031249712829684,1,1,3,1
6,9,11,48.560012872717394,0.022255430708141438,0,3.3329526031359604,3.392469815960618,9,3,3,1
8,90,27,41.53617668058587,0.029977651634891096,0,4.1390414915160765,2.6298592554952265,10,5,3,1