accident_hours,rainfall,wind_speed,driving_speeds,alcohol_levels,traffic_violations,lane_widths,road_conditions,mental_states,riding_skills,accident_types,falses
9,78,16,38.62150960737506,0.1123121791872653,0,3.455751011782152,1.2956446610381733,6,7,2,0
16,95,97,52.14294634409974,0.1019074711382502,0,3.9446278273864603,3.003521396467319,8,3,1,1
19,56,24,41.04800882160303,0.09946780729993761,0,3.438229220655597,2.475590902422761,7,2,3,1
16,6,46,44.790525094424424,0.09368335956076895,0,3.842232584237012,2.4194569468916063,5,0,3,1
8,2,15,46.55511558458231,0.07643408667345662,0,4.692385136985261,3.2239594886664165,9,6,2,1
8,75,38,40.45137965875271,0.01180790686669595,0,2.578167962879335,2.9629960810542206,9,9,3,1
20,20,59,37.124030937343406,0.03895823029361366,1,3.2778778223229477,3.1071153108690353,5,6,3,0
7,51,19,46.40609492847973,0.06742424625445695,0,3.8353673113520412,2.1780884933230453,8,7,3,1
8,178,21,38.04195288092871,0.012689967213264607,0,2.8099348543139735,2.751066811218935,4,1,2,1
8,46,19,48.372676920867335,0.0036139662366895474,0,3.865916442230355,3.743226753062102,2,1,3,1
6,45,0,44.25250135713952,0.011211426065404062,0,4.080951454245931,2.3948706111399547,4,8,2,1
9,97,43,55.73735741763422,0.012968357403117164,0,2.6762277978276097,2.518251477028072,2,8,1,1
21,139,120,45.71442055733127,0.0131446066521822,1,4.124210742580473,3.490357499592177,4,10,3,0
7,76,44,41.427498608480995,0.022820667001807016,0,3.0539256262495345,3.1026767287520327,6,5,2,1
15,86,76,48.94873107591491,0.05989159823286724,0,4.313446693759756,3.016854400861918,1,4,3,1
5,84,22,50.37668517953,0.03425407720842825,0,3.552417516748603,3.1249449203942525,7,0,2,1
16,85,26,38.27555581888545,0.10321590015237317,0,3.8012448813357933,2.491331469823621,9,3,3,0
8,288,69,47.15996492399094,0.10513662969540843,0,2.9055552931105653,2.372494814574191,4,4,3,0
17,227,7,46.723289105976775,0.11042997050710443,0,2.9664871502038976,2.2317129509770384,10,9,3,0
8,29,21,49.8388583242585,0.05653909659849479,1,2.821925978882294,3.7259378831791685,7,2,3,0
18,40,0,39.87385105079032,0.09288501580245263,0,3.371290093789397,2.2166592125739135,6,4,1,1
7,221,5,48.60464429755717,0.07091793783063689,0,3.3914104426730747,3.0287654745216344,3,6,2,1
9,16,123,47.06383554635263,0.01732471127517061,1,4.196893573726254,2.7296167194847696,0,7,3,0
8,68,15,43.792187765435784,0.07628383213126379,0,3.2185240495593725,3.560553385695359,4,8,1,1
8,38,21,58.363362218799466,0.10044252428024977,0,3.3084531438553944,3.0074041440520314,9,1,2,0
18,199,32,39.061610231557765,0.04175288121483458,0,3.662323175673053,2.356491100118861,8,7,1,1
17,73,9,43.787697884566924,0.08960103923188285,0,3.9067554279729033,3.136948045756811,10,7,3,1
17,54,13,40.52416161940968,0.09294206960757491,0,3.345248086518959,3.1519204128572924,8,7,1,1
16,0,48,46.69184554789304,0.07722999908768126,0,4.094382417589186,2.5842237041898937,7,8,3,1
22,51,59,53.532047474505625,0.10599291546512574,1,3.264158711514668,2.845972480594633,0,1,3,1
19,75,38,52.16239825898489,0.01737856328360462,0,3.122366843494403,3.467336410547452,10,0,3,1
9,23,33,31.86049612248569,0.10120999693768098,0,3.812948522703683,3.6660523212344174,3,9,3,0
8,28,118,52.89609572411756,0.07328772827618955,0,2.4140422956584753,3.0192762514764753,2,6,3,1
21,56,19,42.50068220652347,0.1026794756652452,0,3.7723790172630958,3.659792796987219,0,10,3,0
9,208,28,41.503892200843644,0.06392131456902372,0,3.7189813308025474,3.162582110567061,4,1,3,1
8,45,3,45.74688713661319,0.03935550435842424,0,3.7388958572240774,2.8216207677325555,9,6,3,1
16,25,16,43.571627803080624,0.10766323877826868,0,3.555917005113965,3.086823683656729,8,10,3,0
11,3,13,43.31293016111313,0.10528843116937352,0,4.186411212704255,2.5895403514864124,6,8,3,0
14,26,43,41.32863133753228,0.03212131883947261,1,3.8075498003514814,2.744761218811818,8,7,3,0
18,261,47,46.60475194452453,0.08929298651938895,0,3.905216429891339,3.4527089548147574,0,10,3,1
9,69,95,51.08909522894275,0.010955365089533323,0,4.272660964467486,1.9073535150456038,2,6,3,1
6,74,40,45.72925408808057,0.010317352118228124,0,3.5701419215919823,2.7913790455823664,5,7,3,1
8,32,15,44.5037851004261,0.061368534597733726,0,4.14199824112603,3.024304487388947,7,4,3,1
17,59,47,48.094190472168336,0.004291390921206899,0,3.21746696653411,3.420982322193981,6,0,3,1
17,87,95,51.3383963312065,0.0520503702874368,0,3.990287418106432,2.868859159922864,1,10,3,1
8,63,28,45.6391311644096,0.09488971425847476,0,3.667151171399181,3.381666824801168,8,7,3,1
7,70,76,44.19993213096865,0.10673684084373548,0,3.376822425580547,3.085010476713085,1,4,3,0
7,68,11,48.16531243582509,0.030573771874588533,0,3.9343316189510933,2.344285701317049,2,0,2,1
20,158,21,41.56617767168609,0.0092376320008439,0,2.994950598663496,2.7456492405006996,10,9,2,1
18,19,48,34.73531888559141,0.07567852699759196,0,3.0127902375268825,2.9613275792036977,10,10,3,1
18,8,21,48.05761739197842,0.031779940930100364,0,3.3202587333354274,3.134948838518875,1,8,3,1
8,2,38,42.90701786068557,0.0028137815055195815,0,3.430438011514518,2.789445297388506,2,10,3,1
16,270,75,42.35591205619534,0.01574375750106429,0,3.4826262336361684,2.650256032492843,6,1,3,1
10,51,12,35.48920333702364,0.11260268980411409,0,4.028197986356325,3.2864731547596313,9,1,3,0
6,88,26,41.262508666558816,0.10500915739206869,1,3.323554815564119,2.856206145434182,6,0,2,1
16,43,34,43.234261608135206,0.09955408851383502,1,4.109181235264965,3.1556199541645356,3,3,3,0
7,40,24,52.20183007367754,0.04073682487840819,1,3.724547705998616,3.2723019305475325,3,5,1,1
5,94,18,53.7667123359801,0.08574272815360627,0,3.457859508401622,3.702576220687897,0,5,3,1
17,50,1,44.09343090609442,0.11484177373120237,0,3.024484230154648,3.21194910703036,0,1,3,0
16,94,22,47.74097230247273,0.06810973166496945,0,2.6261936971052147,3.2981708279146242,1,8,2,1
17,78,105,39.262459222003805,0.03997154508219525,1,3.56104960325616,3.209091832519011,10,3,2,0
20,96,42,45.62415757452129,0.09591953209795494,0,2.569578909203133,3.042860282299518,2,5,3,1
9,96,44,42.946360950145944,0.051640497369725515,0,4.299231330674852,2.413225013332523,5,9,3,1
19,119,41,37.107600758037734,0.06928124301583466,0,4.041320490678948,2.796246923747964,1,4,3,1
18,96,90,50.65818791850449,0.06494536086165117,0,3.279593726004588,2.3746900827593067,9,2,2,1
10,68,83,45.99484836850719,0.02609014256726721,1,3.009352435162836,2.5637859526056497,7,2,2,0
20,12,24,48.46613776742039,8.008970727273468e-05,0,2.8791323754286458,2.7669722544694313,8,7,3,1
17,39,48,43.046008369197885,0.11986032617171506,0,3.2247137713473206,3.347114660608089,8,4,3,0
19,75,62,33.44565256312575,0.05001981276514842,1,3.36581024127679,2.8072644412132672,8,6,3,0
17,77,1,37.8679205234675,0.03405797659298468,1,2.605874593843009,2.576952592665013,0,0,3,0
19,46,87,49.56688812399058,0.09190579281543199,0,3.2243192439824178,2.7840757749198795,7,5,2,1
8,99,18,43.775016889182666,0.07110296552755323,0,3.3028331243629956,3.6473360752302413,8,6,2,1
9,87,12,48.04804792247128,0.10565518540726944,0,3.977186966652974,2.369620614439844,0,9,1,1
7,83,25,42.87636340795177,0.09373212113726884,0,3.6346603055298154,3.246461900476458,5,6,3,1
19,39,71,45.46622336931532,0.0338123116529279,0,3.217797092038002,3.2768553292931135,1,5,3,1
18,99,39,45.00281820241288,0.07106931147246608,0,3.2225078318569236,3.4709213640064025,2,7,2,1
16,32,92,40.386311863665,0.060324234552192255,0,2.9255967864101597,2.6172207894197452,9,3,3,1
9,18,30,46.30223911282249,0.1146100400736068,0,4.021444659751941,2.5290200554104314,4,5,3,0
18,298,145,52.71630734829837,0.028748416648800783,0,3.4846860565273787,2.5073965507034903,1,5,2,1
7,21,19,42.53857363431343,0.034060138532728344,0,3.4644530252537384,3.235237115504156,8,1,3,1
13,93,34,36.692257494618055,0.11045138482465466,0,3.178262899061103,3.016810367494235,9,4,3,0
19,54,41,48.59944941550342,0.05493730279953685,0,2.959923779036366,2.4817154218823525,7,5,3,1
6,88,17,38.14476665984464,0.05487054096009708,0,3.7777322362513996,2.447579194974792,10,4,3,1
18,52,73,40.07778411935652,0.10418503188442978,1,4.00393549945557,2.656235304594175,3,6,3,1
7,111,23,43.631065031403054,0.03552606445268719,0,3.1703571884835315,2.7271508232742336,4,7,2,1
7,156,33,48.15599562657221,0.08362771675629935,0,2.705154917855035,2.6276552130238175,1,6,3,1
16,56,149,47.424463528970485,0.08658276880492899,0,3.635515182384797,2.978132748535301,0,1,3,1
19,147,23,43.39671570446201,0.05308780160395016,0,2.7770255613059547,2.9462970365669956,4,7,2,1
16,4,26,38.40946329204481,0.040075262059435436,0,3.963700248197105,2.3382963283616114,7,5,2,1
18,22,97,58.4130482310451,0.08959867656846221,1,2.9965249288476916,2.718294358489275,8,4,3,0
5,12,118,45.91758923218026,0.03071085140182162,0,3.936425577666756,3.4689064755908805,1,10,3,1
8,8,140,49.10016360993051,0.09831718850428041,0,3.382409552451525,3.1898295507774774,6,9,3,1
17,231,15,47.41985229381007,0.04996937689458577,0,4.048931022310285,2.5984659519554336,5,5,3,1
9,58,138,52.521051778341615,0.0022052782886292778,0,2.895082682738559,3.318142858380571,8,7,3,1
9,48,81,39.69275490922744,0.06831253845221784,0,2.6727597166929273,3.551850008350259,7,5,1,1
8,193,44,46.82479143542953,0.023330133023764472,0,3.5531625823595445,2.9309090441609285,5,6,2,1
6,8,35,43.3991026112342,0.05598782705794203,0,4.1058083743616995,3.6442308571126123,2,10,3,1
18,94,11,39.577633798899186,0.09700025655150134,0,3.7474603202003656,3.424590542047934,9,5,3,1
17,124,45,51.51330784091562,0.022801566052330982,0,3.439731881514707,3.2830789369514712,1,6,2,1
7,70,32,40.28193882935715,0.024973538880185928,0,3.6896165480369576,2.7052747339859144,2,8,1,1
9,68,46,47.41437800806484,0.056861518260278694,1,2.717362547155492,2.1481690342142556,7,10,3,0
17,89,41,53.43095408567764,0.057180136166702505,0,3.7211858625636944,2.3677775175032103,5,9,3,1
8,7,23,53.323507590416746,0.05444039137872733,1,3.509956403669684,2.264394819030362,1,8,3,0
5,25,45,40.386974405385736,0.08333915733480267,0,3.237623489155925,3.3825634949382284,5,9,3,1
9,0,37,49.87153897046375,0.032291753159158075,0,2.710765622894024,2.8243106858800004,1,6,2,1
20,73,4,47.95262180428178,0.03126333617628393,0,3.818375540356367,2.9040101307389916,1,1,2,1
19,62,26,39.10089002910096,0.0026833311400509307,0,3.1155315268655865,3.7960800070182534,2,6,3,1
8,95,22,35.7209018196482,0.04580816214283559,0,3.030209844998706,2.2504508072643157,1,6,3,1
15,4,41,45.03150220120595,0.02349278495688229,0,4.495981570770451,3.247927118714059,10,9,3,1
7,7,16,51.045459748845815,0.07099179792657553,1,3.6342736763882866,2.8518509572686175,10,2,2,0
6,31,7,59.54955286313073,0.02174048276824152,0,3.0146897931856635,2.0499865949213056,7,2,2,1
16,60,89,41.971090965810966,0.10734372624817419,1,3.9804040158383605,3.120805421159389,9,3,2,1
9,30,101,45.9104941577711,0.10188171868637168,0,3.475973772246646,2.440286557221774,9,4,3,0
5,34,6,39.801882453929466,0.09182039086315344,0,4.080954638290179,1.9467952202738,5,2,3,1
17,13,0,52.9349920501914,0.09702290230346519,0,2.7407646525441467,1.929429375382409,8,2,3,1
16,51,23,46.607649628216684,0.11514999216949345,0,3.6345137691355087,2.569559576679028,9,9,3,0
9,8,40,47.199237052046165,0.03837707285121818,0,3.232949675002935,2.6810270278276835,0,1,3,1
8,14,40,45.64838505576434,0.11758310412869052,0,3.430415824184227,2.8921836423490315,8,7,2,0
20,71,22,40.82263717427739,0.10686271987703563,0,4.27094896523875,1.9141319330759132,0,8,3,0
17,75,42,49.55492579842,0.04342705075516244,1,3.739362910668364,2.652385115181774,10,3,3,0
21,90,35,50.14198918744177,0.10368886811479577,0,2.516498254637641,3.208335721647187,7,1,3,0
17,48,20,51.40808025692383,0.1076765755410613,0,3.746722216682198,3.1394713633930973,10,9,3,0
10,62,71,50.29652832214184,0.004330597517484973,0,2.781975720000192,2.3994330636043673,4,6,2,1
20,96,31,40.23573080570999,0.10511548431721465,0,3.1922760664949914,3.697476348783275,9,2,3,0
19,5,20,44.022649852004804,0.05198935292202981,0,3.232600192555523,2.2398134276428845,10,9,3,1
10,11,16,47.160878827731686,0.09736127588759867,0,3.6158464708314932,2.104823526270201,3,3,3,1
19,167,100,41.856777424617526,0.013339678975166587,0,3.5283766278722215,3.0445362719734685,9,6,3,1
8,20,33,39.28556616236395,0.02066244129311136,0,3.2499685934007894,2.5255810619376486,4,2,3,1
6,98,15,43.59588207524944,0.11745313492999332,0,3.3936046487403604,3.2738928606720847,4,7,3,0
19,124,39,45.76493429261552,0.04994166173605468,0,4.329030402988982,2.487389985819723,9,7,3,1
10,251,11,61.71526893441147,0.09581464035366352,0,3.494018510934327,3.2508361056602335,5,10,3,1
18,92,90,51.47928297067205,0.09002929316212911,0,2.590765961129516,3.7369523746692903,4,2,3,1
8,90,121,41.42072074839351,0.09432591247765398,0,2.866809329368357,3.4110701136393855,1,5,3,1
17,262,46,41.35075105132479,0.09175468569397902,0,2.997482610390188,2.715778332674623,4,7,3,1
7,13,76,39.65658048579155,0.10967514952343961,0,4.566180361872782,2.6940874588726005,7,8,2,0
18,0,49,48.77390033326337,0.0711104250742313,0,3.0060213548070096,2.6758993497828696,7,4,2,1
17,12,0,43.09146554890328,0.051054576247959456,0,3.0357973777816296,3.1958249784817734,8,8,3,1
12,296,5,44.32637765441978,0.11102758428603957,0,3.59319656402129,2.7260571782253336,8,5,3,0
20,78,8,42.606730633856266,0.042834337596874134,0,4.248848581225468,2.511997711847161,3,7,2,1
7,13,73,56.47251526440801,0.07568385463538811,0,3.328553379183014,3.055745610022645,9,4,1,1
9,38,39,51.51374382096613,0.10262616862603419,0,3.1594870732924125,3.532726270172445,0,3,3,0
6,168,31,40.02253825008213,0.10992208904754586,1,4.181476165298831,3.1351585092627046,0,5,2,1
18,42,19,39.2912930499879,0.11393161453948135,0,3.532151930175364,3.6285753760217516,10,6,3,0
15,188,81,51.04139326743773,0.0791919285844809,0,3.6081500103276234,2.908411425034422,9,10,3,1
21,141,16,40.23499837933693,0.08642404391078318,0,3.934337740242557,2.9504985524550063,4,3,3,1
18,21,8,51.573734789896434,0.05970248358511276,0,3.561242932148221,3.092463927318975,9,1,3,1
18,4,64,48.63867839165438,0.03418709886194038,0,3.8610010350105064,3.475100075106098,7,0,2,1
18,99,39,40.39846282548461,0.0019415430626737427,1,3.2741097133789276,3.0781046800256484,1,3,3,0
8,21,49,48.269545190370884,0.0266448882491601,1,3.1913774889717064,2.4081982976072327,4,3,3,0
18,34,45,47.038293698543235,0.11759512124781582,0,3.659542526482242,4.009202584764896,0,6,3,0
19,27,9,37.094165507359506,0.0967658195842588,0,3.9750014865273755,3.742298349494141,3,3,3,1
7,120,48,45.02789427694888,0.057484318212273636,0,3.3575386574439374,3.2894773530479,2,10,3,1
21,23,7,43.223314799584074,0.041230932820849074,0,3.2010407357759143,2.6521973839210844,8,7,3,1
17,6,20,46.839837766219624,0.0077213246289659304,1,4.355086594735937,2.7804593992445277,7,0,1,1
18,256,21,44.171364197293464,0.0012164238487536005,0,3.8103836260969266,3.302497876319035,0,10,3,1
8,3,19,46.87979084558528,0.09060726900738304,0,3.5803021695512327,2.586930558183449,5,0,2,1
7,22,10,41.91069462145512,0.11826880399278852,0,2.8036830162776276,2.8357435751080255,7,0,1,1
7,78,23,44.408211099970984,0.030459469471650576,0,3.749608954920144,2.638291077148252,6,4,3,1
17,30,26,38.39900978414596,0.032944411980477484,0,2.8998306398479787,3.0451456644776913,0,2,3,1
8,56,73,42.98985148178692,0.11216098463698579,0,3.9347457422887113,3.195052770032177,2,3,2,0
16,27,26,42.89213828370538,0.07224741779999144,0,4.265109401988394,3.3710598320460528,4,9,3,1
19,86,41,37.81019207981868,0.020857335543912923,0,4.12987265860781,2.4136892730345796,1,1,3,1
20,83,37,45.305697847265805,0.0054823814869388076,0,4.164771797607947,2.7058117971576374,1,4,3,1
18,22,25,53.09984365320398,0.06762909729755993,0,3.1175483058262974,2.647399605574953,4,4,2,1
8,146,21,41.450001622168934,0.054306873241433254,0,3.9563670793461654,2.6588553731602977,5,4,3,1
16,1,29,50.82676177404858,0.05185132702382579,0,3.3118731162819435,3.0381463592557756,0,4,2,1
18,86,18,46.42281815994705,0.11631171639536392,0,4.065137951181474,2.681383407787459,7,10,3,0
18,38,46,35.1915648023846,0.03154530188079035,0,3.624330338941324,2.3952313262594047,5,0,3,1
18,30,63,57.3350200430026,0.05855887130334414,0,3.377536493713556,3.091137526454147,10,3,3,1
18,93,91,40.429536586559365,0.02560128162769547,0,3.3518519604107513,1.8910453382457126,3,10,3,1
21,228,47,45.11315701713829,0.03861469806050437,0,3.7311692173193696,2.717681406469825,2,5,3,1
9,11,21,46.91869417859689,0.09190720494245028,0,3.2280874668256843,3.534543962621558,3,7,3,1
7,59,39,44.83005926465077,0.02367605917674319,1,2.707059612743924,3.6749458964682047,5,9,3,0
17,4,45,49.0908740420935,0.08117813783226387,0,4.043794563848722,3.29721817663276,3,7,2,1
9,92,25,51.13190470198873,0.015557332807235421,1,3.3333641630739024,2.7957136936489158,3,5,3,0
9,217,42,40.484821455856476,0.02286872951609152,0,4.223818933051772,3.3361418493504638,9,6,3,1
18,181,117,43.88665044765943,0.00277119715794238,0,4.014508862292087,4.050416921701192,1,0,3,1
7,70,55,41.633539204670676,0.07565575046840976,0,3.6676822264629236,3.171447100482153,5,6,3,1
8,2,6,41.602458187441215,0.11883845852368656,1,4.268217998079091,3.4087586703203403,8,3,3,1
18,112,111,45.55817406898347,0.07877704100290052,0,3.2723782918718767,3.9976583138501507,10,0,3,1
18,13,142,49.97647988267717,0.11079854712778152,0,3.9318435053212952,3.316801060829018,9,7,2,0
8,89,12,36.91411995872345,0.06316894874594119,0,3.569531746752991,2.631597505298173,2,10,3,1
16,198,17,44.24294660745561,0.08163437050157614,0,2.5811044688131224,2.084657146144473,4,9,2,1
8,152,34,40.76873900270172,0.11106395583060302,1,3.2967465021117413,3.3542400264658414,6,6,3,1
6,293,90,48.14698699929379,0.010346281729805477,0,3.0916416889972993,2.582565028311606,3,9,2,1
19,54,74,47.6769246014094,0.07169245169297767,0,3.195418088349727,3.2301288598344486,3,7,2,1
8,16,49,49.905075358528975,0.06906347705130379,0,3.052754592827916,2.4101473876581005,1,0,2,1
7,135,30,38.729104615927724,0.003978178623308932,0,2.5236021164525813,2.7396988283185144,0,7,3,1
15,136,44,46.728216171127194,0.018743918525302636,0,3.704267547709805,3.3969394705746856,8,10,3,1
18,31,42,44.607585915078296,0.06628193693090789,0,3.1842106549926967,1.9755467508732625,4,10,3,1
16,10,42,36.690056252534376,0.05972101462219241,0,3.4337490983779326,4.161976262427688,9,9,3,1
19,124,36,37.41309351276244,0.041259399604936665,0,3.8292005084221756,2.3244202566068517,2,0,3,1
8,187,33,42.71207990306561,0.0837261149290342,0,3.431175892596059,2.722831668623205,3,10,3,1
20,51,40,45.00755867903341,0.0432278304920795,0,3.8751820775717296,2.866775209193412,3,9,3,1
17,113,40,51.052786468553464,0.09226425134900573,0,3.741614163634068,2.8500337380040843,6,8,3,1
17,96,22,43.4887420578179,0.09710847565269733,0,3.3117636794283856,2.577750793380213,5,6,3,1
7,264,13,46.829687489291565,0.07734937436846097,0,3.6317861437861483,3.8165181053721744,6,7,3,1
18,88,56,45.43686802734747,0.033477715796914366,1,3.881530899092854,2.7029983373235456,3,9,3,0
9,26,9,40.359851181775326,0.09631897214201872,0,3.3892240800817923,3.514721302277201,10,4,2,1
15,22,13,42.609471771323264,0.030214463359878294,0,3.8093791238421675,2.4901038616338416,10,5,2,1
18,61,12,45.1264973404064,0.03636114231573117,1,3.924214769349684,2.2376685002027976,8,3,3,0
8,3,41,38.803317462008565,0.07305665730208032,0,3.2833103602790974,3.384069180059989,10,8,2,1
19,14,16,47.87894993151219,0.08268547597731149,0,3.8414152077729637,3.6126356344239063,2,10,2,1
6,11,12,52.22912971011462,0.044554841574745874,0,3.295681455143535,3.053834427907987,4,7,3,1
6,21,48,53.00963712792627,0.07096651986843028,0,3.8903079413646253,4.195183983613777,6,1,3,1
19,63,83,48.450735860399746,0.02975863368527797,0,2.976095443069435,2.889415529368586,4,6,3,1
9,169,124,46.693056921720874,0.09537782313570632,1,3.6242493584118285,3.118162619013271,2,10,3,0
9,150,37,35.71043212452234,0.11905537853219073,0,3.6074698793675517,2.686166264587337,0,6,3,0
16,40,60,39.92619808614759,0.08380415672689795,0,3.792557649253152,2.7594142168303684,10,6,2,1
16,86,10,38.116387294516066,0.03832382472910158,0,3.528308916835731,3.5899710394180158,2,2,3,1
8,8,27,42.617086835893836,0.04185088880321329,0,3.4018364035124997,3.8055682082368087,5,1,3,1
16,85,14,48.83315482086842,0.0036630551788553543,0,2.924300634205936,3.539536989850177,0,0,2,1
7,299,10,46.31859769735372,0.07763438633236731,0,3.3774321168699184,2.5803565547506495,5,7,3,1
8,71,3,46.866943787989605,0.07200253935845743,0,3.1883606664590887,2.7933561372125078,9,0,3,1
9,22,28,47.3615826421796,0.11455063486768043,0,3.9760827735807456,2.19128438601686,4,1,3,0
15,79,23,41.26424147897614,0.048256144232591655,0,3.792733109855265,3.7930013819004547,9,5,3,1
18,14,42,43.870395812893726,0.11195089183621308,0,2.5509156837231917,3.6679185900449127,2,6,2,0
19,70,99,46.0618567827216,0.09122974353706631,0,4.41176016001022,3.2196943116029413,2,6,3,1
21,84,25,50.56840398996101,0.03456037422016614,0,3.844286510224097,3.3238156645071335,6,9,3,1
7,17,25,44.3450616680878,0.001971944762170459,1,3.366766544326478,3.3096957646448413,8,1,3,0
20,27,5,43.83123372756084,0.08719933910137269,0,3.8054728978573524,2.557237278265713,0,7,3,1
17,33,49,38.08187411955553,0.05956172859764183,1,2.9982394055376904,2.4699677122037236,2,2,3,0
10,53,67,40.93088797460952,0.11542271973630208,0,3.0721938108644444,3.1042464827451886,2,1,3,0
7,41,10,46.139360165605304,0.0026526178184978553,0,2.7864878611985153,3.343564134373103,5,1,3,1
9,119,4,44.15249565834439,0.06262857812201635,0,3.4654694576531027,2.9615989804243332,6,0,2,1
20,44,7,37.66496144281434,0.09465877516786288,0,4.000770673139506,3.202459669766534,5,10,2,1
21,8,10,37.56848191780918,0.09477272372411041,0,3.747671031447077,3.4166945942459703,2,0,3,1
8,62,97,39.64263320723744,0.08064713691665658,0,3.55907242878874,3.469895819166971,9,6,1,1
17,27,18,43.59167431004064,0.047324697233412455,0,3.5792596436581143,2.471156004059722,8,8,3,1
18,59,23,49.87131436366812,0.008069123791789416,0,4.4613893440401355,1.8836319734936897,6,5,3,1
10,90,75,46.300132285528306,0.0362110887889244,0,4.121743900975618,2.4346370377820783,4,7,2,1
9,80,13,40.1980635868763,0.07813828628001537,0,3.090894024420496,3.2096696367459203,3,2,1,1
20,94,35,41.44683529030439,0.09252706945889817,1,2.8605377178937825,1.9460609763229129,8,1,2,0
12,23,91,47.41909048404651,0.09808562314483613,0,3.5091442169604337,3.042474998534455,1,1,3,1
17,26,48,46.69476753570097,0.09288974885090524,0,3.339164858462611,3.4518599186228798,0,0,3,1
18,30,22,41.56565829053603,0.038855011057405915,0,3.999991088406987,3.001684504191245,10,6,1,1
17,75,78,33.47128212696319,0.08329068297635997,1,3.1591869294629435,3.340386605343192,10,8,2,0
21,6,59,46.531216400527,0.116289450650686,0,4.103153618875056,2.7338476005946544,10,2,3,0
5,29,43,43.29335555108425,0.016380193457489395,1,3.6754802433506515,3.1472968188227166,5,3,3,0
17,247,49,53.66276649442652,0.08776336589999839,0,3.105589955355025,2.9501270944951794,1,1,3,1
19,177,36,43.289737708045486,0.04919772270853238,0,2.913046410589935,2.5791928984538663,5,7,3,1
18,43,20,44.87681965945917,0.02699923790869869,0,3.5767815999753023,2.4011369083765914,3,8,3,1
16,252,66,43.93661877890202,0.038405104285858985,0,3.2360881513835054,2.2242571373220255,6,4,3,1
7,230,11,47.187272080227125,0.019976642030911578,0,3.9404227315511813,3.470046420325853,9,2,3,1
6,62,30,46.98154141880279,0.09784108476455558,0,3.415506889300986,3.193944195118941,5,10,2,1
8,70,110,39.40901953314993,0.04649537341311271,0,2.030120901266044,2.526132275424624,8,10,3,1
8,226,11,38.34703227799351,0.11251432192844442,0,3.5066621241834484,2.4461801078934085,5,0,3,0
17,34,3,50.513941223813575,0.1159663266537719,1,2.6761808328624634,3.0092234039100676,10,0,3,1
19,113,20,42.653587878125066,0.11588908252226177,0,3.0763384012746053,3.1348352544068705,5,3,3,0
7,4,19,47.73432018851616,0.018685368562003302,0,2.8245228857327316,2.7154066574909703,7,1,3,1
17,151,97,43.280122682723,0.041566326956507485,0,3.404498497084794,2.683462750212987,4,3,3,1
6,189,34,35.66099026566509,0.03724618312440372,0,2.679819225168175,2.972699571721055,4,8,2,1
8,47,84,51.981597664320816,0.1107214377422557,0,2.871913883104762,2.959559587540155,8,2,1,1
7,185,27,48.94896856195127,0.010377026122450518,0,4.1461009584982556,2.6754565075605323,8,0,3,1
18,247,21,47.72325232421066,0.07063385006828206,0,3.5538757731052795,3.0328501515512114,2,0,2,1
11,31,41,40.24254465274511,0.058244698064770076,0,3.3136603154175184,1.7726796934138886,4,3,3,1
20,71,59,48.566443448295765,0.11715234486616101,0,3.146142368278939,3.176306642337026,0,8,3,0
18,73,85,46.371863265148676,0.11559595502355176,0,3.0124789362728266,3.381093691865872,0,2,3,0
18,2,85,41.431395849522445,0.05087983207700183,0,4.423516100613316,2.8151732363688566,1,3,3,1
16,97,7,43.64941011821465,0.052964884013807875,1,3.296298737296561,3.721001861368984,8,3,3,0
5,23,28,44.641929663260505,0.046144187815735385,0,2.519647534067437,2.635904941442519,0,9,3,1
8,83,45,42.05995480564199,0.094700657001583,0,3.0131822565415183,3.0547752726767756,10,3,3,1
7,76,37,46.569804639752576,0.012021731736410865,0,4.039598246360688,2.5044601280080765,2,3,3,1
22,95,10,49.31497381915427,0.01393762811369033,1,4.184085846371379,3.0089091905064578,9,10,3,0
7,0,26,42.69623362206776,0.08456313485799674,0,2.5816214661554144,2.8720651199355722,10,10,3,1
6,45,70,44.46341869679875,0.0020024114565628404,1,3.0672421009087643,2.3836944189159572,4,3,1,1
9,52,57,44.44293986253748,0.08052357193589332,0,2.824588794256603,3.2185387461023662,5,3,3,1
9,19,31,49.1529031423759,0.015443523641957073,0,2.6479247460993003,3.1682299748676237,3,4,2,1
18,73,22,45.91875047833199,0.09434226948489237,0,3.775656255186549,2.883365138744285,9,6,3,1
6,34,101,50.15247999840291,0.08875661381024681,0,3.5999911017112827,2.4313080842721555,5,1,3,1
8,92,0,41.720332019891416,0.021871235866831394,0,3.370713682088983,3.3552536322587017,10,3,3,1
11,148,35,44.94589628550803,0.09083192494202061,0,3.2879283687735033,3.1416991098513702,10,10,2,1
6,4,5,47.880405717927474,0.09482766981108305,1,3.7562871607312234,3.968975522319476,10,6,1,1
6,71,17,48.517061440718734,0.11106745381946902,0,3.723234876252652,2.4269228904096747,3,8,3,0
16,58,12,43.1160883241078,0.08693335932433623,1,3.6061330398433284,3.019844844433691,0,4,3,0
18,69,49,44.83254725518603,0.1041121404075469,0,3.6464161607509116,4.048338103865729,7,4,2,0
8,292,79,40.896444913833115,0.07649756857783957,0,4.660715938689889,3.4445113264499776,9,7,3,1
19,83,61,35.34417573337069,0.07506196426930727,0,2.801640020175504,3.0802911381082696,3,9,1,1