accident_hours,rainfall,wind_speed,driving_speeds,alcohol_levels,traffic_violations,lane_widths,road_conditions,mental_states,riding_skills,accident_types,falses
16,58,17,43.43654441390075,0.08104127660126247,0,2.947471847020836,2.4703093902085254,10,6,3,1
8,17,29,43.45687767835467,0.0487621688787353,0,3.9047119630902527,3.395491714759659,9,2,3,1
17,54,1,42.90001506044049,0.027428852154642747,0,3.9763462555185285,2.7648237029474885,6,1,3,1
11,90,111,39.59651129606212,0.04959776339321755,0,4.958659237924092,2.7843611286519847,1,5,3,1
20,74,148,47.81798809157806,0.07120682622870916,0,3.124168148008614,3.8535617504095887,9,10,2,1
18,84,1,48.45020067538666,0.08280064083671831,0,3.877218149826989,3.6086567527052864,1,4,3,1
17,185,4,44.67882186061608,0.054804434652030255,0,3.403043355277139,3.0800831761305116,5,8,3,1
18,72,137,40.941294924710114,0.039613251913908146,0,3.860052209985559,2.863509864111032,0,7,3,1
9,54,25,42.11001970388055,0.029626927442502636,0,2.4479180505099905,2.0910752080779105,1,10,3,1
17,19,16,44.85398119346085,0.021983880801973447,0,3.462334369662467,3.232750627918547,6,2,1,1
19,59,57,49.25404080241641,0.05716439090476487,0,3.429117344127237,2.9962735601944472,0,6,3,1
19,100,37,38.36634673429461,0.08476690242431895,0,3.0023392466792327,3.3018074628713348,1,9,2,1
17,35,46,42.22476837857448,0.0995817810576688,0,3.657803229573843,1.6549347953206441,2,10,2,1
18,116,149,45.74020421145584,0.04143743808725163,0,3.001792483235267,2.4753973995266434,0,1,1,1
8,21,2,48.77890047698661,0.0733397121678584,0,3.5256721777571784,2.6995230381126825,6,5,3,1
10,13,30,38.39995900639833,0.057324962683001086,1,3.298093344961963,3.0396830656799074,8,0,3,0
9,102,68,41.31347477801297,0.11595146117177763,0,3.232774682735523,2.9742714186582897,0,8,3,0
21,29,23,33.377082949695165,0.10588714494795472,0,3.6190241672797585,2.692164554757627,4,1,3,0
19,123,5,51.54669613283569,0.10587281400541028,0,3.7068759649424314,3.0579269821429076,5,6,3,0
8,60,39,39.461754906407776,0.06950413083782066,0,3.234763608707438,3.7923305988713016,5,3,3,1
8,58,17,47.48090256831112,0.05241991075544748,0,3.0772271032154657,3.1068307283655607,5,4,3,1
9,159,18,52.14616098366744,0.07822285406256667,0,3.4180400162892806,3.329046820534874,1,2,3,1
9,96,66,52.02195817725984,0.019158292888839842,0,3.7076154336374274,2.988621510718797,2,1,3,1
18,16,41,35.979355118922314,0.10595672869659588,0,3.817548991277432,2.8935721601450064,10,10,2,0
18,179,32,50.07390489706764,0.03254793161261062,0,3.236136021508262,2.8344168601978352,1,0,2,1
8,64,40,49.0744538775581,0.0992278907641164,0,2.9595243755798153,3.0177931741931148,8,6,3,1
10,23,3,49.803886503794246,0.03582012462681657,0,3.317037294572582,3.5916523416189374,1,9,2,1
8,95,96,33.967659272248135,0.06264234569623958,0,3.5259890636706808,3.591364282407424,8,10,3,1
18,40,46,42.03317906383686,0.09267315948502715,1,2.4339279797303943,3.459674001386169,7,8,3,0
9,51,41,36.50370602743763,0.04724866894359364,0,3.431980922574985,3.0808892339908835,10,9,1,1
6,212,92,42.60916614462959,0.042960453048517123,0,2.934095661054773,3.378390628100971,1,10,2,1
4,147,0,49.039579458319295,0.10654466442778894,0,3.329949826253263,2.7733489629746684,2,9,3,1
19,38,47,54.77086455705954,0.008269079136190722,0,3.305104504795457,3.572242204480517,9,0,3,1
17,75,14,49.263667722402026,0.10098411395933204,0,3.1710484723160386,3.5701048061273335,5,9,2,0
20,87,16,47.0122102843528,0.11138381422883119,0,3.275183371018854,2.9495505053652313,3,9,2,0
17,82,71,42.43894939111769,0.06757931477401062,0,4.081156261430875,2.5911144384896074,1,3,3,1
18,3,9,42.23087759589243,0.08351647093323131,0,3.3439721195493264,2.727404802700228,6,5,3,1
20,67,47,47.101865455727264,0.10337373534533183,0,5.019494322304206,2.2917755072293677,5,9,3,0
7,69,34,44.432499490507645,0.052263345080329246,0,3.2146713296369076,2.762015868126567,2,0,3,1
19,59,32,47.87055372976043,0.10545455045393909,0,2.89608609838855,2.2616925591733397,6,9,3,0
17,74,34,44.33223319972169,0.044671361265239885,0,4.006604105600318,2.5022098056603355,7,4,3,1
8,117,98,52.29878561003073,0.036776570022459126,0,2.993682141749745,3.204616218234273,5,5,3,1
9,2,23,49.99915252819546,0.11798406495703802,0,3.2452387905443616,2.6935725055963715,7,7,3,0
10,63,82,40.75473166562496,0.00373775959790966,0,2.387027357619096,2.3953175348631164,2,10,3,1
16,49,39,48.821368647462236,0.038347295625001096,0,3.38312678560891,3.0133444976508272,9,2,3,1
19,83,67,46.283594943829215,0.055026007543819436,0,4.56386333658034,3.047005066918488,0,9,3,1
19,31,92,41.38370830203858,0.037306112850222936,0,3.7471823506200654,2.1515497494472346,1,3,3,1
17,52,48,55.35059339038223,0.03385954694293929,0,3.4175350055122222,3.2227469479684663,2,5,3,1
7,36,43,46.522556050581855,0.044481687267248333,0,3.183736735169966,3.226642285621457,10,10,3,1
10,83,16,46.76264114253262,0.047767319873429887,0,2.784091531433427,2.2042399309050076,3,10,1,1
19,147,5,48.950471153260935,0.008592488495555165,0,4.52363484074966,3.969706302721791,10,10,2,1
17,295,6,47.843471443759796,0.09302903635087266,0,2.4646761523047225,3.9278087785698124,5,6,3,1
18,52,25,49.90548327995147,0.020189621203992772,0,3.9184068771969267,3.7075754401897747,7,7,2,1
7,30,91,38.87634143404799,0.004922585687448317,0,3.4694384994216216,2.5463060789317025,2,9,3,1
18,39,42,52.021482601066666,0.07084549911542776,0,3.6471143667125396,2.127666272764541,7,7,3,1
11,64,33,46.96705467379997,0.08023123642589196,0,4.328773665239525,2.4614918888833057,9,2,3,1
19,175,53,46.229140612996,0.09123349970423404,0,2.9159212029362713,3.4858240655525305,6,0,3,1
18,90,27,41.27136752061886,0.010534118310935234,1,3.7462807703581658,3.006590814193628,10,3,2,0
21,37,94,40.48952458315959,0.020606998509207244,0,2.814183007635912,3.4469090614547437,4,1,2,1
10,166,83,40.37041373817287,0.02187808920824691,0,4.6206808869316545,3.29341833258749,6,9,3,1
18,24,28,42.58833750246182,0.07123683309118224,0,3.4267012743870713,4.165568511338548,2,2,2,1
17,46,4,45.29644141162289,0.10676656963385718,0,2.8296963236951083,3.9134546456933705,1,9,3,0
20,40,49,38.24217004889079,0.08477124595443083,0,3.3680044889764016,3.0123271593046326,1,6,3,1
11,12,37,53.828447808400945,0.03776489114131532,0,3.685440132837474,3.2803505916166142,4,0,3,1
10,15,6,47.51066756797379,0.10237922225897025,0,4.371836303607944,2.401064366052581,10,4,3,0
17,9,47,39.74002626354993,0.0803752330932626,1,3.3300742908765564,2.436837685551204,3,9,3,0
18,179,5,49.88713199978936,0.08261364537896025,0,3.13837162403206,3.8689501448070294,1,10,3,1
8,174,92,42.458220730428046,0.11488321684506682,0,4.023101043107238,2.6875149257837294,4,9,1,1
10,93,21,41.13573323732904,0.11404375695489904,0,3.506844359553324,3.454029214999005,1,1,3,0
8,86,12,51.48257228017429,0.046280722807584364,1,3.4737090926027716,2.363766154338382,2,6,3,0
17,75,18,41.718100186648186,0.07630019959567783,0,3.619946158947897,2.4306089440660954,9,3,2,1
19,65,35,45.253895976173425,0.02424243557709801,0,2.493645301632517,4.074516355563874,6,4,2,1
11,94,52,49.546690336705446,0.0494294704746227,0,3.4202053803201813,3.010582714665659,5,10,3,1
7,91,2,50.90505683645832,0.03280955770452021,0,3.18094626387669,2.9414755343094074,2,4,2,1
17,74,11,46.27876789748828,0.044083794048605005,0,3.1497171064278167,3.8222772900584063,1,7,3,1
10,84,90,36.35981009342141,0.08104876364248566,0,3.610219490253346,2.953168702902355,10,1,3,1
7,4,106,39.6660851679396,0.025229421278458158,1,2.2029924451063243,2.9488417543875527,5,4,3,0
17,160,44,52.23998479018398,0.021639477505001413,0,2.947146115442175,3.105742970608375,1,3,3,1
8,24,45,49.314121261217316,0.045520608441047244,0,3.4949946334009643,3.0437394618001017,4,0,3,1
7,95,10,48.280280767083696,0.01177655222772569,0,3.7291077517507634,3.005234082024349,6,0,3,1
8,21,54,41.38180597591422,0.09766724938902166,0,3.4261539371863066,3.8424005335206504,7,7,3,1
18,12,9,39.966950808347704,0.11501983106445939,1,2.8205337809119606,3.821193656667491,0,1,3,1
16,22,9,37.90937034709088,0.09616040997006059,0,3.2874811227549743,2.7528845564551423,7,9,3,1
17,21,8,42.35935240793937,0.06376896736171064,0,3.9762449488846086,2.5536323900725537,8,9,2,1
18,26,23,46.89224825204321,0.08089639665212106,0,4.036583247517656,1.9261097630431345,3,6,3,1
17,70,24,52.25916045821572,0.09666940599150091,0,3.224009388640436,2.729357306956763,7,5,3,1
18,63,46,44.4804234853549,0.008187407790312075,0,2.86412036422255,2.5809436970576103,1,4,3,1
17,14,75,44.87127331830099,0.0501748798620759,0,4.3599772512145885,3.638568773784237,10,6,3,1
7,25,28,49.677476616935564,0.017253652004859833,0,4.758821946894217,3.194473381504379,0,6,3,1
19,288,41,42.57955751247863,0.01088915800397234,0,3.7483298390814257,3.407407979580397,2,0,2,1
10,35,13,44.26400153456927,0.09107676711432312,0,3.4581591888399017,3.037602813762872,8,4,3,1
18,29,0,45.41427521883077,0.10296850233131416,0,2.879372317379981,2.713499008989766,10,9,3,0
8,41,51,42.40114340765146,0.010055500006984462,0,3.590736358256155,2.4587993198260145,2,7,3,1
8,125,1,47.44095587591804,0.021456217521465155,0,3.5042366370855764,2.4873983540455065,1,8,3,1
20,144,42,45.632299036401015,0.026498537723438867,0,3.079189312386428,2.8295707480354713,1,5,2,1
9,7,6,45.96976743779215,0.10283437171586463,1,3.0870983270870163,3.016089064181847,7,7,3,1
8,32,17,40.050114508503555,0.10962827577838499,0,3.128827384863335,3.499500355209211,5,7,3,0
18,290,17,49.08244681399611,0.09179700909703671,0,4.087184556181951,2.6158119687557133,9,3,2,1
16,139,13,53.41883487766286,0.0955652106761532,0,3.713813045502282,2.850774175179091,1,8,3,1
8,79,21,48.70306494596119,0.041122698405885456,1,4.103648755486162,3.505709571588556,5,2,3,0
11,19,4,41.24124344884401,0.048997766815099465,0,3.4028796823101652,2.8839011378664043,6,4,2,1
7,29,21,37.16721130655546,0.03365871214253831,0,3.6218148698911015,3.2226204417141386,9,0,3,1
19,28,44,44.391074714185734,0.11500561510328429,0,3.380795663259307,3.746488990506376,5,5,3,0
17,25,18,47.95754935689044,0.08731877025230701,0,2.836968699765421,3.3484416146372578,1,9,3,1
9,260,40,41.59521743414682,0.04096148969259221,1,3.718549180094315,2.7930967964915308,9,8,3,0
8,0,28,43.39967067594547,0.016281037265212753,0,3.1426515729164954,3.2239470133426686,9,5,3,1
20,99,33,50.61172563572547,0.023377164831352583,0,3.684112897654761,3.352141789208915,9,7,1,1
7,71,36,37.06059616238626,0.024490034285052843,0,2.6824413268130103,3.0400394122285817,6,1,2,1
7,85,16,46.587801025029655,0.073777332435469,1,3.8946512095876913,3.506658141050665,10,0,3,0
19,57,12,39.68752957812019,0.10835476096947348,0,3.7482879567495284,3.6053972899774793,5,6,3,0
17,86,33,49.2487188663671,0.1042413300290303,0,3.0404944387355926,3.0408960742018563,1,1,2,0
20,6,27,48.820299089119516,0.008366103281962673,0,3.5653653456152794,3.730390894662159,4,3,3,1
16,15,34,44.80237892827197,0.08508681286903123,0,3.505327958236682,2.456396558156018,8,2,3,1
10,31,129,46.46410122951101,0.020122337842092976,0,4.47336454678546,2.9874993452970866,10,5,3,1
18,85,66,40.4472864043343,0.037243022060866035,0,3.332219542653807,2.473101015317181,9,2,2,1
16,42,46,49.209681703499676,0.06525680294898199,0,3.573542565767498,2.8295830678965537,3,0,1,1
9,207,29,46.993898012482944,0.10091018372354445,1,2.8661608238527467,3.7716456572418187,0,7,3,1
10,143,42,44.75077125283501,0.028409461366000692,1,3.6349715290219864,2.466497033054724,1,10,3,0
8,50,38,41.10073058567875,0.10485963328278432,0,4.0232300902589975,2.615383148568036,0,2,3,0
8,83,24,45.47423704700522,0.08816893314062813,0,4.016245371391161,3.8622152276621575,8,4,1,1
18,274,43,43.12834787523356,0.08091157939213083,0,3.5628291927722366,2.7327840831900305,3,1,2,1
17,9,57,48.960540281633065,0.01594857258831126,0,3.5976346946456554,3.809820438292289,7,1,2,1
10,132,37,53.21157399727468,0.05690710875875825,0,3.653843404542128,2.8551918211625034,4,9,3,1
8,45,34,48.30962244365504,0.03301546956697814,0,3.6553716900672883,3.3175996329355444,2,3,2,1
22,92,30,43.23127658498164,0.07057715138859331,1,3.5988550747314343,2.5709714573765408,5,6,3,0
9,43,43,52.271265922634996,0.08083192702246639,0,2.567374813629714,3.1105962295701914,5,3,2,1
11,128,32,42.99106414054657,0.007844091506920975,1,3.8815888153660167,1.8105505719685935,8,10,3,0
5,3,45,46.432021133832194,0.0773024373729747,0,3.543543525460636,3.001326778018118,7,1,2,1
10,47,80,42.92167944554837,0.05977383304117639,0,3.363514560882754,2.576003221179004,3,2,3,1
15,15,36,45.11158012487237,0.10064299707765317,0,2.798546020011369,2.436530374063113,8,4,3,0
18,21,87,36.3351516367948,0.09519161832682686,0,3.9123138193046505,2.9126286195465143,6,0,2,1
7,21,13,38.994492129763245,0.04955665853193737,0,4.48441091592529,1.999167175621889,3,5,3,1
5,144,41,44.68727859300411,0.11714456111217782,1,4.1071828820467875,2.977065640469562,8,4,2,1
18,88,46,46.463732487784554,0.07042899561091163,0,3.212124560136397,3.612164037205099,3,5,1,1
20,6,26,44.31026517436351,0.11563741603236018,0,2.630404899242225,2.507234106834013,0,5,3,0
9,9,40,49.33979514849989,0.08631167823532507,0,2.8085785795887315,2.783705611608351,9,7,3,1
19,13,26,34.37957902237132,0.04890611379709782,0,3.4976651027543824,2.8254568240546996,4,10,3,1
7,187,112,47.37529033726469,0.02805340929708034,0,3.7443909186255113,3.5276147253775436,3,8,2,1
20,234,25,51.629770074757246,0.05584905458642171,0,3.9795294070281626,3.1142941770509194,10,5,3,1
17,34,23,48.88202433972689,0.11232578372394612,0,3.601756929245461,2.7713367556056796,2,8,3,0
17,21,60,48.31485803167372,0.015627221368410858,0,3.1098301656772054,2.7461894105774265,10,4,3,1
19,142,39,49.97486312822425,0.05523803153060746,0,3.521824811469324,3.0985827879782626,0,10,3,1
17,68,0,38.954212997739205,0.04162573431630643,0,3.1825160858773063,3.2801322268520643,7,1,3,1
8,73,10,38.93107533910503,0.10407281746401764,0,3.7096715899733095,3.249270097155424,0,2,3,0
19,14,19,43.43149337990422,0.09648697266891586,0,3.9799830478912215,3.49108336377583,0,4,2,1
18,203,22,44.48382994588297,0.06625659564293167,0,3.2812162166435845,3.4697522958154865,10,5,3,1
17,4,37,45.92572360064719,0.0498081789345863,0,3.6380663684754966,2.6949471459343712,10,8,3,1
16,68,21,38.974181650902786,0.08210162256309472,0,3.4293504404848747,3.906698266527549,9,5,3,1
19,5,3,43.69222138117865,0.11436988323618298,0,3.3430646243399647,3.7464441256794294,7,0,2,0
17,112,44,49.814427095057255,0.012139392854581228,0,3.197942210596427,3.743315810271337,5,1,2,1
8,272,15,43.216364879307896,0.10785929294486138,0,3.819109951283695,4.154602190332093,7,5,3,0
18,92,15,37.01104992687952,0.03530765920905649,0,4.0357222248646005,3.419508397551555,6,10,2,1
5,19,12,37.116132246868375,0.0005060174624212,0,3.746355331836095,3.8231458717654396,9,6,2,1
9,78,6,49.969589972015584,0.08892022581699942,0,3.6745471476539846,2.5357607472934127,8,8,3,1
16,251,33,52.3883409268834,0.0946110027039452,0,3.570956547367641,3.2662590144241257,7,2,3,1
6,159,9,41.12498242986608,0.03657105589195702,0,3.02057533668742,2.7942531862918805,2,7,2,1
18,165,1,49.288019963900254,0.09341366550363898,0,4.218417679594058,2.996375474561959,7,5,3,1
6,62,29,48.14979532865252,0.0957622075561949,0,3.4648078413832684,3.5949659313381748,5,0,3,1
7,24,23,37.87120090131934,0.08103646879116716,0,3.423834892006531,1.7360495504306404,8,0,3,1
9,161,36,47.50671927385343,0.00463685771151722,0,3.8938724941234018,2.9573403219082817,4,9,2,1
7,85,27,48.47125645768969,0.08009023060967972,0,3.489796248532344,2.633999139950289,5,0,3,1
18,80,40,43.55425395817006,0.11188869926912232,0,3.4680336767571673,3.219736524764162,4,3,2,0
9,84,2,42.97644697533521,0.07443782520151834,0,2.9705703962040424,2.1112951167715632,10,2,3,1
8,80,41,46.14804458596622,0.044030815511809304,0,3.0867412231721776,2.4637857964594163,6,4,2,1
8,91,91,41.09531891788427,0.06761777901734335,1,3.4082475591266865,3.07741936478662,9,5,2,0
16,79,46,50.8478655275342,0.11917750706289039,0,4.13301463630547,2.247088724496267,9,3,3,0
20,73,2,44.926080713617694,0.05670985628426908,0,2.94777920591566,3.6456702632003237,8,0,3,1
8,82,36,42.83364033568584,0.10098608378312439,0,2.9419819874972246,2.6593449261219053,5,3,3,0
8,67,39,44.27445930804582,0.016624107948697175,0,3.0623364989915953,2.843663939290505,5,6,3,1
16,17,24,49.998499966071776,0.006777708467623027,0,3.844156139748794,4.116325125963478,10,5,3,1
6,67,37,44.26907413774703,0.04681774007784497,0,3.3613453559613378,2.1508805755474656,2,0,2,1
8,20,26,42.744021095403625,0.016532709747856332,1,3.063776934434776,3.9312516802237982,8,2,3,0
18,67,8,37.06479726456711,0.03966330344104787,0,3.832713441654711,3.26263061023538,3,10,2,1
8,78,30,45.85682996205852,0.08585133855616055,0,3.0185617797153004,3.193748838389561,0,9,3,1
20,74,40,43.57869723873434,0.05345855463722384,1,3.547455492889265,2.7774554826945645,4,10,3,0
9,4,136,39.02392888624806,0.03854571041294138,1,2.8490338907628874,3.6832879512632357,5,7,2,0
18,42,34,47.16707978180977,0.10698047052444662,0,4.208321803186113,2.960698457850822,1,9,3,0
8,18,15,39.54781879908565,0.0011314590461457374,0,4.074437551178951,3.5053377687163474,8,1,3,1
20,21,39,41.78188120792129,0.09768340163049874,0,3.5087260518611365,3.151303860109582,8,0,2,1
9,4,39,47.342299675758404,0.07455225496590465,0,4.294936241718932,1.977724979915854,7,9,3,1
8,90,6,47.314134314942535,0.005574685251595879,0,3.1875158934160828,3.47310365191527,3,0,3,1
18,88,16,45.394044327545934,0.004098493478616945,0,2.9375115934191847,3.7712810308369673,5,6,3,1
18,7,21,43.64482323031019,0.020628072556476165,0,4.256818756726706,2.5916827605305888,1,6,2,1
18,172,109,42.61364235408038,0.11728870473638224,0,3.014223290774595,3.1205431909424863,4,9,3,0
17,48,27,40.62485188092229,0.010285070055998555,1,3.453596924252624,3.466403032099902,10,0,3,0
9,262,35,43.56696393631955,0.08866269089899508,0,4.673318865795564,3.504530790020226,3,4,3,1
17,88,33,50.299908874473914,0.04819105883487472,0,3.145173204358942,2.197260955105617,0,7,3,1
15,57,40,39.46781864498907,0.02839747840184291,0,3.478517457013192,3.462095434332313,3,8,3,1
15,73,1,32.08692509777152,0.06900053939602534,0,3.9895956334722733,2.6644499945861315,9,7,3,1
15,14,14,41.276034994608835,0.0441825372546805,1,3.805307682351823,2.7935475359983464,9,9,2,0
19,20,27,52.62920680410386,0.037221873957771136,0,2.8775239681849705,3.6608853179620278,0,7,3,1
15,171,30,43.00021197744393,0.028754672654425148,0,3.9584753494309934,3.944080496630357,5,4,2,1
9,204,8,45.07041292348204,0.054938081398131576,0,3.34988033703882,3.087613323917546,10,2,1,1
20,70,18,45.39023260835198,0.020352598267630338,0,3.8863710229629724,3.298523312428813,1,10,2,1
17,99,122,41.57981759305346,0.10223372191266863,0,2.7535016048672105,3.4682443073962044,0,1,1,1
17,127,108,51.750994315726274,0.071009130154916,0,4.524450459338542,2.9427897032450785,8,4,3,1
7,28,11,43.81273999211782,0.00754577882625485,0,3.3378576708613217,3.750410740491736,6,6,3,1
19,49,75,50.374056940894675,0.05484522841228928,1,3.758656821529397,3.399473956784969,7,0,2,0
18,81,84,45.256302638600495,0.07555084222734361,1,3.0319841022485563,2.4512722257689163,2,1,3,0
9,96,122,45.457992030555765,0.10339326181115607,1,2.6418999414238016,3.210266853314385,4,2,2,1
17,10,48,39.83540748588801,0.0028175584377300475,0,3.282951577252021,3.151620550880729,6,5,2,1
17,13,50,50.1049928997759,0.054753051316692225,1,3.9235529492087364,2.542184672327871,8,4,1,1
6,93,13,44.08196429965685,0.08470090662599329,0,3.9590108263220456,3.652266800093458,3,2,1,1
6,86,64,45.68875480140169,0.023535339636669532,0,3.1723151866277473,2.2179111411316526,4,0,3,1
8,14,133,53.495309474564834,0.026561505730254207,1,4.292165073467187,3.3943030263545912,5,0,3,0
10,11,140,46.37238251349472,0.058760851546162916,0,2.960447307331929,4.145099518530598,0,8,2,1
18,92,56,45.89117435655398,0.1061393557538628,0,3.3414712293097057,2.6391907832899304,9,7,3,0
18,8,25,49.90781576028532,0.04779255410622614,0,3.7169606477550756,3.2646526903386475,6,4,3,1
7,18,52,48.32831958016404,0.05813837107774607,0,2.9485660004975465,3.182051959202549,0,8,3,1
19,17,70,42.69427544794448,0.07629099110226363,0,1.9920942144833707,3.19424819241158,3,5,2,1
9,131,46,42.12164147815428,0.03729414323025103,0,3.900731021112402,4.361330527102778,1,10,3,1
9,24,65,47.226517030740666,0.10405031790367442,1,3.565385502861583,2.660656168408493,0,1,2,1
8,14,16,42.24326208699168,0.11542314675950148,0,3.5424104311086198,2.269315759235724,3,3,3,0
16,66,6,45.22533701001354,0.07803688490109593,1,2.987060127773845,3.442960190073218,9,0,3,0
7,64,140,38.72922466998607,0.07661714245892053,0,3.5076821906510225,2.559635011273051,0,5,2,1
10,28,36,53.424193316500066,0.08082609375902797,1,3.2002517040113814,2.717605833431437,9,0,3,0
7,93,4,41.84361524110747,0.02326764602788856,0,3.0875523704007177,2.392945647384495,2,7,1,1
17,99,4,47.986149127852684,0.08788469143716635,0,4.024371350513828,3.1085956519490314,10,1,3,1
8,39,28,48.15567426678973,0.04163727981308701,0,3.0411336076410787,4.160868507079926,2,1,3,1
9,77,122,53.71274709785801,0.11920231991600524,1,3.4652151913867315,3.2531076158878194,9,0,3,1
9,195,23,46.594438003203535,0.0902601192247295,0,3.529766368940987,2.8420062183679966,10,6,3,1
16,201,46,43.026962121778546,0.07005198519555533,0,3.1201809031068035,2.803430098446983,10,9,3,1
20,10,7,44.80693399870343,0.10946827504373693,0,3.288616294210126,2.861381978846814,1,8,3,0
4,16,48,40.65852058718397,0.11640482618146535,0,3.770813035971386,2.756254172031116,7,10,3,0
9,33,5,51.61258724814764,0.09816893961768706,1,4.096631601514029,3.3947558940878775,8,7,2,0
18,65,95,43.41407652341279,0.09079167064734714,0,3.4652024537684776,3.1824014568230234,7,1,2,1
20,57,110,53.79044955469825,0.007278811607601336,0,3.733381375018773,2.8080859916544605,5,5,3,1
20,81,1,41.72321508820545,0.084721921627582,0,3.207461482552024,2.831501601197564,10,3,2,1
17,133,31,57.873490817233915,0.04029056649488592,0,3.239655500495542,2.7128213537458254,1,3,3,1
19,186,33,41.587934149145745,0.11158954731647937,0,3.058666430697344,2.6404508880992443,9,9,3,0
6,44,41,41.32692090473475,0.07341158007821967,0,3.681015733569148,2.2876762549831167,2,3,3,1
18,91,4,41.80326892363523,0.04447841517919921,0,3.110741726219998,2.8028270486142493,4,0,2,1
15,70,96,41.66039112640298,0.04067737653052827,0,3.2467130858096365,2.339364650107941,4,8,1,1
14,18,45,46.856194610687446,0.06657976618115195,0,3.3448592318645463,2.5450275283071573,3,1,3,1
18,84,5,40.884410916633996,0.05897975296763944,0,2.7927774031765966,3.5906825593381733,3,0,3,1
8,15,0,39.25482837860971,0.046905004519192696,0,3.0969085279153603,3.070143474757846,4,9,2,1
20,51,89,40.46467037265578,0.02501444377684169,1,3.6133991274195907,3.1538144215311084,0,5,3,0
17,82,30,55.127802277480825,0.0955766805420492,0,3.194758634869992,2.5845159319370348,2,5,3,1
19,67,19,39.35234227603808,0.05200931086898391,0,4.450965682006006,2.9931882242656407,10,1,3,1
19,99,45,45.937555995547115,0.011867493289959312,0,3.969563144126302,2.9771933615599124,7,1,2,1
6,31,31,40.41439445470589,0.010248435991315533,0,4.016329109480859,3.3000359526073875,4,5,2,1
7,285,44,47.30214114858412,0.028573963059850164,1,2.887218514097049,3.0942705461293345,0,2,2,0
9,12,24,45.79277213793234,0.06626753868715667,0,3.1545096283640723,2.989039677809911,7,10,1,1
6,53,49,53.3155145677765,0.017757394478357922,0,3.286106634458963,2.5747366691327613,5,3,3,1
7,77,49,42.79379337896897,0.025802044517013616,1,3.443238513701797,2.6259212570231565,7,9,3,0
15,79,44,47.13122830548474,0.06020438610076014,0,4.350028435376351,2.655112952527054,4,6,3,1
5,0,63,50.22485614537025,0.026131247151453547,1,2.6700102163582584,2.4715478311560215,0,4,2,0
17,39,44,43.15519762445653,0.10296772165655245,0,3.4314787763994175,3.2062407155525774,6,0,3,0
18,22,98,46.055977135704126,0.07080102706148231,0,3.201901868936799,3.0144380279249647,8,6,3,1
17,48,64,37.47711495180136,0.01029918186669431,0,3.5032357143997714,2.839735708380076,2,4,3,1
7,70,41,47.22880188610293,0.016786294572522682,0,3.522358719913364,3.0771009785892245,7,1,3,1
5,120,20,45.90985608388845,0.02342088501685338,0,3.215764269950515,2.5139492446436362,3,5,3,1
9,27,4,41.201817641862874,0.0755873205590803,1,3.4598862020366665,2.5119534146753635,9,3,2,0
16,17,20,38.82396031797966,0.012678048223388657,1,3.487655839802935,2.515622669952911,4,3,3,0
20,99,82,43.62527261572473,0.005194765986435854,1,2.956049687213509,3.3104379166332416,0,4,2,0
8,32,23,39.05211477016476,0.08741524597731913,0,4.554622540492295,3.4475684700747156,5,0,3,1
20,57,16,45.492762773273114,0.05737520090225992,0,3.4210954884880733,2.859457425645371,6,9,3,1
8,151,29,48.09866881134019,0.10185517369454979,0,4.374946642158295,3.614118417582388,3,9,3,0
8,67,33,36.22870821800919,0.09514293766695608,0,3.8563342007021393,3.142853067026803,0,7,3,1
17,35,96,40.79931826056945,0.03282092463345639,0,3.487763153739713,2.789850790013832,8,4,3,1
16,89,31,53.0372138579886,0.023071112661336816,0,3.286121908575527,3.123410883814292,5,5,2,1
18,1,24,48.05195195804001,0.061957142694577916,0,3.6208849178005873,3.51545166114943,2,0,3,1
18,94,15,37.9108003368384,0.0096124954080967,0,2.5137714509950753,3.3503904582140915,2,0,3,1
10,2,20,42.5444356046497,0.07594341055714834,1,2.727138773435698,2.632812347788719,5,7,3,0
11,30,96,35.95444033809594,0.0014615294603157558,1,3.0861568087061992,2.9375482342224783,3,9,3,0
17,133,26,50.719475322356594,0.09637262635224687,0,2.7840573514362768,2.8177077134385384,7,8,3,1
10,25,8,44.92185600935317,0.106883666460293,1,3.471815065072339,2.198383178252122,3,4,3,1
10,28,38,45.655215652564316,0.11954404735420272,1,3.521838925998028,2.4803981326932947,5,8,3,1
20,127,10,50.96407180422598,0.041292877404017034,0,4.392737033284546,3.3685501895852954,0,3,3,1
7,41,2,43.84903866979902,0.06743115251921453,0,3.6657038946900617,3.0257488037644746,4,3,3,1
18,178,33,46.369966637988114,0.10355535867640696,0,3.567767031940936,2.920231754375576,0,4,3,0
20,283,39,50.44382348759978,0.055456680529538914,1,3.5551641690699674,3.115799032735778,3,1,3,0
8,34,41,40.91229857849377,0.039511044873273504,0,3.614545936051786,3.0951080592138274,3,4,3,1
18,107,43,38.764954795323135,0.005859015983080354,0,3.303667159450936,3.3119348618742874,8,0,2,1
18,92,41,53.96876937170158,0.04728880978867743,0,3.398635647869704,3.469708428313299,8,8,3,1
8,81,17,41.30344936876721,0.009466959623428783,1,3.07503958246735,2.7174670398212672,4,9,3,0
7,31,121,33.19373730267091,0.04355952621739574,0,2.6214834439707606,3.1974092527623146,10,6,3,1