accident_hours,rainfall,wind_speed,driving_speeds,alcohol_levels,traffic_violations,lane_widths,road_conditions,mental_states,riding_skills,accident_types,falses
10,61,22,31.59799902515575,0.022196732132939122,0,3.828488038554833,2.7772774679767633,4,3,3,1
18,81,34,42.82166097052399,0.007231939862310068,1,3.9482874963184824,3.4807713922423846,6,0,3,0
8,12,144,46.66042245476524,0.0023523135136046315,0,4.214610543784168,3.390935047231982,6,9,2,1
11,93,22,44.269883683809795,0.0321279220508821,0,3.6515208279362947,3.239760431751058,2,0,3,1
19,38,3,43.91299350772273,0.003595956369920654,0,3.728995422549837,3.1148313352427928,2,9,3,1
6,42,20,47.84384911203394,0.02990504066157287,0,3.5510071380909274,3.3611594130882754,10,9,3,1
7,1,3,52.8383345062086,0.034728664327165225,0,3.5925387491556178,2.4008680704751106,0,8,2,1
16,6,9,43.00050025445043,0.04139199597539741,0,3.9715555789318078,3.0052915955817507,5,10,2,1
18,15,47,49.32649158672291,0.08561762523567386,1,2.833885139701204,2.8937022771648757,5,1,2,0
8,60,27,44.90391923344487,0.052957444011758885,0,3.3350268131651797,2.329510252497167,4,9,2,1
17,92,11,47.62279158114157,0.11823611363489117,0,3.1116961673112775,3.38467943663766,8,2,3,0
19,9,37,55.04693233306756,0.11368282290840222,0,3.1475254465370384,3.0527570632064607,10,0,3,0
7,142,26,49.65260504152033,0.11778447436408396,0,4.085422726702195,3.148233101976044,10,2,3,0
18,160,21,51.2842374179407,0.049467551419852464,0,2.9784748483027657,3.039154616081244,1,5,3,1
17,90,43,42.97706381399492,0.005304310828735552,0,3.584472365558008,2.555823725404721,0,8,3,1
7,13,11,44.558116633835866,0.10323571889388009,0,2.9838262980619894,2.3452155137470836,2,3,3,0
10,109,85,39.60926964867831,0.052186363912965834,0,3.6068354786601584,2.1481151322144436,7,3,3,1
7,91,20,41.96410426379949,0.07693938668027274,0,3.452438729526312,2.680837763858368,4,5,3,1
8,2,41,46.0127293086357,0.10121128384438745,0,3.1328728859328394,3.0811744592926797,5,0,3,0
18,2,44,41.52687162120535,0.07287677141726165,0,4.029582943418239,3.7158474879755965,10,2,3,1
9,202,39,46.165099477557575,0.08842834681190792,0,3.09902583007333,1.9951554117088317,5,1,3,1
17,23,17,42.72374718030079,0.02984979595901055,1,3.162142514738481,1.9665085426719606,10,6,3,0
20,93,56,45.731255512619896,0.02340658380582301,0,2.690773200188478,2.7122077256509445,4,1,3,1
8,28,48,48.35603714225538,0.06663231012615418,1,3.350115433398387,3.349425488191354,4,3,1,1
7,69,34,47.96505022233277,0.0765534986955018,0,2.8752288805310213,3.2472245883218487,8,3,3,1
16,94,1,47.0918313896445,0.10461379396138341,0,3.908884364534264,2.896934149031531,9,10,3,0
19,92,38,51.62826208531578,0.09856783718133236,0,4.4389517097551305,2.0124963479563696,8,6,3,1
8,0,84,35.72156460690262,0.11868635637074845,0,4.495723369639169,2.2010739984249375,5,9,3,0
9,33,19,44.8498479099373,0.11596240694975962,0,4.190674486265347,3.5556266094646927,7,9,3,0
8,289,52,48.888959279025656,0.07482117330726273,0,3.0533104123856853,3.1497503411606225,2,1,3,1
5,6,25,34.744130999725684,0.0604165380971891,0,3.459591661572074,3.4734511935677093,0,3,3,1
19,26,6,53.64087978262454,0.09127712499057786,0,3.272598022453573,3.3967854816736875,1,2,3,1
17,42,92,43.4958517862889,0.031364710014825554,0,2.9869885231301465,4.044644127562428,0,8,2,1
7,33,142,41.616732131319274,0.04228513131801751,0,3.4100287539744696,2.7815679782465352,4,4,3,1
8,198,28,48.837980251789865,0.0920551098071158,0,3.5118834170249857,2.81638195046759,7,6,3,1
7,4,3,41.13087751134117,0.11399648547692294,0,3.3313775803088563,3.183591029797988,0,9,3,0
6,39,16,51.74911626313843,0.10744286578874407,0,3.6895437727245577,3.565035862598137,0,5,3,0
22,24,85,45.102132304062046,0.008742863871897693,0,3.4099557786925994,2.178207711224897,5,7,3,1
15,52,24,52.091151783488215,0.027829980856833293,0,3.242968709086505,2.727604042473435,10,6,3,1
9,82,34,51.15935172175675,0.032795747446256934,1,3.628357788211983,2.926729608057491,1,9,2,0
9,92,2,45.61048645445864,0.04598267534247454,0,3.9211711160320273,3.0316202647876653,7,9,3,1
7,6,81,41.597255156739884,0.008487092149358002,0,3.6744609997160738,3.3493502662599806,7,8,3,1
9,26,149,53.69148564819447,0.027705961909266646,1,3.457616974468871,3.6942733174006452,3,10,3,0
4,56,49,37.418741551024176,0.08593714636049338,0,3.6033824131366283,3.4261713391962694,0,8,3,1
18,96,36,43.30461987701797,0.02933415032421949,0,4.487201749797158,3.0564470833355437,6,3,3,1
9,194,13,49.33784556764622,0.11310501645484367,1,3.078506278859788,3.079297246759743,4,3,2,1
10,7,21,37.66898031562343,0.05076407015372676,1,3.6338880873727426,3.0508644557105344,3,3,3,0
9,168,47,38.89371943458724,0.011962290894671898,0,3.8114206751957567,3.9414258453894315,8,8,3,1
21,156,25,44.08890988261571,0.1011206831570982,0,3.114389433938413,3.4075471443772822,4,5,3,0
16,41,9,46.38650189310716,0.10986011311522251,0,3.391067618873987,2.4809753482016794,6,2,1,1
9,40,49,35.56450519561814,0.11137357305103482,0,3.5766862006904097,2.9249326387770442,2,4,3,0
9,16,2,50.66246570150031,0.059271502691485164,0,2.9295353156708925,2.6233918765483604,0,9,3,1
18,20,71,44.24039785775744,0.11046131538570604,0,3.3498867752234904,3.556205800340092,1,9,3,0
12,2,86,48.537740526747335,0.0851026825036713,1,2.7210141120140565,2.1713788229043463,3,3,3,0
17,86,26,41.26705913926334,0.023473889329552404,0,4.231106185149435,2.716787905345796,7,4,3,1
6,21,17,43.08484638945754,0.0639830903683614,1,2.5393349664420493,2.7663801167484827,6,7,3,0
9,28,6,46.51291046391372,0.05194122811427534,0,3.261689273527711,2.7733066643970354,4,7,2,1
18,73,19,45.7861479705395,0.05412640855859355,0,2.492315946872766,2.5807081482301317,5,5,3,1
8,11,36,48.369393570029764,0.049599488888759626,0,4.388267603071887,2.855902570458955,6,7,3,1
9,19,20,48.616041488202974,0.02103290295466544,0,4.273938604696654,3.509599188021333,1,7,1,1
11,35,18,39.20685341820423,0.0468039327758536,0,4.404746485550272,3.148345105599277,2,5,2,1
9,58,23,45.94984362734837,0.06144016316215511,0,3.364257851279635,3.234639306890886,2,2,3,1
6,81,7,44.16996962924316,0.03428091669396305,0,4.149976254346693,3.4769624268181665,1,8,1,1
8,264,16,46.979766568969836,0.021222079485023717,1,3.2522403272953353,3.3833981333372494,2,10,2,0
7,23,44,43.401441302727505,0.023788249267133046,0,3.7128955867527953,2.121288604636895,6,7,3,1
17,3,44,45.26235563377389,0.023156437020228945,0,3.6600839817409128,3.0144962507133624,2,3,3,1
11,20,26,54.738666085940196,0.05361004127187948,0,3.571504593059967,2.993624778641759,6,4,3,1
13,44,41,39.09693229196089,0.025089541227780312,0,3.036265259510421,2.3351984320975663,0,3,3,1
9,81,24,42.75188557041775,0.08607924328976427,1,3.8017139231103276,3.7496784832257437,1,0,3,0
18,89,48,33.31048639866616,0.040275327362758025,0,3.6248795043137965,2.408942174096505,6,6,2,1
8,109,12,42.30950982710189,0.11272611582252318,0,3.312638810726948,2.7559909665693594,6,4,3,0
17,15,4,39.46779930913698,0.007527504029353551,0,4.063616355636734,2.9168592978637604,2,8,3,1
9,59,23,54.73676942277926,0.03719432282742859,0,2.9356658794055432,3.4430772575038415,6,10,3,1
8,56,32,43.36645053690693,0.0886020488187727,0,2.9793796738979945,2.8608096672700083,1,7,3,1
8,195,20,42.97752311865491,0.08217400512311189,0,3.0864596467504435,2.5805807926761033,8,1,2,1
8,29,19,48.23903060833585,0.05047586565760119,0,2.9585190896861104,3.7589394521223336,2,9,3,1
18,54,48,39.64222240936069,0.10442372527758832,0,3.2232458158382524,3.1608847498886474,5,1,3,0
19,223,31,48.84383315740322,0.008564644773669658,0,3.6685379984594038,2.2964041485846294,10,8,3,1
18,23,32,48.674561657990665,0.06109176450514646,0,3.09513283327734,3.0632593992167183,6,9,2,1
9,24,79,52.8415883753561,0.024049656409344648,1,3.8108426171533347,3.3435288851926988,8,4,3,0
6,97,22,47.73722745613999,0.04487321077180183,0,4.158979347775902,3.166447440218448,8,3,3,1
8,13,30,35.80155777972398,0.08388745592649775,0,4.351488037752686,3.31518179288367,4,6,3,1
17,13,15,50.69503402526634,0.011876679648091271,0,2.665106151923334,3.1821297390563252,1,8,3,1
8,51,24,60.887535054764705,0.005252600086300205,0,3.9084373408480806,2.6590824700634488,3,2,1,1
15,115,38,44.8561317953873,0.050499630844291335,0,3.6947973214481222,2.1855130544030503,0,1,3,1
5,91,1,45.005001042590436,0.03257059782032962,0,3.266434512120501,3.6200587559152404,2,0,3,1
17,14,142,42.557505711323,0.08646240038545087,0,3.4020097382083723,2.9375277056209503,0,1,3,1
4,91,46,36.82572915351359,0.007866071326011151,0,3.4398243431900237,3.1664326741459243,4,7,3,1
8,74,31,46.83492282651802,0.1159806525433694,0,3.991862030217489,2.913767447424585,0,5,3,0
9,71,52,42.25498015182656,0.07449026230601968,0,3.9309624481262415,2.8579226756475156,8,2,2,1
18,28,76,46.667623680968624,0.060151884707943,0,4.088810914619972,3.4791776986698233,10,9,3,1
6,17,49,46.82041421735798,0.049505959200272946,0,3.1395768083559203,2.921749679457168,0,7,3,1
16,218,32,54.4952345559655,0.08988062873586518,0,3.45803607405085,3.351616154670469,6,4,3,1
7,37,109,42.990273543598995,0.04275885429247252,0,4.1214964258728,2.2338087352319986,2,5,1,1
15,89,37,38.788692104516905,0.09323374949315444,0,3.5079100604605986,2.2926785765545517,5,6,2,1
9,114,34,46.4212898438867,0.0852831016976274,0,4.151620575538428,2.6361947861155937,10,3,3,1
18,84,45,44.50989525692981,0.06616187527181476,0,3.3728245418711413,1.8271599778605339,8,6,3,1
17,78,47,54.35673953896126,0.10664069914425808,0,4.168126586802956,3.069336450191534,8,9,3,0
19,33,42,49.16173159330141,0.04151829483975938,0,3.2263873148856694,2.442657182696879,3,6,3,1
18,8,17,44.33825132095884,0.006942019965091974,1,2.5967024889283667,2.824471694096159,8,8,3,0
19,71,110,50.10586477733093,0.045144138492837195,0,3.7200411449370105,2.7847435935768985,1,2,3,1
10,171,127,50.57578612314806,0.10504018977589043,0,3.4882073166149055,2.677452525655688,7,4,3,0
17,1,2,40.29378415502264,0.009277877537553034,0,2.3628134957570026,2.2799426591752754,4,4,3,1
15,74,44,47.25280123480764,0.09157835692094679,0,3.281690341552643,3.238486209179506,4,8,3,1
7,118,36,56.09689486623904,0.09903107483468976,0,3.9183483696194132,3.322111861483673,5,7,3,1
7,127,29,37.568716918987924,0.051354324722883024,1,3.348992259034013,3.279849402766351,8,5,3,0
18,132,147,41.24104850342933,0.023342323109837658,0,4.146594184587896,2.8571444369659855,3,7,3,1
8,112,14,43.985978912409536,0.04266187417231859,0,3.2390425037224917,2.921896306835975,3,9,3,1
16,10,18,47.58118132750301,0.047816598662415756,0,3.2799583477794605,2.3540689897700857,5,0,3,1
11,85,29,46.631377739359,0.11187106486813803,0,2.7235259118339483,2.8750161002791854,2,5,2,0
7,82,39,46.04099664814143,0.03415469671297966,0,4.339106663451619,2.832060264064199,4,3,3,1
9,62,49,44.00541384907403,0.11671351432862356,0,4.461889891013301,3.1240540696890986,7,3,2,0
16,79,55,46.56545451027951,0.013058452845715687,0,4.2813882070604645,2.5732846490723937,10,6,3,1
17,93,132,52.077019094154124,0.11688353061617694,0,3.757591754758885,2.9832007034352555,2,9,2,0
7,32,94,53.548823255766415,0.026798313237525365,1,2.8250379792380227,2.8484208701517812,2,8,3,0
9,64,46,50.42030106315069,0.02013116736228747,0,3.5215516739165724,3.315762646243587,4,0,1,1
10,69,58,51.07030792764574,0.014412052241668642,0,2.653675589971332,3.726073289940878,7,3,2,1
6,76,93,45.436511945920415,0.037951050908793645,1,3.83969029396116,3.369595473047769,10,5,3,0
7,39,97,58.084991166704704,0.07398739341667229,0,3.136106712387543,2.9539071520876274,10,5,3,1
18,47,148,37.79703639801041,0.07995960199733053,0,3.304565362853033,2.817976565433562,3,7,3,1
17,140,48,46.27325572708671,0.04439461244267192,0,3.0143167139812994,3.1876958996139124,4,5,3,1
7,82,50,48.78488799772819,0.02769097206822101,0,4.165608564565582,2.1176305465580807,4,5,2,1
19,72,35,45.37184889462682,0.11940346110422889,0,3.456518350242058,2.7615685438290014,3,3,2,0
21,71,82,50.5707167544025,0.03247045723632481,1,4.353459157125246,3.174894418353899,3,7,2,0
10,186,37,44.21696923798635,0.045394862368017604,0,3.6718581726434354,2.453747152483752,0,2,3,1
10,76,106,51.45310680673183,0.05771754349317856,0,4.357263022278428,2.963305122254249,5,3,3,1
18,238,37,45.631825302643,0.08875056693057054,0,3.9392914709873854,3.3187702158355,7,2,3,1
18,90,25,43.0972096640179,0.018251367902133765,1,3.8744958493419785,3.324314697599892,10,0,2,0
7,261,33,42.472100771643824,0.03193609938243467,0,3.1043283819974374,2.3917404263628246,6,3,3,1
18,8,5,46.449378500167626,0.11962868159412808,0,2.753753283209106,2.401167047592706,6,4,2,0
18,11,0,42.04627177660427,0.0990190860352291,0,2.8074822562117836,2.7412983172071095,3,9,3,1
16,187,34,30.719442218003636,0.053264796563945026,0,3.5099429608817343,3.4620893859484507,0,10,3,1
20,39,35,35.61429395722125,0.013042696529219744,0,3.1709673189393657,2.744674066864571,6,4,3,1
7,127,31,42.54565170671348,0.10400503995615736,0,3.8020585728810454,3.0062453619022316,1,8,3,0
17,14,6,43.288340578273214,0.09396050581854808,1,3.8864815837085365,3.020263959692903,8,3,3,0
7,39,27,51.276920384548504,0.06968252469391183,0,3.4575677995782437,3.0380183765926123,8,1,3,1
8,41,51,46.76940775622181,0.04853485286483511,0,2.7381717995388644,3.085954855458739,1,10,3,1
17,3,10,45.68200003063938,0.11227377031671043,0,4.246169909765986,3.5421351665566636,2,9,3,0
19,38,0,41.32499056418714,0.035479305905743774,0,2.911587120216629,2.9498913875879076,8,6,3,1
6,50,12,59.29325192455528,0.03850969518520378,0,4.05664339726392,2.642093692787842,10,8,2,1
12,83,65,45.08769078874451,0.10506413792391947,0,4.328678749716885,3.131801989483271,7,3,3,0
8,1,13,49.71685071706549,0.07516109447785234,0,3.489230637340502,1.8585404177172176,4,3,2,1
19,16,28,45.13072264265571,0.11410805225807756,0,2.9602987581874842,2.8799816910791307,9,8,2,0
19,107,112,47.94338992362363,0.07740134495676193,0,3.302779857257441,2.2807157957537694,3,3,2,1
8,70,30,37.8925973515416,0.0039589065947111465,0,4.965303192321946,2.8451877912343093,9,4,3,1
20,78,36,46.96117571280474,0.021215531326443084,0,3.7875864908237875,3.471113630777134,0,10,2,1
19,69,18,45.502890949813086,0.033817032183071354,0,3.5965264623266786,2.0426321626908712,10,0,3,1
17,6,42,45.581918917171436,0.10407129578344483,0,3.371653781743124,2.5241018178768893,1,1,3,0
9,33,49,50.47799069287434,0.09970265926858841,0,3.5244078702462978,3.038272801131244,10,6,3,1
8,134,117,37.07465676109838,0.09483924742062212,0,3.4465849285377548,3.3165686522564504,9,7,3,1
11,30,0,42.65137015899513,0.06642451445876678,1,3.3319524821060122,3.4922722916395297,3,8,3,0
18,95,4,34.66485006769181,0.016675193929628577,1,3.9189451177459316,2.8387191579288644,4,5,3,0
5,24,0,43.68644390130084,0.015744091939264664,0,4.106976302521366,2.546635094363822,2,3,2,1
6,24,0,50.49090271830705,0.015131034022858522,0,2.9633851769262183,2.996228290441529,5,3,3,1
20,98,58,49.94933050228399,0.10255343877354141,1,4.373569432481594,2.8956562925084977,1,8,3,1
7,8,14,43.90329582808364,0.01698685057748015,0,4.2830176201111,3.3798403147846705,3,3,3,1
19,39,9,46.041566022106934,0.09702328970938201,0,3.581062135270093,3.319815137821114,0,2,3,1
8,99,1,43.1747058705018,0.10136994750362176,0,4.693124052423258,3.051766299503484,5,1,3,0
8,71,19,45.22522327508794,0.012604097316670306,0,3.046311499472065,2.5615392446268745,7,6,3,1
8,17,75,50.559363691230196,0.10824037935993074,0,3.5346057056865803,2.7210130250613553,2,3,3,0
10,47,35,53.5715067656066,0.10770457926812288,1,4.245455831884048,3.0336032683017757,6,5,3,1
19,25,87,48.594910354277616,0.07658541234299977,0,3.4487068752211245,3.557445089501953,0,3,3,1
18,36,30,44.66709549304721,0.06156115352533975,0,3.0699486754477103,2.667831892080026,0,0,3,1
7,127,24,53.76454795246929,0.07767667126161575,0,3.5884592113865885,3.166487998333832,5,8,3,1
18,34,42,47.933256295805634,0.04857793987162361,1,3.9437586600535823,3.329169159699618,0,0,2,0
8,37,28,43.66579248008714,0.07063923279105333,0,3.560685799316431,3.871965238442346,4,2,3,1
11,83,26,44.325076949087006,0.11634303192286885,0,4.144737092897791,3.4477892001381023,0,2,3,0
17,139,30,42.873538055088055,0.013594772647445299,1,3.78155957152589,2.77943486619231,3,6,3,0
11,8,22,48.70802253561311,0.028054902417869124,0,2.5395852771523564,1.8333339796827337,9,0,3,1
6,74,124,46.57875786309958,0.06289082968990012,0,3.308314676651749,2.4955980720094573,8,5,2,1
8,5,42,46.08058414638972,0.03103302604994981,0,3.7181646522585794,2.7115195410596566,4,0,2,1
18,191,59,42.105542706752374,0.11913233256328853,0,3.3126472114268752,2.6277614200475603,3,10,2,0
18,152,4,54.895147012270904,0.08643244498013533,0,3.0645451398298005,2.6764640208385146,3,6,3,1
9,99,32,44.31430539185399,0.052077170547451826,1,3.7791847248458117,2.221235417842271,1,3,1,1
19,88,57,50.77039785411981,0.10832901321713902,1,4.389526549394616,3.1400091708915316,4,0,3,1
16,32,20,39.99379413132472,0.017333632020519827,0,3.7194371857348205,3.0002399583048125,6,7,3,1
20,81,75,47.687810048156344,0.034548597621732666,1,3.8050434638349615,2.1266216407072713,9,9,3,0
8,145,17,41.87945843260745,0.11471199143233016,1,3.5461721076647414,4.1964059616583285,7,5,3,1
8,6,13,47.72756709066744,0.06683663288150156,0,3.792917853350628,3.6449801205732286,6,4,3,1
7,7,44,40.985091705446024,0.1104795680017295,0,3.0692526074186115,3.3526317850384517,0,5,3,0
18,128,40,39.11238707688142,0.11810489454197275,0,3.860041657664684,2.951562264232589,1,7,2,0
18,53,22,40.21338248593049,0.04322713033522211,0,3.600142615847963,2.8745648309006886,1,5,2,1
9,39,21,37.12849079201399,0.0691781974739171,0,3.6871254417574244,3.18548839527375,2,1,3,1
18,76,44,41.393870208543355,0.10160335774215602,0,3.957007588839492,3.2610935925975046,8,5,2,0
17,32,15,49.03727593581623,0.03272893068962428,0,2.8945419744655467,2.4130935011954175,6,8,3,1
8,55,87,41.212115733051846,0.05361050875294413,0,3.384568815062151,3.247091084469206,4,0,3,1
9,65,39,41.77742957314023,0.018398362624486304,0,3.7523126064016017,3.008173826414102,0,1,2,1
17,0,84,46.64579055408304,0.07830444222956266,0,3.735529479955546,3.4360770956256785,7,2,2,1
5,186,39,35.46233825870864,0.0005033286509346979,0,2.875272070297456,3.707568799343725,5,4,3,1
18,57,79,48.396444390225724,0.05391699431806068,0,3.1853067891920506,2.318308397998653,0,5,3,1
6,60,45,44.65867002157664,0.1114973990382641,0,3.472699610678429,3.2882699431658255,7,2,3,0
17,12,80,47.14493295905547,0.1076762953990326,0,3.87889044994895,3.105429849804435,2,7,2,0
8,53,25,44.49358120072998,0.09645237428122441,0,3.864118543607754,3.501210167725854,5,5,3,1
20,83,82,43.61744254587302,0.016939092779697424,0,4.20683208344424,3.0946223164830484,3,8,3,1
8,15,4,49.56196780752535,0.062431206651422017,0,3.918067129918712,2.892469876673371,3,0,3,1
21,2,42,44.862648307998434,0.08629669303062977,0,4.562848895488592,2.9566262675925903,0,2,3,1
7,4,43,48.059994657455555,0.012140829687753056,0,3.3907352500083414,2.316304795398087,0,3,3,1
10,56,99,50.009800196015725,0.017640474179254902,0,4.123441632698883,2.8550229535914466,8,6,3,1
7,28,26,39.036197554858255,0.0048078820957459896,0,2.781210086804846,3.3239113281665698,0,1,3,1
16,56,21,41.51864973058736,0.03876883445518914,1,3.762796673342609,3.295506211607253,3,3,2,0
18,60,24,40.850796002145195,0.10527868022257282,0,3.5485362041624717,2.9025070756727174,10,2,3,0
19,47,15,43.26758896620425,0.060897093004088854,0,3.416908503967854,3.74225183830013,8,6,1,1
7,89,45,45.828037802864735,0.1023924852495909,0,3.4586803199006635,2.9339539675226267,5,8,2,0
19,96,98,40.55043001169147,0.010038020618265055,0,3.466790203036645,3.476721302219045,8,6,2,1
10,72,9,40.95999107542896,0.0067323277195783454,0,3.6616721255644173,2.332765993325837,10,3,3,1
9,47,0,43.23498262997228,0.096468128296271,0,3.4198539689734453,3.2326876340004587,10,1,3,1
18,85,32,49.526758080330765,0.05973001903337438,0,3.942597921006718,3.0341579347018084,4,6,3,1
18,68,9,42.40235204701637,0.056511485329047005,0,2.8645584933265655,2.844292869344298,3,7,3,1
7,38,60,45.47240729362131,0.05707791320229949,1,3.679165503859149,3.287409907515428,8,10,2,0
7,91,23,43.507327383465686,0.04572855074594418,0,3.681710951506467,3.1025555969717478,4,6,3,1
19,124,64,44.4448998234735,0.1063686118093907,0,3.41969472457641,3.220069248677776,1,3,3,0
17,81,5,41.67363951309117,0.06251965560308716,0,3.759013692714103,3.274905632122269,2,6,3,1
7,49,2,32.802306990995994,0.11686648447600821,0,2.6986138096366616,2.70127640516533,5,3,3,0
17,27,51,41.78651765804339,0.10158311373504271,1,3.463293955235015,3.877940849157754,5,5,3,1
18,28,24,46.125084913855936,0.08850852199926665,0,3.3001797003793265,3.7618362061530206,4,5,2,1
17,55,22,45.32632947439949,0.07634495780540734,0,3.896092494153538,2.9692507418987093,3,8,2,1
18,42,44,48.477525939933344,0.10022042662741407,1,3.7708059337864634,3.2473248834965496,3,3,3,1
15,52,61,37.627966525554434,0.10580768500249317,0,3.738110848649367,2.6119981505450593,2,6,3,0
10,23,18,46.85985769529634,0.015988903776167303,0,3.846455116228984,2.3546012213342697,7,6,2,1
6,86,31,42.24464299207147,0.043168917769957155,0,2.584960991877772,3.29257783601765,5,8,3,1
18,67,17,41.16020051171587,0.0966538749218788,0,3.6996510078959246,3.7304824345831067,3,6,3,1
17,72,12,47.61115518001716,0.026556679451540544,0,4.159585097065915,2.85895414614127,8,1,2,1
18,192,57,48.959193771273235,0.07034376778231334,0,3.586919423050175,3.1419640200163994,6,5,3,1
17,28,103,50.7352248153905,0.09365406117945729,1,3.4516882250618512,2.560331678619131,8,7,2,0
18,92,46,47.76764643098612,0.026872545973579704,0,3.5037667830880843,2.232988054409247,6,8,3,1
17,18,114,44.479350997385346,0.048241690064306904,0,3.4248184007664224,2.7567513082405966,6,1,3,1
8,115,48,37.649559408731044,0.10981388094249221,1,3.5636228441288,2.971747248369784,4,7,3,1
8,11,24,51.20799821146746,0.0427202830989013,1,3.312879738653237,3.4923331977731147,3,4,1,1
4,283,41,46.13705805883523,0.07256639175574738,0,4.488468065468391,2.3868338042871478,2,9,1,1
7,32,3,40.381214607941885,0.052061383424720734,0,3.463993608919462,2.482265265574136,9,5,3,1
7,6,126,46.06970797569038,0.10524408286034939,1,3.90607504081088,2.4810223463708425,2,0,3,1
10,83,43,37.68106659840274,0.0508977135660196,0,3.422478548756731,3.6633938613992365,7,7,3,1
16,81,5,51.75967247838294,0.04310731232482817,1,3.4537205316738966,3.8189766385842114,2,0,3,0
20,53,43,43.01404781606751,0.020792704507873506,1,3.8852663489113346,3.95953817619589,10,10,2,0
6,33,64,39.48653757415946,0.04190906593773503,0,3.640058899667668,3.658662119494442,2,0,2,1
20,184,91,51.44829940499936,0.08034652681571196,0,3.5298814697451695,3.1424454313181243,9,7,3,1
18,49,18,38.397841705570734,0.021097299792977777,0,3.3785052092647,2.99053597438416,10,10,3,1
19,99,10,44.8676887677816,0.08464490344732203,0,3.6068976960977404,3.3598576609256385,2,6,3,1
18,65,6,45.6670750402091,0.0012776436774726684,0,3.5598499065426146,2.9140672736728366,9,4,3,1
8,297,13,38.46673618792967,0.044034360648317006,0,3.1298932781255817,3.76221269569649,1,5,3,1
7,19,42,42.98420318247744,0.055912179672810744,0,3.7359761689566864,3.283686690696325,7,0,2,1
7,50,37,35.54913791192726,0.011534440570203355,0,3.8143704226495654,2.8530678844207666,5,9,3,1
19,84,73,42.840637515352824,0.08209168798858259,0,4.040640654089848,2.701936242012013,10,3,3,1
11,83,1,35.66011968357728,0.012330829122846713,1,3.7043036547567647,3.0791400309225523,5,3,2,0
7,35,13,49.45510686511499,0.010795414894865614,0,3.457043174489107,2.9344525774771255,0,2,2,1
19,97,43,41.85803173193238,0.044151971587740264,0,2.955356468912358,3.344030728128719,1,5,3,1
10,259,28,38.959597507074875,0.08859580858449802,0,3.2438129932277553,3.13894607802362,3,4,3,1
6,4,10,46.031717082434085,0.11564099515719656,1,3.7179521623379452,3.050951019931795,5,5,2,1
17,145,44,36.21949320965476,0.09312213999133148,0,3.1470872485496906,4.184527829722493,10,10,2,1
9,48,102,41.30086320331429,0.055920562868292945,0,2.404605127604655,3.410651025604591,5,9,3,1
18,73,10,48.627724106219475,0.032711682708348226,0,3.95343393664758,3.2828132821004754,10,7,3,1
15,233,140,37.97954015854919,0.03616964793674015,0,3.50848860690361,2.6831609937696563,10,3,2,1
17,134,107,43.59245235760577,0.03404383513982164,0,3.4179288237848113,2.099632084918067,1,6,3,1
8,64,107,40.81741593870799,0.03339873361095462,1,3.236610461054394,4.473428423447091,10,8,1,1
20,92,35,34.57025639799821,0.00829151852752505,1,3.5997849574616425,2.8832968239690877,2,2,3,0
18,23,29,39.175039713607624,0.026453508967918527,0,3.4781130018169346,2.360722201556234,9,6,2,1
17,30,77,41.47538257698082,0.0129512979694332,0,3.2701498550808843,2.9322774567640146,10,8,3,1
21,31,59,46.18376724291677,0.0008848531815960081,0,4.051827055813903,3.2703223355170734,0,10,3,1
8,39,80,51.87128881469221,0.03427220349666778,0,2.86191249861525,3.2425036859705605,7,0,3,1
7,46,17,44.88380179053299,0.042262964086796286,0,2.5913730397657373,2.315605699180754,4,3,3,1
6,37,69,45.530571030104866,0.11129201008103948,0,3.9917631010882957,1.3551728511114947,4,7,3,0
16,181,13,48.76518742897347,0.11937860400563045,0,3.6180187380827786,3.6532944147435256,6,7,3,0
7,51,8,47.11268091469841,0.06953250646130975,0,3.126287507392403,3.792759175450795,10,2,1,1
20,31,66,41.64182084028474,0.10811802137727304,0,3.102731785794069,3.7042806388863907,6,4,3,0
17,10,49,42.100485899366774,0.07418712408552816,0,3.496950610402567,2.9406216606241333,10,5,2,1
7,18,24,47.82908179764589,0.059709349028308614,0,3.638002994761491,2.489526376388944,10,0,3,1
8,77,35,47.46558238422956,0.005121989746100266,0,3.993297031977999,3.3762582094752434,9,9,2,1
7,151,2,46.01658105412287,0.005351534757215485,0,3.7951263246113816,3.073776064147796,7,1,3,1
9,186,28,41.868464177225405,0.003695693916952911,0,3.3180422881204645,3.263281978037769,2,2,3,1
19,66,37,53.116723955108384,0.01800963826672344,0,3.4959741899883765,3.0461198296019734,6,10,2,1
9,125,148,40.985892319648954,0.009228241253092193,0,3.7530717385588703,2.573247371027917,2,6,3,1
9,60,29,44.4535399150969,0.023361437214989615,0,4.260190692164566,3.23818513415872,10,1,3,1
18,161,10,52.03226557812312,0.06230518216671894,0,3.6166237606442655,3.0403302325955615,10,10,3,1
9,155,22,45.60672044764976,0.06038410368075791,1,3.646523388951888,2.6372809934131007,3,4,2,0
18,41,16,44.69253127456506,0.04130193480493574,0,3.2546736147829756,2.9233168178730486,0,9,3,1
20,142,21,46.46105514814568,0.07991700840742078,0,3.4436586197607433,3.1883615286384632,9,8,3,1
8,24,48,41.78445014999316,0.04703082724602286,0,3.680987913282225,2.730728970411831,3,0,3,1
9,45,2,44.53321601073763,0.026428825309647828,0,3.518720523232406,3.774330743400405,3,7,3,1