accident_hours,rainfall,wind_speed,driving_speeds,alcohol_levels,traffic_violations,lane_widths,road_conditions,mental_states,riding_skills,accident_types,falses
19,11,28,48.692150875388165,0.08305837126099036,0,3.5142477180660614,2.359817598940886,6,7,2,1
19,26,17,49.68844989435315,0.11762448570001297,0,2.852347025910298,1.979813478133665,0,7,3,0
19,100,58,52.978419621177174,0.0972846203323799,0,3.5729394766290654,3.2009668556150563,4,4,3,1
7,24,31,41.29914251049113,0.04968619221619387,0,4.141840841649963,2.433803458676286,4,8,3,1
20,77,38,51.58895035347147,0.04508019284829912,0,4.191185896407229,3.2326827441241797,10,4,2,1
7,111,1,48.01349283067972,0.004637845729470871,0,4.1572448149485135,3.427769553792092,1,5,2,1
21,20,77,50.40824682815511,0.07884871813425805,0,2.876766318925145,2.7139894514692813,1,8,2,1
20,99,21,38.33529551122619,0.026714875042165583,0,3.9999485012342606,3.5635055185190936,6,5,3,1
19,176,37,41.23998954117801,0.08202216219328308,0,3.90833433925991,2.4190445480612435,0,9,3,1
9,192,0,46.153422045970245,0.0912203265700208,0,4.517526069279117,3.288750545438464,6,5,3,1
20,66,23,48.529139066529545,0.10557552780884084,0,3.7134544517892514,1.718244447007737,4,1,3,0
3,66,105,42.853840844169746,0.0657900010187333,0,3.669870725071154,2.9135411649611735,0,4,2,1
17,45,23,43.14038009361753,0.09959731267561815,0,3.637683041906339,2.95054692733294,4,1,3,1
17,79,45,39.690435150117125,0.08678223644417764,0,4.624084344436387,3.127970763502243,8,7,2,1
20,39,67,42.49529272420938,0.042357740553611904,0,3.415097401748207,3.1085913592524097,1,3,2,1
8,80,18,43.08733722517915,0.012771460969129452,0,4.064501066897395,4.046111482050327,1,2,3,1
8,6,6,43.117830671623786,0.02906039358411106,0,3.3164396588116003,3.760011016684337,2,8,3,1
18,37,20,40.49911772466378,0.10134934231395534,0,3.491316081868329,2.390881213604774,4,0,1,1
9,52,119,54.60685723633126,0.06413061254550835,0,3.438875394012051,3.212600803149736,10,0,2,1
8,41,17,50.10354299290706,0.07986750329130889,0,3.1283663751451005,2.670934671179781,0,8,3,1
8,86,13,48.32669897362035,0.09672890090910086,0,4.026705537918028,3.716860860394249,8,4,2,1
18,46,48,50.73108942593902,0.08004514104554046,0,4.2340796306407835,3.2291179647865507,8,1,3,1
18,55,45,47.89303814282435,0.10272655228573084,0,4.126970100460543,2.923626467689472,5,6,2,0
19,14,76,56.1746462996012,0.010363149436315772,0,3.6288931328084617,3.815936698583754,1,1,3,1
12,76,39,40.97455407220301,0.10843762531904273,0,4.200575077908199,3.5465906860192624,6,7,3,0
10,78,31,33.58472642924154,0.09751462802761769,1,2.892514242470869,2.8744108609935837,7,4,3,0
16,256,18,40.573349297857,0.1083609038892615,1,4.18009750300483,2.9198481629356525,1,0,3,1
8,90,17,35.63303709749782,0.08770296192551663,0,4.11747338809596,3.409986176669875,7,10,3,1
6,45,42,38.8433896919085,0.03292722819399466,0,4.02017154729023,2.9477569432023234,10,8,2,1
18,22,8,41.94899170218245,0.013665521637562699,0,3.7991908896095783,2.458901485385221,2,4,2,1
7,75,51,44.286216809495315,0.01555657655431287,0,3.9754346581463156,2.7960598751312555,1,7,2,1
19,7,0,50.34194350945009,0.059868570880296686,1,3.636869116532193,3.177831652492338,7,9,3,0
20,52,42,53.35159689713233,0.04691236916483941,0,3.705015377489373,3.160200139813702,5,0,3,1
15,151,3,46.47716881730006,0.07850609125252893,0,3.468672793325738,2.219488797269739,9,2,3,1
20,195,29,38.902951810433464,0.06039331685026119,0,3.4391096189441828,2.8253121264208985,5,7,3,1
6,89,24,42.4642965655523,0.015038399687035903,0,3.0893321260672426,2.595897681659643,8,0,2,1
6,11,77,43.53209987160175,0.00026946136423367407,0,2.816433077659428,3.7328416803249125,4,10,2,1
6,153,5,42.86369000865253,0.01539757752703501,0,4.545671232729426,3.036997516973739,2,0,2,1
11,95,25,38.27116707368893,0.017608673218099634,0,3.169962502896011,3.245385405915272,4,5,3,1
10,52,3,51.42043516478373,0.08639022296490428,0,3.142988028997406,2.6209357816386385,3,10,3,1
8,28,41,37.28645134109092,0.0342337249781341,0,4.125460451942666,3.3519525691000274,3,9,2,1
21,4,42,42.34574047016392,0.011236432577453218,0,4.778710244626019,2.662463088147788,2,5,1,1
19,59,18,45.67872750930712,0.09064547993229471,0,4.1493415338151705,2.9548514898304723,4,1,1,1
17,62,80,45.85933621284729,0.1128583211946656,0,3.7825109852502683,2.4451301646111863,10,0,2,0
6,39,77,42.96886290627749,0.012057873949426106,0,3.115376407858283,3.170875012430723,5,7,3,1
21,94,25,46.53225508155305,0.11556708881925377,0,4.268114920217068,1.6899392384774323,1,3,3,0
16,9,9,39.67940661909409,0.11403177087343615,0,3.5659339649365407,4.378543929665499,2,10,3,0
18,275,10,44.49808633163069,0.06277411572286112,0,2.6641020493100944,3.4542674423014135,3,9,3,1
17,4,9,38.508280089112446,0.03549185697913388,0,3.3533949646342642,2.856072828716917,2,3,3,1
16,49,23,40.60114638824436,0.016571060885792507,0,4.0208411898179826,3.6378971153833977,8,6,3,1
8,9,9,49.87808906454674,0.09886242418945722,0,3.132410327105749,3.3287823928563514,8,8,2,1
7,88,9,43.84582136440382,0.07256879226164827,0,3.9319669171584906,2.6727802611357863,8,4,3,1
20,160,28,44.06577610492319,0.07815583409283822,0,3.0390951689014316,2.801188532123888,10,2,3,1
20,138,47,42.54156367389364,0.10330521897532899,0,3.1113041589865094,2.2870411182242885,9,10,3,0
18,123,29,41.63318710114385,0.053273303531743206,0,3.9112600292898283,2.877109466810599,6,9,3,1
11,126,124,45.11012876505926,0.04417300902124478,0,3.1837278693463826,2.7374867207151206,5,3,2,1
16,0,34,56.19195277890513,0.09147656363024209,0,3.9129867828464913,2.787413737240216,8,0,2,1
19,157,45,37.92903171298165,0.03566642335575757,0,2.6651196073312655,2.597867092643065,10,7,3,1
9,54,27,40.10065785308673,0.03935110069767869,0,3.288703594558481,3.117441514515745,0,6,3,1
7,76,66,40.27968908808776,0.045730948310601746,0,3.9178147994239243,2.7129701958069083,3,3,2,1
17,56,27,33.87216987018823,0.10276296042755571,0,4.515231019554557,2.48316998575458,7,2,2,0
9,40,35,44.392911993007445,0.09349385204643278,1,4.107509536468684,3.1896051099326974,3,8,3,0
8,38,38,43.903401442485325,0.0349701453268647,0,3.461322533399813,3.117233079519859,8,10,3,1
20,31,24,41.834965552878195,0.01723348337247434,0,4.042450408887973,2.239893738699995,8,6,2,1
19,67,30,48.249698660777455,0.047135181712964325,0,3.5218687447311345,2.98214710452821,7,0,2,1
19,3,12,42.7201346820519,0.07494620953217719,0,4.054397832002308,3.3227120267980275,1,4,3,1
11,160,92,44.14231483615218,0.08114963540382422,0,3.9913967047773147,2.4475118749818385,10,10,3,1
10,92,49,45.809858052381514,0.024051614284982623,0,4.679350295118617,2.9246852291093295,3,1,3,1
17,20,22,43.185625487564096,0.029928228252466802,0,3.914384516732782,2.29611855144044,10,9,3,1
19,47,10,53.49108350558116,0.11161214628904205,1,3.259341861260239,4.190751521156309,3,3,2,1
8,50,34,43.00572148807884,0.04620717778816095,0,3.6556331294689386,3.6115070365865463,1,10,3,1
9,176,2,48.2516318487438,0.03769711624403013,0,3.1329491365368938,2.5614829489289663,3,0,2,1
6,205,29,44.62998020260004,0.08348522900921018,0,3.048293154675706,3.287913808277674,8,6,3,1
19,68,33,44.86536378565178,0.05614525064663164,1,3.4372148258236805,2.8555851845334606,3,1,3,0
19,117,72,49.353412028980465,0.029616233253965344,0,3.581460282680534,2.9805550673512546,6,2,3,1
21,77,76,43.443582841639206,0.04911565860320791,0,3.319579434686315,3.5410362985023083,7,6,3,1
7,19,72,44.73067626910735,0.017303433188733876,0,2.685414392018983,3.499981197212069,3,8,3,1
6,45,38,46.2417205172251,0.03354764406611905,0,2.792518890529172,2.764276777372636,7,2,3,1
19,72,34,42.04665203791562,0.05021550581697031,0,3.736096493359685,2.5634067240120038,1,7,3,1
5,137,1,47.46744345228144,0.062159265788019294,0,2.836670696153432,3.4901125181312884,6,3,1,1
10,95,42,52.54249735882286,0.08899888251603437,0,3.8619782453167497,2.686296623277231,7,9,3,1
17,39,148,40.726611825812675,0.046193230979308754,1,4.27210667442713,3.9095282366372905,0,6,2,0
18,99,31,41.794043313488395,0.06548455883795462,0,3.288022872866187,3.9950038056761006,3,10,3,1
16,71,16,39.789288027956424,0.11412075586095834,0,3.367231358087941,3.128128109355146,0,1,3,0
21,75,36,54.040649246008066,0.09819795501062709,0,3.894833458424956,2.6883263636719925,8,6,3,1
9,184,10,48.017812109511254,0.02844105900676224,0,3.3623947051515075,1.7963493740210557,4,6,3,1
7,89,22,38.562555142208176,0.02561799982795424,1,3.085978744210102,2.7644840485421356,4,2,3,0
8,37,97,37.52139051895694,0.07952357980174107,1,3.333173737638384,2.2581582788563086,4,8,2,0
15,174,44,48.15061278847052,0.07143959217708738,0,3.3393327226298655,2.902706157704637,4,3,2,1
16,24,97,56.659774863066886,0.06562475518827231,0,3.857036355499526,3.355054394898979,1,9,3,1
17,51,35,44.69313339086323,0.01850049371660845,0,3.1238298921622434,2.989814318109603,7,6,1,1
7,57,15,37.59997410909509,0.0435141178447348,1,3.9508969767655846,3.1442325254725576,10,0,3,0
9,110,70,36.798256168770635,0.09112446434189636,0,3.9278472593942504,2.7446522960240967,10,5,3,1
10,36,6,43.21016130187808,0.08683056881973208,1,3.035778560702076,2.446072832649762,8,3,3,0
15,12,37,37.997128186619136,0.019820857327687125,0,4.021259938801051,3.6015185895393436,4,2,3,1
17,64,69,43.73095693810623,0.05122318595983802,1,2.41337834491135,2.528147137256422,6,4,3,0
16,26,28,47.57881890303542,0.05312562115580297,0,3.0760749423479767,2.266554598841358,0,6,3,1
17,87,18,46.32620418191141,0.061029819460371,0,2.8187012096323034,3.12575522067359,3,3,3,1
7,167,5,47.2044654809402,0.05533901605245225,0,4.147034472123154,2.5053471796690205,7,5,3,1
6,215,13,46.25772397607095,0.060205878273107874,0,3.73557770751885,3.1416334561505996,9,3,3,1
6,4,43,48.63793410893873,0.09757733499268537,0,3.355263518755933,3.1932876371341465,1,8,3,1
17,94,72,43.73497749343918,0.046736119786146835,0,3.9018780406424973,3.2844364809618134,0,8,3,1
20,19,85,45.50406344480594,0.06624303345487707,0,3.4819182260686397,2.7954665562916627,1,3,2,1
8,9,51,51.50809304034912,0.07281203276013701,0,4.659103681505988,2.9302418859553856,1,8,2,1
18,71,14,48.964428081729245,0.11307660565004399,0,4.091420595647015,2.6510611634213905,8,8,3,0
7,36,46,38.694513910508604,0.07856835054775646,0,4.2586004189567985,3.384556334982697,7,10,3,1
8,98,8,40.974796236137195,0.015681985418437155,1,2.965780669818209,2.7728856038150136,9,10,3,0
19,76,27,38.62369117560702,0.069894919405781,0,4.507962500042451,2.2004366927582435,3,3,3,1
9,47,10,43.9912976593196,0.07943027157314306,0,3.1779302701946417,2.7939459902191524,7,5,3,1
8,120,35,28.550922416168383,0.0011401978110236488,0,2.655692419125001,3.0480441589535183,3,1,3,1
19,90,64,47.95090372607502,0.009036708204022803,0,3.27014305322696,2.7400068840172853,1,5,3,1
11,87,29,40.26684040244674,0.002279771411445983,0,3.9930568541293767,2.6906118971099273,8,10,3,1
8,44,21,36.071579336878095,0.005790353750751187,0,3.413617847159035,3.228193315099865,6,7,3,1
9,30,31,55.75324748666244,0.010759806423729295,1,3.5935500727712837,3.324251400481451,7,0,3,0
18,18,8,41.39596323811361,0.11493785903236724,0,3.0178490502420656,2.2018261344255974,1,7,2,0
6,87,60,36.36407277743281,0.024806506674528106,0,3.566281269643886,3.6136483723232784,6,10,3,1
19,60,12,42.118200572075374,0.024546927933085903,0,3.7292049039154276,2.6850787589834906,3,10,2,1
19,105,31,52.86600954269039,0.10289033760984867,0,3.4719706651078184,3.037087763931586,2,9,3,0
10,64,129,28.266490201321645,0.09033078565790043,0,3.446119984567665,3.2025766825659865,6,1,3,1
12,114,22,49.97167790716158,0.08109784416519762,0,3.514115430898678,3.3862588775453792,0,10,3,1
16,6,82,36.142817302758175,0.050608241507055104,0,3.501130147993995,2.607545827255195,9,8,3,1
8,92,2,47.342746641649605,0.003741239775546359,0,4.162123194559937,3.030562776818397,1,6,2,1
17,37,7,39.39909257687785,0.09918477533560478,1,4.073636461525741,2.7085180996955813,4,4,3,0
6,63,27,45.1488105056579,0.10329555136672132,0,4.192371769749916,2.766491940617514,5,9,3,0
16,106,54,42.47895199263354,0.05781516866399931,0,3.3099344545794214,3.1459076798623937,9,5,3,1
18,34,6,46.56406956912611,0.07738609113351325,0,2.873037210447203,2.5415477038477845,2,3,2,1
9,29,30,47.8622690523527,0.05731851735229482,0,3.2086601238096906,3.2778601433066252,10,2,3,1
18,5,98,47.50546330318594,0.035539056253258074,1,3.241576313330179,2.7760321154046155,3,0,3,0
7,96,8,41.33971881621581,0.06483545638254186,1,2.8023059857266235,2.95750729466131,5,6,3,0
9,172,31,46.345455816346536,0.08263186075939608,0,3.6342754040318317,2.9563658851425343,1,2,2,1
19,82,14,49.631725438322995,0.01854677935475169,0,3.7567972049759586,2.6289685511377963,6,0,3,1
6,70,40,43.807933167740075,0.06368585928778106,0,2.8941157529229726,3.0955689224082463,1,7,3,1
9,32,37,45.835142911725065,0.09311516587770204,0,2.8499513405970514,4.298169741002825,0,6,3,1
8,81,3,39.33261615863936,0.05707089445379944,0,3.2860893540902167,3.725786783176904,5,1,3,1
19,7,42,46.42333386613893,0.018827335076979188,0,4.134356078133809,2.671772134370407,7,8,3,1
20,201,4,41.78971125824044,0.10436700298056426,0,2.570403202391396,1.8509373325074772,2,8,3,0
20,134,8,43.955174099847994,0.08086306226877167,1,3.9320395264506343,2.009681272577068,0,0,3,0
18,79,37,44.92571704468984,0.07590334230375845,0,3.6071847545570543,1.9476327782637903,0,7,3,1
10,83,17,45.984184271405255,0.07820055572413948,0,2.038767368255087,2.6247825598372163,0,2,3,1
7,11,14,42.92245262213436,0.029407235339529856,0,3.2401105338294505,2.7346402297644508,2,3,3,1
20,33,19,53.28024612324554,0.059077628755460375,0,3.1583182623236574,2.6125839259461925,9,10,3,1
15,96,146,40.164100227858434,0.03911849269232392,0,3.797138703865187,1.8493423117505037,4,4,2,1
6,145,32,37.024778335173494,0.10002329899902024,0,3.2160744385942497,2.8419255907859564,10,2,2,0
17,121,30,38.64826663872666,0.07065165662405326,0,3.27247212949542,3.502317474230515,2,3,2,1
9,27,72,39.88336710252745,0.0860752569300489,0,3.0602526070179614,3.790686558721472,10,1,2,1
8,19,70,45.01531323067063,0.07923616833770605,0,3.8748007830675,3.2369286183566612,8,0,3,1
18,11,89,53.99174045743778,0.05804644934488433,0,2.718052848081255,2.914418435396945,8,2,3,1
5,125,2,46.89395243579586,0.09658263287614496,0,3.238609322581379,2.3354126702399127,6,6,2,1
18,88,26,43.663196882085494,0.07384401797554532,0,3.187182460360913,3.3215972695983256,2,7,1,1
5,88,50,41.47069871019207,0.0272142554957626,1,3.325356848046309,1.9792384744219544,10,0,3,1
16,58,45,50.79370941643285,0.034889748715544615,1,2.854735405642752,2.5279499850391463,8,9,2,0
7,34,42,39.471900448821586,0.09923609189375832,0,3.3759611933044136,2.3248140499694285,9,2,3,1
9,139,92,37.026293975858096,0.11294776316351846,0,3.2397411341829105,3.2433348380356226,9,5,2,0
16,58,7,40.528961456835184,0.06576043646968498,0,3.07740719564112,3.2913681670341064,2,8,3,1
11,27,44,42.26429093281617,0.046264879254538226,0,3.4544516498353657,2.573131823392125,9,3,2,1
8,30,51,47.869377517438366,0.07500142554141206,0,3.7120817861504096,2.901394714474646,5,6,2,1
10,174,11,48.973803299176716,0.05802080044013147,1,3.179456965963778,3.4979648213583308,7,1,3,0
9,5,96,47.57568234859568,0.10100335898439079,0,2.9588346148782474,2.5399459817669694,10,1,3,0
18,185,0,33.79329495504115,0.09995935354005514,0,3.1083841084825625,2.6088715234419917,9,6,3,1
5,43,75,44.98982701224352,0.05473843348277745,0,3.4796472324559184,3.569986824469227,2,6,3,1
7,57,30,45.180964248672964,0.09654986636530284,1,3.101005035097594,3.001419709523327,7,9,2,0
18,22,49,46.96607085462601,0.02315476067882263,0,3.2819318100482726,3.358470827301001,9,10,2,1
19,28,62,37.35155227201508,0.044869684077252184,0,3.044047325447482,3.0412315485345487,4,2,3,1
19,73,1,42.829159451687985,0.00955221525321532,0,3.161628752188523,3.523435907417618,1,0,2,1
19,64,47,42.69108487516299,0.09693530977299211,0,3.3453167087661786,3.1554221790154906,3,0,3,1
17,74,16,49.41806508035307,0.1170291758803012,0,3.5700281101963056,2.718122728657925,7,2,3,0
18,55,99,45.0793923372212,0.0692117183532598,0,3.0695777818151377,3.0406058650021777,6,7,3,1
19,97,47,41.487526378931285,0.09197955538019265,0,3.0721766361136567,3.568940085425461,8,10,2,1
8,46,46,35.77902576052477,0.048191291866203835,0,3.643527531014032,2.819003283165918,9,9,3,1
7,87,48,38.13110828610685,0.06738635994138815,0,3.992568046624581,3.500291870003413,3,8,3,1
9,47,13,47.78332055144214,0.04168268549472781,0,2.617033822390721,2.8612585413319027,7,10,3,1
16,19,44,33.81557138964743,0.08362168414652231,0,3.3560279525231076,2.7708265438004744,1,0,3,1
18,57,41,35.11486286449708,0.029549391087042392,1,3.5328344396336124,3.3941403837635953,7,4,2,0
19,4,126,48.748914026321145,0.018389070118924485,0,2.8953763522939715,2.5898362800037935,0,6,2,1
21,92,47,48.1244884966947,0.10782709189057915,0,3.6695627092311343,3.6975803546942996,2,7,3,0
7,249,16,38.11186937640122,0.10371378220624049,0,2.6284574593266132,3.556289810634205,4,1,3,0
18,46,3,43.52214262951673,0.10019520990208088,0,3.5713498118183407,2.4227275263873427,9,4,3,0
9,8,81,52.16512281255072,0.0985851114552274,0,3.747887776906727,3.463748945124544,1,7,3,1
17,84,35,45.12414304217835,0.0875405974199539,1,3.7125977637046956,3.442942821425437,8,5,3,0
19,61,43,46.69112925437368,0.10497116854360186,0,3.195098559921238,2.9376639093595958,6,7,1,1
18,120,18,52.36206524179558,0.02522571871785283,0,3.3438935742285523,3.0683711714316755,4,5,3,1
17,123,34,54.028274333207094,0.10444832490778272,0,3.9423647917558444,2.275444472531335,6,1,3,0
19,288,26,45.01081300881133,0.11013499722530548,0,3.131745855905349,3.5593127009482526,3,6,3,0
20,34,68,52.072349205389536,0.0859204551336236,0,3.5116221516176642,2.6242634981395656,10,1,3,1
18,48,49,49.32732831561192,0.07192217195151118,0,3.1947203482788966,1.980697285606833,1,8,3,1
9,53,43,42.52548856752667,0.02832843687207554,0,3.532166109904384,2.716313207814606,1,1,2,1
20,34,46,46.82014292851293,0.10393928373579862,0,2.840133844963451,2.552676032971332,9,2,3,0
16,45,32,35.93432316040048,0.0692192889995583,0,3.0597973390621456,3.105581402011969,2,0,3,1
10,59,11,47.79741279154974,0.07328031542028306,0,3.6702061143214113,3.7226253761983465,0,6,3,1
8,244,39,42.23327292573901,0.07278735905376639,0,3.347129964530549,3.152833535679084,9,2,3,1
16,91,12,40.8648330550645,0.10401353733764447,0,4.314388244004039,3.3901998978787624,0,10,2,0
10,143,22,50.02054946551056,0.016437260313765138,0,3.973102414925525,4.117291094767619,9,5,3,1
7,2,16,39.764846324349605,0.0074006798688611,0,4.337927681335733,2.868127192612884,5,0,3,1
20,53,3,46.74058225339602,0.026878050693690043,0,3.474007620316284,1.9775394839074119,5,6,3,1
16,12,96,49.54035756574844,0.05901117083801081,0,3.039079128821463,2.522077540089737,1,0,1,1
9,65,41,42.592282794577514,0.05632990315088237,0,2.478830327631428,3.1529646158901894,6,0,3,1
18,11,37,45.762422251989754,0.061443719506086514,0,3.3768125390654746,2.5309785541159906,3,1,3,1
9,0,34,41.07216901312063,0.013720229849877086,0,3.215274190447838,3.410778892115323,3,4,2,1
18,28,64,40.24713394466437,0.09514708823717909,0,3.477409875931253,2.4201135111377035,7,0,2,1
19,73,36,43.74603240388258,0.03625487323752139,1,3.0146880366581983,2.4177850694199607,9,9,3,0
9,89,48,60.71527549010882,0.10958759860269572,0,2.6090180613966907,2.328885582918867,7,2,3,0
17,100,29,53.90775399923974,0.10079560411192075,0,3.2194434202215665,4.156687852955893,7,6,3,0
18,45,17,42.25487723911946,0.007615478982551682,0,3.3368286593257035,2.8953823415825455,9,2,2,1
21,63,34,44.24739202584151,0.006427670119976567,0,2.482103080536503,2.8302028183161836,9,6,3,1
7,25,27,42.849955913725594,0.07547742406733184,0,3.1241067628714996,3.4265191828385233,7,6,3,1
7,74,130,38.38533760157081,0.00927312926543133,0,2.902750787370307,3.3250347141371015,8,4,3,1
7,76,41,41.185608924330495,0.06862055512330574,0,4.118126363738444,3.7338862177819765,2,3,1,1
12,48,3,42.49681452249688,0.009499636054173317,0,3.4860070620401253,3.9575815538210946,7,5,3,1
15,7,32,32.539918336569805,0.0575218103079289,0,3.401557196222563,3.6008769642379623,5,9,3,1
18,43,14,43.414010882516486,0.05029279605025685,0,3.0816709160340934,3.2530947995323274,9,4,3,1
8,11,38,48.51851101461532,0.07091208172622683,0,3.7527251825198342,2.775973925891652,10,4,3,1
10,61,51,54.603364201729505,0.042743399051584044,0,2.929023394563309,3.477070115763079,2,6,3,1
21,159,57,47.59001218757777,0.016805662875618164,0,4.422338264688845,3.645210592868849,7,6,2,1
19,7,10,40.441984288730296,0.10105392981722892,0,4.344086807064558,2.825267498493877,9,5,3,0
6,153,27,39.986486683389366,0.03591609870978489,1,4.358394649836276,2.894438414764285,7,6,3,0
18,15,138,44.55098264203254,0.008095550360145557,0,3.620377436568221,3.6038691882974847,7,9,3,1
18,91,20,45.166043612273484,0.06007137886655731,0,3.3252227573211375,1.5996594934272343,8,1,2,1
7,281,3,44.367537690034176,0.10532100071898595,0,3.307564615422445,3.3071211826023816,7,3,1,1
9,77,14,50.78545269201961,0.03368642699127822,0,3.1451963994108243,2.62954584037515,9,3,2,1
8,171,27,47.14191715853792,0.05409035245348975,0,3.701285057761842,2.6139696210029073,10,5,3,1
8,64,11,47.37833120643319,0.048308144890441294,1,3.1200542891124705,2.615274178783168,5,2,2,0
19,188,74,46.65337123900458,0.005806558673429185,0,3.756985456988551,2.1727822111120934,7,1,3,1
10,178,34,41.55187331187286,0.10420163596731705,0,3.144166087479029,2.857315872393359,6,9,3,0
5,69,58,36.75638182459213,0.09106575813592868,0,3.8669538344055865,3.3972328063168598,3,5,3,1
20,66,90,44.33576415206476,0.011492267125469503,0,3.804646428468076,2.576597740330282,9,6,3,1
17,91,68,41.71766989106517,0.015859905614989723,0,3.369526905807308,3.0642973412230163,4,5,3,1
20,32,40,48.19189137552431,0.0012698234446721424,0,3.026107995422193,2.3960352963738076,10,5,3,1
20,61,39,42.07033411653233,0.11828618653900339,1,2.754674896145537,2.0334241289048887,9,1,3,1
21,67,9,50.79817308099402,0.04994162352995846,0,3.6078897634394225,1.4012685247319983,1,6,2,1
8,84,141,48.21651345559489,0.11164677681059638,0,3.048432071188343,3.1187206072673206,0,3,3,0
8,78,109,53.3264711238124,0.05041719251221249,0,3.0589324067250994,3.4639749448307326,1,2,3,1
8,97,20,52.862799169929964,0.012456043571481315,0,3.3800303614696143,3.213212213611971,8,4,3,1
10,99,7,48.67532470989388,0.0411989016356871,0,2.9189588551698065,2.331796373156092,7,9,3,1
7,25,50,39.269666696493765,0.050187795526157715,0,3.5740711692986866,3.7824477570115653,6,9,3,1
10,104,136,42.78620045449631,0.0211937227667899,1,3.2708457942064237,3.3620463716439186,1,0,3,0
18,59,39,41.48382227113009,0.0064209428032936606,0,3.5868055430363017,3.535373828816264,4,9,2,1
17,18,48,45.55194560098048,0.037982190963692326,0,4.234871432769591,3.5088161717189554,5,3,3,1
10,3,7,47.255806286720976,0.06471519257809626,0,3.439363997639898,3.3378826525479353,10,7,3,1
18,83,35,43.42641297838099,0.03063913099713742,0,3.2770600112617365,2.853578050463935,2,5,3,1
7,41,8,47.98398408272619,0.11504207648554392,0,3.886676113964866,2.587860972651323,3,3,3,0
17,87,35,41.70708333409359,0.05777097493224156,0,3.8543835417185823,3.2476951827892675,6,8,3,1
9,97,37,33.512366019145254,0.01563260654274011,0,2.979912889144126,2.6984367063046957,2,1,2,1
18,3,21,46.09441204950729,0.04961919840764787,1,4.09179305931941,3.1086039050360847,1,9,2,0
18,78,28,43.60913038273547,0.08492401019078633,0,3.101708214025975,3.014794662156364,4,4,1,1
19,21,88,45.6269551161636,0.058457809286403255,0,3.032033710091197,2.732919159045598,5,9,3,1
8,21,38,48.90288440011338,0.039748067117212856,0,4.056132849302958,3.1126368716898236,7,1,3,1
9,62,51,43.844243945899436,0.012755999268638555,0,4.043471845251712,3.2016120329224806,8,7,3,1
18,45,1,38.89931068775252,0.055146687972076065,0,3.318988562423381,2.8995792669003166,9,8,3,1
20,89,102,42.042715670310315,0.011686347947318909,0,3.721135621597779,1.8409939270513263,3,1,2,1
9,33,44,52.07997221457228,0.044505872410782105,1,3.0762548412609005,2.9468490346711707,5,6,3,0
20,166,109,47.19294963262751,0.013946912008445547,0,3.693819219655852,2.7226452551252494,9,9,2,1
8,116,24,50.82145258557752,0.08113923580852851,0,2.741771889624134,2.3893790748142347,4,6,2,1
9,209,18,42.58734507176056,0.09271241933957712,0,3.995282726526885,3.9243728211029363,1,2,3,1
19,34,9,48.67251048802676,0.029218228263499308,0,3.356811771108377,2.602091547043136,4,4,3,1
7,80,8,49.83465879761518,0.008965909227279792,0,2.9286687863007432,3.6444723806811314,8,8,2,1
8,224,50,37.318983249844415,0.0416436529058368,0,3.4801134049562203,3.0051010657472212,5,2,3,1
10,54,20,46.47449816233221,0.06726331431173056,0,2.7806752014901113,2.923669857497253,2,2,3,1
16,1,43,45.98511680339187,0.09215257034397088,0,3.651661706371625,3.2877473188734427,10,1,3,1
19,57,25,39.134144699487464,0.048347740393479284,0,3.5480986612599903,3.8880003657712225,3,0,3,1
18,28,21,39.176794178965295,0.04391344824753797,0,3.6635721711555473,3.004416898664805,5,8,3,1
18,80,35,55.20568846567842,0.10900040715826533,1,3.2631599989785847,2.746474825729579,3,5,3,1
19,82,23,45.85469876961579,0.05396236284589615,0,2.7629797446031055,3.2959226549851675,4,7,3,1
20,70,4,51.318949960167195,0.053666167510703015,0,3.208262446800625,3.5221063710319807,6,4,2,1
9,77,120,48.69357368112595,0.04919989336159443,0,2.701612258134183,3.2584567642795945,5,0,3,1
19,7,30,45.26009795066964,0.0435863514506885,0,3.9932474167995484,3.4379057656888805,1,2,3,1
18,69,63,39.933072617094275,0.08741793720245941,0,2.9937896412655487,3.5314365312296143,5,5,3,1
9,86,26,48.24908904136305,0.03381391298934435,1,2.6413505217669027,3.549640382219182,3,9,2,0
8,43,34,45.045714078150326,0.04545309479261313,0,3.546973790328535,2.983854767526388,6,7,3,1
18,76,19,45.81918790701549,0.03387484228833879,1,4.421468567716667,3.6907636329204965,1,10,2,0
10,92,65,46.368743011931535,0.06843826526304433,1,3.332177298321844,2.853454154169947,6,10,2,0
18,38,66,46.77435845620112,0.11524695002817477,0,3.6123942906450464,3.683205572182874,4,0,2,0
18,83,19,47.72281320031947,0.04683538747256121,1,2.8955674337166863,3.807165321478231,8,4,3,0
5,34,43,40.4664995036717,0.11618443847485818,0,3.4908365379445825,3.441640376496135,3,6,2,0
8,34,7,48.515965099405264,0.07880304443969531,0,2.5867043395632434,3.5286496944068366,1,7,3,1
8,167,17,48.672215346062536,0.09545347483095698,0,2.635117249829289,3.504384717250397,0,9,1,1
8,24,51,46.034885414963576,0.03996038899685555,1,4.080503500677337,3.0441571868661788,4,0,3,0
7,70,13,48.02061751402811,0.026930652699499704,0,3.33272451792257,3.29615268685063,5,1,1,1
18,103,13,52.21513821545103,0.06921722801397565,0,3.718593470055471,3.814506465015354,4,8,3,1