accident_hours,rainfall,wind_speed,driving_speeds,alcohol_levels,traffic_violations,lane_widths,road_conditions,mental_states,riding_skills,accident_types,falses
16,98,24,49.23768168009369,0.11889013438858323,1,4.469784102878492,2.50368768174434,8,7,2,1
19,9,106,39.263493707991,0.08522276922254182,0,2.9900818953583777,3.6480378577641956,7,8,2,1
9,49,45,42.30751473587965,0.08179495902244444,0,3.760183686608697,1.8078202653820261,6,5,2,1
9,36,29,44.052847857755786,0.05401229033717565,0,2.9173300982486685,2.7260401914595067,6,6,2,1
17,69,19,42.05123119368487,0.10553817701952592,0,3.1161056697037726,3.077830613067785,8,8,2,0
19,8,36,38.061175362553854,0.08363613841460797,0,3.8054309728397167,2.970017116808256,6,2,3,1
19,163,36,49.70600478141111,0.0809859787865402,1,3.265747164539635,3.5146777300722296,2,5,3,0
7,63,38,41.04647735412861,0.03510390971324814,0,3.321891283859243,2.234650181965198,4,7,3,1
19,90,10,51.128621459048375,0.1149280078381633,0,2.9769362989208443,3.2929576041390307,1,8,3,0
20,46,47,36.91513289640436,0.030046549968829606,0,3.2182565080991314,2.582782465416795,9,10,3,1
20,10,1,48.892330055371346,0.06284244602486304,0,3.2656196523284486,3.46123398438959,2,1,3,1
17,18,70,49.27772123435487,0.04074668158431752,0,3.675699614631049,2.4361345391410545,6,6,2,1
5,106,18,46.157228225314256,0.0216930305307774,0,3.496608070462471,3.1889193284656887,0,8,3,1
9,45,106,43.72038530581832,0.017291205264419,0,3.489071285918231,3.698209932204905,3,7,3,1
7,87,74,44.9420785057242,0.03514679143136842,0,3.810806944181474,2.654312292760828,9,6,3,1
19,31,17,45.09189456243279,0.08267753095071996,0,4.084910423832131,2.99270084789635,8,4,3,1
8,40,96,47.30886328455228,0.11697384842081979,1,2.2824759222683486,2.9419411204081234,1,10,3,1
8,70,10,44.101193211992985,0.10239204210537349,0,4.384074016638655,2.8227974771117443,6,10,3,0
6,150,120,44.83818144693391,0.02616328190516572,0,3.442637501367112,2.9563222686015274,4,2,3,1
6,176,39,46.68317269605775,0.009409536606135882,0,4.596744651548678,2.2178632722990073,1,0,1,1
8,86,31,45.12708341710969,0.08240167493034321,0,3.7367513143584867,3.2490502795560214,8,0,1,1
19,173,84,40.56013633361235,0.0036041394140915936,0,3.677581388357483,2.8698548022281174,9,5,3,1
9,52,18,41.069658003395695,0.1030947306414743,0,3.239242418762487,2.9308951907667393,5,7,3,0
9,3,32,44.62013554424855,0.09906572928304072,0,3.1824908843387867,3.4518334000404947,2,6,3,1
21,89,45,36.35790162394234,0.09524403792941023,0,4.05806075044637,2.686765422596634,4,7,2,1
7,51,88,44.279721633962495,0.06629044414318408,1,3.5208380781070243,3.029327955712855,0,2,2,0
18,128,2,45.85689594041888,0.11682408409382053,0,4.013303713655641,1.7479006760219056,7,3,3,0
16,27,38,44.542986254330614,0.05500396833158788,1,3.125199958444544,4.021757264346483,9,1,3,0
9,105,43,47.28514579360334,0.11838389577652497,0,3.2662589303140575,3.652132381622143,0,9,2,0
17,47,4,46.012157607156816,0.10582458000342766,0,1.8468887131525262,2.8287469204007483,7,4,3,1
18,34,144,49.26723885227828,0.015185036867174713,0,2.5570521477605364,3.9549526694090007,0,4,3,1
15,5,23,45.79324335559307,0.10738770534602643,0,3.616840214148264,3.2090633796333847,2,2,3,0
18,27,34,54.67207695516994,0.036584075088207206,0,2.7331634826379725,1.9085438442518272,5,0,3,1
20,25,44,45.153051098265564,0.09219005589582004,0,3.8769644302941693,2.5925712112481287,3,5,3,1
6,69,5,48.80969615324497,2.5099159954198312e-05,1,3.354023756709298,3.2697570666243476,0,5,2,0
7,97,79,44.07414750217615,0.03310168515370118,0,3.2689784450248336,2.7420133922806484,10,1,3,1
16,81,40,45.1807634754897,0.09101380500372994,0,3.2587278430174575,2.7503426434689975,1,7,3,1
6,19,39,40.26850246027624,0.1166816778794585,0,3.8250487973829457,3.207090294671451,5,1,3,0
10,77,4,44.49430122189662,0.020515510934104437,0,4.111956176140987,3.4740628450937816,5,9,2,1
7,98,29,40.8523814115125,0.05512940893070414,0,2.3974260361740702,2.6136387613854297,10,5,2,1
19,65,48,50.740647342682344,0.07046036324788475,0,3.669887096759537,3.9731368813641037,8,0,2,1
8,201,74,45.9092368894095,0.11430750648368711,0,3.76920246847729,2.9244888783687135,5,4,3,0
16,43,28,47.8504409741419,0.054392274734693574,0,3.5566888344245893,2.981942317883167,7,9,2,1
10,248,17,36.2719540532013,0.1120241675887118,0,3.527890767431748,2.948266015202226,9,7,2,0
20,50,46,36.877377758300035,0.11738255609206419,0,3.6446022196627976,2.365672679333637,3,9,3,0
20,40,47,43.4152909503299,0.11299583444041539,0,4.120650358572078,2.6396153386881083,1,1,3,0
7,9,44,37.8993224089525,0.08984765571904414,0,3.5289491619488373,2.265120022013442,8,10,3,1
8,59,31,30.882676153098267,0.015147673262988203,0,2.7102228670854744,2.3216043831437982,2,2,3,1
9,83,45,49.003572778720994,0.07228960393399375,0,3.486229622035126,2.487305648915641,3,10,2,1
17,60,77,46.62095754341126,0.09042321396954157,0,3.0211131747482107,2.799550158717952,9,0,2,1
9,38,12,41.01998577324058,0.11458871172541954,1,2.9526057334247087,2.5561260359646094,7,8,3,1
19,53,15,45.61615856518761,0.09335519369936301,0,3.354160817954192,2.7404014313434955,0,9,2,1
20,98,53,54.18434437922144,0.06467219877199158,0,3.468433938666045,3.0480389539123687,2,1,2,1
16,25,42,40.35685738986177,0.024619640239471118,0,3.1569518563643095,2.614879862983906,1,5,3,1
15,27,32,49.56635396996425,0.054846728822225646,0,4.221809494744691,2.975558182565988,0,3,3,1
19,99,19,42.72345803118516,0.07659610268004598,0,3.415337068308195,3.8085537662177837,2,10,1,1
8,49,29,41.91426644144689,0.038951899790833834,0,4.136557403637535,2.7205351386344137,6,4,2,1
7,8,35,38.73070878884257,0.054774054398281896,0,3.176989010378255,2.850734520105117,0,5,3,1
9,15,29,45.71187903824959,0.0020832459078661534,1,4.347491205059023,3.1823133179180028,10,3,3,0
20,71,63,49.0305973662558,0.10548300467242618,1,3.0317355470989114,3.4737929568728543,2,10,3,1
7,119,13,46.552712252881285,0.004171907943258364,0,3.874693261426713,2.7661322804959605,3,7,3,1
6,5,18,43.91577181925252,0.049114827057274386,0,4.279668329863281,2.5988770897277798,0,9,2,1
19,77,27,41.76218448425281,0.0613168802251282,1,3.422005999021111,3.345981663439879,0,6,3,0
6,28,43,53.65191556145719,0.11669016329134108,1,3.2390390211121667,3.3765310376618825,10,2,3,1
17,293,45,42.20729052817753,0.11221962087971715,0,3.602755665919647,2.6641228037917686,3,7,2,0
20,72,49,42.16915303764806,0.07756320919618488,0,3.5352855140052113,3.1353022730730427,7,2,3,1
17,52,27,37.185506462514994,0.07008643928102161,0,3.164866578357246,3.6090880872306474,8,5,1,1
8,9,31,53.75810030043757,0.04398670932478439,0,3.2920522559236027,3.7995234466272643,5,4,3,1
7,22,39,36.52793465496504,0.004930485368593427,0,4.102750885028099,3.5857602589525936,4,9,2,1
5,4,18,49.75179102523399,0.03212486391844011,0,2.9175921276294075,3.1994347679128725,3,9,3,1
8,81,49,47.996118032575986,0.10172673106873845,0,4.303383995966588,2.808904215954715,7,7,3,0
9,55,9,42.59704326220868,0.07779230163654802,0,2.9471576075294745,2.8682536696857395,5,7,3,1
17,80,49,46.13799062564591,0.09773113880880216,0,3.930783035506847,2.9360375528434823,4,3,3,1
6,19,1,47.328812858261585,0.10043679362477374,1,4.263388538589802,3.0399629545767546,1,6,3,1
17,140,38,56.33737107798678,0.007464884781551935,0,3.148230255692082,3.391593343711694,7,3,3,1
8,97,39,53.800140263702566,0.040457153216685686,0,3.867576638250569,2.865694210243977,4,8,3,1
20,36,28,48.69126667669888,0.08111848727498473,0,3.4294945222375017,2.8615749402031834,1,2,3,1
17,86,82,46.265408887191604,0.10237060208857086,0,2.700565309159813,3.3879858400244673,3,1,3,0
16,71,6,48.333284725578125,0.09617196608063044,0,3.590969089526591,2.370351356357652,0,2,3,1
17,51,12,46.175801656279255,0.050657535991792214,0,3.2582444000795494,3.217955467084783,1,2,3,1
20,62,17,46.77954684387907,0.11185234192013335,0,3.8444851782028673,3.028135702246591,10,7,2,0
20,62,138,41.74870590749409,0.03608605106041705,0,3.600012697172467,2.9550672200578685,8,5,3,1
9,29,83,44.66089482096111,0.045093154830109915,0,4.342454864666668,2.57386952683251,10,2,3,1
19,48,11,48.89704500919415,0.021770499880284844,0,3.542586982009833,2.8108122189012885,10,6,2,1
8,69,45,45.27544962967043,0.027230463164194474,0,3.5963293126182534,3.237186792286978,10,8,3,1
7,26,8,47.45230100301485,0.00104557467361436,0,3.783841666202844,3.002850634354802,5,6,2,1
20,60,98,42.42307460368909,0.03701888665162578,0,4.76835504186933,3.4407292244654544,7,10,3,1
7,19,44,44.76627693668826,0.0367884218680203,0,3.910512410317255,3.3994184868383797,0,3,3,1
10,18,55,38.82058798748968,0.008073010166476177,1,3.3129890282263528,2.4096762827020988,4,1,3,0
10,286,27,48.95809428600142,0.04085734635431859,0,3.4283374063426306,1.9014060663246202,7,6,3,1
11,267,45,36.22290749898353,0.036165992364004536,0,2.7670890124984617,3.0711089841179673,1,10,2,1
18,16,10,47.4015536400831,0.09588655125225845,0,3.2029036059307967,2.8327741720236657,9,9,2,1
18,54,73,38.1604590398032,0.018749601946575205,0,2.5048639988522168,2.8866332264647547,1,0,3,1
20,41,19,40.25801531861812,0.08700989825916974,0,3.770544665147847,2.9914487438341277,9,5,3,1
8,57,59,40.086742035357034,0.015598357112031306,0,2.806879809046049,2.603150797607917,6,7,3,1
9,67,79,49.29720369953422,0.05954806038544114,0,3.3870934337317458,3.098510893830487,9,9,2,1
19,13,49,38.945091636113986,0.08836607265366209,0,3.167941198374382,3.1440923638343263,2,8,3,1
19,46,17,44.07300891694811,0.07277468236361985,0,3.409135844732877,2.7376355050241123,6,6,2,1
7,35,5,42.91202017181277,0.07750524985736629,0,3.984139664424214,3.139356841110059,2,4,2,1
19,279,23,43.72161833049158,0.024764488475509272,0,3.6627238162438553,2.4381024003376277,2,6,3,1
21,111,48,48.74025677710414,0.09928832696661515,0,3.088254896519422,2.8422591329257094,1,1,3,1
20,96,11,44.36153536925791,0.114253737457602,0,2.146178277584443,2.8296702646492586,9,2,3,0
15,10,38,44.28393287355484,0.018524332968210613,1,3.4143512259788666,3.69583467354658,8,4,2,0
9,90,107,40.43938349807542,0.10659205873211018,0,3.6969429573844184,3.1260754625666736,3,0,1,1
18,51,46,40.23729488128733,0.047722992661736734,0,3.1370423849108997,3.5492164819438967,1,10,3,1
8,87,20,37.99067420746221,0.08386022538716771,0,3.8456348912729386,3.0125902351359817,8,1,1,1
19,2,28,43.22346803332479,0.06080646825258102,0,3.5064629120648028,2.687498246670529,4,0,3,1
6,24,49,52.4249791931653,0.09520071568661301,0,4.088080229370339,2.9283686924535504,3,7,2,1
7,135,44,45.89898863151531,0.005433906122540741,0,3.8816045317201184,2.5510327410689797,7,3,2,1
19,271,12,45.286324841461436,0.03884241376071775,0,3.506847438862935,2.9070717144272216,4,5,2,1
19,71,67,37.218006935851996,0.005698402656246477,0,3.43782376059462,3.6608333015576116,7,5,3,1
18,148,25,50.573396756583534,0.11300397195137758,0,2.552903630976985,3.322622739843044,2,9,3,0
18,33,6,53.008062992067316,0.020418128214766008,0,2.6486207721393735,3.316630662714321,6,4,2,1
9,23,7,40.816531317873384,0.05094779576008233,1,2.913603019861572,3.397081796537643,9,0,2,0
8,6,8,40.11847464592699,0.07697353773987067,0,3.6586630787193477,2.9540712506459217,8,8,3,1
5,25,53,52.19232232672232,0.05538014982944898,0,3.777043977774676,2.989085633891027,10,6,3,1
11,43,35,46.93642264924473,0.06438507891192395,1,3.244404646378668,2.9454202395123494,0,4,3,0
10,54,39,53.59429861876918,0.02448210705861185,0,3.9864349124646212,3.3862115561624764,10,2,2,1
7,48,83,50.89240054905767,0.008043485939787343,0,4.320402377283943,2.9006614591498896,2,4,3,1
19,25,48,35.38728311101039,0.030886606366347675,0,3.866477010357766,2.484226766992613,10,7,3,1
10,70,146,52.95423019930654,0.038058781075561036,0,3.7105895545556193,2.735566556540747,2,10,3,1
9,266,61,45.65236220238421,0.049897665630652545,0,3.196205018582077,4.179798148924469,2,8,3,1
7,58,45,45.11473598160349,0.03551402040752466,0,2.8681122186323122,3.488815358099163,6,7,3,1
19,43,44,45.16346086580009,0.0042973161365839905,0,3.045446301371959,2.7168619753712324,7,2,3,1
16,88,100,44.609162618999086,0.011352955817940184,0,4.247458426491578,2.046216209031883,10,3,3,1
19,65,14,37.3994141351847,0.08085820313125998,1,3.424816667885853,3.2591063442739467,3,7,1,1
7,92,21,51.92570881157469,0.007578401044193459,0,4.061883683703125,3.3637142759847687,4,3,3,1
18,70,3,42.23210646047279,0.005545632197684332,1,2.369527521156666,3.6657647325880918,6,1,3,0
8,85,92,43.441965351812605,0.09741434854948952,0,3.1164709949979956,3.036509678442897,8,8,3,1
17,36,32,47.8878849948847,0.004949216481153611,0,2.9492211460977753,2.872403997626009,8,7,3,1
19,112,30,53.74831603865059,0.008248003489273481,0,3.371822139568385,3.456994408999661,10,0,3,1
16,7,19,44.58166248165463,0.06594152013470592,0,3.9454743314137373,3.3787981870910127,5,6,3,1
7,194,8,45.99892562542413,0.05314133062755396,0,4.136340376250416,3.4286525378848602,8,8,2,1
7,35,39,52.00646701752308,0.11573422664399967,0,3.2919585960630853,2.380915744140176,8,9,3,0
17,55,27,47.83113482162389,0.1124215985952075,1,3.988495924430513,3.6431489647356976,2,9,1,1
6,34,5,47.34540922798549,0.07922623963369532,1,3.519467018976352,3.1139195632323027,3,8,3,0
17,84,108,30.529211198021752,0.008624091330285197,0,3.297337458508352,2.9528086287913005,2,10,1,1
8,149,43,43.51142425329623,0.0603828100363079,0,3.8546974638337974,2.7586171896316465,0,0,3,1
7,35,44,45.84269823657452,0.005408013812845658,0,3.230366086711128,3.632296445853047,9,8,2,1
19,99,14,45.7912267943389,0.10895245478960923,1,3.575889596003763,2.3489519069220326,9,8,3,1
6,127,63,49.58055960335873,0.07919796199007759,0,2.9974892997308715,2.0920257815001553,4,5,2,1
17,48,42,38.88392386834774,0.06886755834301052,0,2.7638363566137283,2.2998253718136206,3,2,3,1
6,95,63,39.884133621832746,0.05134846245232035,0,3.427930695182614,3.560652063968142,5,4,3,1
17,172,17,49.86118544379351,0.06116602374240153,0,3.0620333524144607,2.7857115856525976,6,8,2,1
9,269,4,50.447260885367655,0.04803535561327616,0,4.1612130817232105,1.7555699521751549,10,3,2,1
18,47,10,39.829372107059775,0.011953683953171214,0,4.155548349609244,2.794070460421855,9,0,3,1
18,135,38,46.3457288877516,0.07931837419106344,0,2.972219822147703,3.574418142965601,1,1,3,1
9,79,26,43.78001292426587,0.11956930087649058,0,3.457887429941936,2.401123596404493,9,2,2,0
9,84,3,41.77874246136261,0.01349916993725568,0,4.29379772575399,3.0913550332860096,5,9,2,1
20,16,18,39.00228462076995,0.1193018172861408,0,3.689229143335857,2.545715175301557,8,1,3,0
7,47,20,40.515970892799,0.10795348203526743,0,3.4694054175627853,3.977166128263957,9,5,3,0
18,40,139,40.89202322220716,0.10730215483160771,0,3.255792737428369,2.706360705428806,4,2,2,0
18,220,31,52.75848905021406,0.09974993548621075,0,3.6418999324138674,2.3046918810445316,0,7,3,1
18,45,49,47.47661384836432,0.11082641791039789,0,3.7753700506551393,3.07011761560236,3,5,3,0
18,86,9,46.42075177375934,0.02957094174054868,0,3.4147570808663175,2.7989451674206625,0,1,3,1
19,27,6,39.4001126649142,0.052458175780767426,0,4.285293388227356,2.6184627028988365,5,2,3,1
9,53,12,51.62375332123701,0.05757778883678995,0,3.911620238393649,3.3173061146915304,10,6,3,1
9,45,94,52.214848127840355,0.008157628628691795,0,4.085819526539451,2.972678360998253,9,4,3,1
16,182,34,46.22637830340391,0.11771461000632803,0,3.738020099916132,2.679756705733236,4,5,3,0
8,130,44,45.66388757529661,0.08273310604096967,0,3.539885885324458,2.6263950978160686,8,5,2,1
21,88,62,45.677099900194825,0.05418838646915517,0,3.870639113148545,2.5166902177993125,7,5,3,1
9,62,30,48.70201425115931,0.11907137880922639,1,3.9133459136715096,2.9733056029970593,6,5,3,1
19,26,62,37.694947338669294,0.03266366550193089,0,3.2205681714431758,2.8836621060969256,7,1,1,1
7,86,7,39.67633040054625,0.040442468371359494,0,3.3663533214498127,2.7526586710225165,9,5,3,1
9,158,102,40.99953047805678,0.022902608687970075,0,3.2751699403579715,2.8868683125826466,3,5,3,1
10,69,4,42.65048839552248,0.02238139654299474,0,4.272368190770112,2.4493050411549984,1,3,3,1
18,10,88,46.52666374316526,0.022617621265166636,0,4.180156253805893,3.102237934760753,3,8,3,1
7,48,105,50.08857237187978,0.07330042591356,0,3.7875785615153506,2.5420929925337243,6,5,3,1
16,19,33,49.65296883938016,0.035296122684306944,0,4.571499362527655,4.293612953443988,5,1,3,1
16,35,94,37.142178144476574,0.1142073493266759,0,3.2008373306646516,2.8969962900995014,7,8,3,0
18,12,3,54.45581322179697,0.0980071175012773,1,3.814513148609941,2.859805744353489,4,3,2,0
9,44,9,56.05392494381455,0.019344693003299215,0,3.0010111854825294,3.3630809381073012,7,3,2,1
19,51,47,53.2121487103942,0.10007768597068455,0,2.9594558483297893,3.259120461688433,0,8,3,0
8,88,80,41.55178777513604,0.0414789232261483,0,2.8911406036056113,2.1915987710293177,4,5,2,1
7,47,28,42.53749181461094,0.027332180057720718,0,2.6100605512366633,3.3950173560775108,6,10,3,1
17,73,7,37.12418761730831,0.0938485613442323,0,3.4194791749298465,2.5486506739024684,3,7,3,1
22,10,2,46.43214427241014,0.10283976655990343,0,3.443258380225132,2.764479439656617,3,1,3,0
7,75,13,46.36076316613697,0.11525388603528437,0,4.1405261757396,2.6635501332248213,0,9,3,0
20,21,7,43.18007145060423,0.050426301606185664,0,3.4957199944228603,2.9031667191181962,8,1,2,1
18,58,24,40.432452721299526,0.06745336654560563,0,3.4811158445029924,3.551823983862656,5,0,3,1
16,17,16,46.11195027243527,0.0737900635563981,1,4.362529098428296,2.5412196044825612,1,3,3,0
20,31,21,44.154218176534265,0.07532449191914788,0,4.00351810833155,2.710133024363486,6,6,3,1
15,71,25,46.947380596594435,0.04825872828937798,0,3.4969084013652365,2.956645586782259,1,3,2,1
18,37,19,52.80850442751009,0.018282032377613895,0,3.0373833339264307,3.2165405948811228,5,10,3,1
20,38,58,48.34618793497681,0.008453503884849972,0,2.873047410424165,3.146198371695003,1,3,2,1
10,27,48,46.21261298102085,0.10871860647792177,1,3.365275075187388,2.96804737726943,7,8,3,1
18,21,40,45.99003868618636,0.04398612397964173,0,4.396779692069669,2.5862548552962648,2,9,3,1
19,44,22,39.810269705240486,0.02168248000284588,0,2.947160507230392,3.048502904027405,10,5,2,1
11,96,5,44.74092025227819,0.1180286416031708,0,2.505413950855193,3.9904797866604955,6,4,3,0
18,246,8,46.556389071386285,0.09634894597100335,0,2.7512370831191566,2.6373960797406135,0,10,3,1
4,53,39,49.61170564694886,0.11774194649039167,0,3.408173428265412,3.579971366054017,4,10,3,1
15,1,48,48.35276886606261,0.03345667773048474,0,3.6718974489602405,3.117977470396888,1,2,1,1
17,47,15,43.70735276452889,0.055589732192452425,0,4.129642528206703,3.216973644888361,6,6,2,1
8,91,0,51.87079800865822,0.09704315704964,0,4.094486202934191,2.867152694530394,8,2,2,1
22,98,24,35.253809245360536,0.06622690821285801,0,3.129905416558494,2.1121872241717243,3,9,3,1
10,10,104,47.842594632071346,0.042595615340630055,0,3.3722109124377497,3.3819210289355475,7,7,3,1
19,14,32,40.22442009453715,0.019011191307393517,0,3.8836539096633036,2.2469566428358725,9,6,2,1
20,5,45,52.65923217298452,0.06741182494252576,0,3.344473707579233,3.08214642203883,9,9,3,1
8,196,46,49.95410736792614,0.0718064819989166,0,3.0468046558286037,2.496444766360634,1,3,2,1
9,94,20,37.6473831334697,0.08648974639275522,1,3.174262790023803,3.614353516747322,3,8,2,0
8,42,82,39.979419439409966,0.09486308810689774,0,4.2547938251736745,2.685186779301139,2,1,1,1
5,18,41,36.337122496589245,0.014173042599465986,0,3.13897813246553,3.1053300395340004,6,9,3,1
17,42,41,48.79051152654171,0.07535437373700106,1,2.980786319056344,2.134453159149816,8,1,2,0
19,57,25,47.26221618511903,0.09377295087459628,0,3.678389436243989,2.3289269222206097,6,8,3,1
10,37,67,49.53819748118794,0.04668068671770109,0,3.6151992909982376,2.5551208566657686,10,4,3,1
9,57,34,31.671936928176578,0.033068073090426135,0,2.626552453033595,3.108383222718263,0,4,2,1
8,59,131,40.899283111594,0.05755865694070847,0,3.864371580120962,3.3945767697795346,2,4,3,1
8,107,46,48.67329170285531,0.037210392227517416,0,3.3624898619800554,2.827738641303047,9,8,2,1
9,76,19,51.38055572682349,0.06118257820031283,0,4.342990897626788,2.2940091756355594,4,3,3,1
6,14,102,43.258794663069125,0.03701916921903932,0,3.22333787621412,2.7249237017167722,8,5,2,1
11,51,43,46.43723336757338,0.05072419349939001,0,3.617023931910115,3.089956863476376,10,1,3,1
9,75,44,48.91267355854079,0.10981659923488153,0,3.8914258816292917,3.431374518108145,6,7,2,0
8,27,28,52.72784610558835,0.1099926759765588,0,3.8479803668710826,3.3320186866484187,7,7,1,1
8,145,9,37.22240542293474,0.11906147108474335,0,3.1852949391505203,2.9366017844141523,4,10,3,0
20,69,39,43.93811426989196,0.05833480797012017,0,2.979381618011021,3.5243866779852873,9,5,3,1
18,81,4,37.38866971552298,0.02016465710184225,0,3.7426605234389334,3.6129375956639254,7,8,3,1
20,94,29,47.299062436407496,0.10668319664741199,0,3.448741233294454,3.3286752034178,6,9,3,0
7,63,38,37.76224190822358,0.07162119453151322,0,4.1087053013490324,2.051338511500552,0,9,3,1
16,213,32,44.9978717509222,0.08972641015648844,0,3.6958185437975555,1.8051440761803301,5,9,3,1
16,58,69,45.58304631423054,0.019511303117696985,0,3.768897242208077,2.639737564033217,10,8,3,1
19,48,60,40.95191889005323,0.03836378033601835,1,3.018926602604778,2.342053843770527,4,2,2,0
8,4,7,50.00856988986089,0.03302616278361889,1,3.965005515115437,3.909357281388821,10,8,1,1
7,22,15,46.17305577620307,0.06717074706675041,0,4.065404746333244,3.0919020983529895,10,0,1,1
19,86,42,45.234525878181124,0.11966103151989718,0,3.5930072207767316,2.644758330824314,6,8,2,0
16,10,45,41.53557265644986,0.0734818434741918,0,3.3762163325971417,3.271769598760276,3,9,2,1
7,82,20,44.01356515011162,0.06874364717340958,0,3.6330956180268847,2.1876150087178226,2,3,2,1
17,49,132,40.45765686397606,0.09108991702619391,0,3.032519281157774,3.5728686402690517,5,9,3,1
8,85,96,43.433268322288924,0.03945782174266103,0,2.348534555043855,3.649031920081054,1,2,3,1
9,17,34,45.05898816122656,0.03038295521683692,0,2.095176873948037,2.7294773768284193,5,5,2,1
16,155,22,57.96471050026813,0.10056530035814568,1,2.8625341507582918,2.9272114047221147,7,4,3,1
18,23,31,44.617872843689845,0.11526618732560272,0,3.3248671914796177,2.712113349075208,4,10,3,0
8,95,12,41.44682286053722,0.05056888279872336,0,4.217653395220751,3.155773282327701,1,2,3,1
20,70,47,38.568761541836224,0.004951739327475435,1,3.528632981999622,2.769000376108125,8,7,2,0
20,187,8,48.196677011049594,0.021499286635299254,0,3.812175716908528,3.069217515312826,5,7,3,1
7,68,84,39.77098019296303,0.10283775908658019,1,3.456755220995558,3.115588911979905,2,9,3,1
9,16,42,46.902780596993495,0.014597370598880182,1,3.1637106095057863,2.3493784799068234,0,8,2,0
8,21,8,51.915613585630666,0.09156074621883664,0,3.312651046735214,3.8386280286704775,5,10,3,1
9,21,6,48.79527880847656,0.07442939460127523,0,3.136502091194254,3.474264168943076,8,9,2,1
10,146,3,40.320699753568505,0.08720796630737654,0,2.9563793261469096,2.9309293992937047,3,10,3,1
8,51,40,46.18893063107643,0.030790865785967764,0,3.850326359250261,2.51470500952009,7,5,3,1
7,28,12,51.45749452951784,0.002199592553574492,0,3.369830379223682,3.1178493125006126,8,7,3,1
17,90,8,46.68854152118627,0.004770532576788171,0,3.0575667758293688,3.6083749649887906,5,10,2,1
8,53,29,43.97467761978808,0.0869819617696561,0,3.588998454746967,2.0812829604587466,2,2,3,1
6,46,45,49.47139110197559,0.07360769198264058,0,3.9560161907957907,2.6368445025572176,4,9,3,1
7,39,103,47.520312781429816,0.100854376234947,0,3.0701106642571547,3.025544454828535,8,6,3,0
8,163,45,45.675508056455215,0.04790968059467761,0,3.991336406438789,3.7471929799194736,2,8,3,1
18,160,45,48.39504020343523,0.06666616187913953,0,3.5731657516981006,3.017051372988174,2,7,1,1
18,121,28,46.45259403667274,0.09402068598805294,0,3.973082203696788,2.8817375387264033,3,1,3,1
5,42,35,42.699068014680094,0.05959807102018115,0,4.172227572160991,3.155078900157272,6,4,3,1
18,155,47,45.98157568997985,0.1192018227209455,0,2.8667300064880963,3.5196818644299572,2,1,3,0
10,152,129,43.706841385600725,0.08914700616997252,0,2.7126474786915966,3.0744015372023767,5,8,3,1
8,43,10,50.76092926929803,0.08199725284668918,0,3.171109104864449,2.646704212575301,6,7,3,1
3,295,12,43.639967671346334,0.09618386257860269,1,3.3103538127239776,3.4198666093573307,5,0,3,1
17,83,23,43.655658451099384,0.0932628239684989,1,3.6289771402916067,3.4398972524931044,0,3,2,0
7,89,49,49.10889838211324,0.026363429810384278,0,3.6608414467857746,3.8065312795341097,5,5,3,1
18,91,69,43.83418403676518,0.02524607320118221,0,4.53806238728174,3.132563924329943,3,0,3,1
16,51,2,45.478208511635025,0.07272891177761583,0,2.430885223007799,2.828922047761508,0,5,3,1
18,75,90,43.293449392137475,0.0523257847732318,0,3.5920885338259936,2.7258739072903326,10,10,3,1
8,67,77,41.0901989919109,0.10458919251710762,0,3.9695945842992284,2.6671216597492275,6,10,3,0
17,51,33,43.510666330507576,0.03481227756665128,0,2.9448076724065952,2.3996420150673092,10,5,2,1
8,54,98,41.931160232760085,0.0397031335845138,0,3.279314833557694,3.1156662285234926,3,4,3,1
20,53,13,58.72426123239056,0.019957649816964337,0,4.103086207939922,4.1305459456793505,10,0,2,1
10,26,19,43.617169354383904,0.11780903636585364,0,2.7350024629784224,4.237595604556018,4,5,3,0
17,14,16,42.619144238307285,0.013925583957253265,1,3.744059817448269,2.360795897509522,3,3,3,0
9,86,49,49.3345681355346,0.11794799907557939,0,4.187937123187555,3.220382592556242,9,0,2,0
16,72,28,49.07207073025727,0.08476711967674597,0,2.4537849353439922,2.952970908088368,0,10,3,1
15,82,42,40.467658350922356,0.01069816655807005,0,3.2198537079409593,2.85345681833015,7,9,2,1
16,27,14,46.148264788469326,0.018241846658033876,0,4.3191944897853185,3.1415813169608575,9,10,3,1
8,84,18,43.678289999139714,0.03923654027137402,1,3.757689030916484,3.861393098887357,9,0,3,0
18,60,91,46.425880400931305,0.03124152787768057,0,3.6262016698578723,3.3737926710743027,0,1,3,1
19,3,37,43.67288599910027,0.11677539646520359,0,3.9777703084049576,3.3946954152008644,9,8,3,0
8,67,138,34.68588680451199,0.07360104953439381,0,2.959851388244047,2.3706778216167668,7,5,3,1
18,51,19,47.748066342923494,0.008926794007374278,0,3.2913095364257843,3.2238023455547316,9,1,3,1
9,64,22,47.25425921039657,0.06304855412294978,0,3.4053127476157883,2.9802233208531526,7,7,3,1
7,191,13,38.83147067363274,0.10765677514527831,0,3.6197494948157507,3.6515093449999707,8,3,3,0
16,247,25,49.97738684630479,0.04994181837656475,0,3.253090430663721,2.4456512304983624,6,0,3,1
11,140,1,49.979627715011695,0.07993566680155406,0,2.5484103408960674,2.315151793492039,5,3,1,1
17,96,28,51.00303156981251,0.09278310967947336,0,3.721242988032423,3.3499692614765784,10,9,3,1