accident_hours,rainfall,wind_speed,driving_speeds,alcohol_levels,traffic_violations,lane_widths,road_conditions,mental_states,riding_skills,accident_types,falses
14,93,48,37.256582554929665,0.02220348298284922,0,3.104436341209065,3.494388234133581,1,0,2,1
18,36,41,49.22156010074002,0.10266008891980155,1,3.601568959804844,3.2120788678739394,0,7,2,1
8,38,26,40.77446602431039,0.053858539239346234,0,3.5271874704664152,3.939336124817266,7,0,3,1
10,113,110,38.88795939163046,0.006802631679818023,0,3.172153875062399,2.5890048899657234,7,5,2,1
17,15,20,42.42988500822327,0.10546840642162435,0,3.0790442816953396,2.8427338366725032,9,9,3,0
10,207,2,43.857891030129544,0.06772238527823517,0,4.554514529359692,2.0800893586461786,6,1,3,1
17,75,57,42.4348823984907,0.02379861014228034,0,4.298273524944605,2.7420594244037937,0,10,3,1
7,16,82,50.93055830095544,0.03809400276696627,1,3.491181427447398,2.688923514057362,9,3,3,0
19,10,77,39.821553114143924,0.0683247557264044,0,3.9906674246451277,3.1577453111734832,1,5,3,1
17,52,23,49.86222934232821,0.044900884291793584,0,3.8020859639362623,3.2958349664291826,4,9,3,1
18,98,16,42.851116561678815,0.028005845565254227,0,3.882448824443786,2.8469827459066406,6,9,2,1
15,94,2,45.47111268156059,0.057517247137805434,0,3.569729577790547,3.566553741789255,6,0,3,1
9,56,41,43.6109335782675,0.022205487324225972,0,3.9258693122188713,3.0251553390238826,4,7,3,1
6,94,3,40.96045097286578,0.02944550086108719,0,4.020679931404051,4.438790839246152,3,2,3,1
10,45,57,40.8454041787302,0.09920808596974524,0,3.9549538038692345,2.8996774031213772,3,5,1,1
7,43,7,38.44593473188643,0.02742494648733927,0,2.5393343561663535,3.449071996695845,10,6,3,1
18,95,45,38.00009902358373,0.08344409414408543,0,3.5265644072721023,2.1664687877837876,3,3,3,1
7,20,40,44.135422496120015,0.03005637758483912,0,4.466760271587104,3.845195845185297,6,3,3,1
18,34,37,51.86556083122064,0.025487804017461407,1,3.8652332999611714,2.858158266996979,6,1,2,0
9,164,26,39.409297180406746,0.030138666724777625,0,2.9500843179332605,3.8821521902915874,6,1,3,1
8,38,39,45.87869119772481,0.056195756074879664,0,2.670221643851454,2.8201605893033377,6,0,3,1
17,46,19,44.25694850035322,0.017553560942482654,1,3.550530626798049,2.8120193294711497,2,6,3,0
16,37,38,51.46043234413372,0.012793504631467648,0,2.4475956194341526,3.244816722019154,3,0,3,1
4,84,41,47.37793469854822,0.09080887890354329,0,3.686046236407923,3.091870890783386,0,4,3,1
10,30,148,41.7501145853542,0.002796200546732419,0,3.4760585656643825,2.200279425248791,6,4,2,1
20,91,49,39.05122870328353,0.04625810169156322,0,3.1249552863785732,1.964873569369112,2,8,3,1
8,56,138,35.363102736923466,0.04752412974422698,0,4.141363869132938,3.4170219305797183,1,8,3,1
10,82,83,41.189306910374725,0.10716496119898852,0,3.382300556129187,3.218084438720229,9,0,3,0
15,12,13,55.808440584665476,0.09293893213143,0,3.094010698841542,3.3139047780693334,6,5,3,1
8,41,1,42.062675164869376,0.06128120768726807,0,4.069135027928741,3.4441693915761937,6,2,2,1
6,51,29,35.566830268044846,0.05757755843225974,0,3.639012710804771,2.634837597720892,1,0,3,1
9,67,51,36.75676006767219,0.06787215595871199,1,3.28655896854435,2.732122994072268,4,7,3,0
8,27,32,52.918217904482894,0.04293933906322116,0,2.7756442004784683,2.3210594303862035,5,9,3,1
8,93,107,42.767381735242424,0.0840932626515061,0,3.428220013343567,2.850177296902172,4,5,3,1
18,50,116,47.01532131244378,0.08232854055232923,0,3.0358889483440503,3.441849718850501,5,4,3,1
19,43,44,46.55982719809071,0.06895855859282594,0,3.8618203641043714,2.7968850256044497,0,5,3,1
21,272,95,41.85093171415025,0.006923122169386504,0,2.76585512327702,3.0037716502204947,2,2,3,1
9,94,77,42.636899663688546,0.015220518795627299,1,4.072470889626346,3.247216695833931,2,8,3,0
19,19,61,40.307096512067915,0.0047131531453510345,0,4.094701273831685,2.525109256444092,4,9,3,1
9,9,116,35.86384031097429,0.08622188802827017,0,3.4148903580771766,2.7343590795537027,10,5,2,1
5,86,0,50.121817516758284,0.057311961615938815,0,3.891319629497685,3.414254545920797,5,8,3,1
7,31,18,49.00855879985246,0.11459774033964566,0,4.030668790789667,2.2601907195301862,2,5,2,0
18,34,94,44.904434029644015,0.11427940410671329,0,3.13307295332645,2.993215616194193,7,2,3,0
7,99,22,45.379943646882715,0.09578049821523289,0,3.7615341318692663,3.340165165275001,2,1,2,1
18,95,26,49.93346764605755,0.053165869913110717,0,3.8939564197782954,3.1902787946410087,1,3,1,1
8,50,73,33.57139817405226,0.037962047933229895,0,3.1415635103716775,3.246338087351251,3,0,1,1
7,132,33,47.589429625562694,0.02411690616149386,1,4.017325357406337,2.8152274546569913,3,4,2,0
7,110,52,50.15420067257954,0.02789939040037958,0,3.778743682969808,2.6002122309411098,4,6,3,1
19,31,28,54.45363398706325,0.11883821484296439,0,4.019249133621909,3.2782867922992347,7,3,3,0
8,243,9,49.6373650179866,0.06364185263475552,0,3.8378376501318816,3.1931057577148985,6,10,3,1
18,44,51,52.976609421525616,0.0014704179553074815,0,4.129260707532274,3.2915332013068066,5,9,3,1
7,159,38,43.90537953423286,0.0053151844054441484,0,3.6642910012955006,2.3427370098214304,10,3,3,1
19,31,29,45.085761586792124,0.05505194593472341,0,3.2568843981020312,2.444295187044686,0,2,3,1
8,13,84,40.96371790994054,0.053217814361712336,0,3.400735045520889,2.7205996812226156,4,1,2,1
19,53,46,41.95781442412032,0.04866704700827784,1,3.2774383630945354,2.8315850560386764,7,2,3,0
8,178,0,49.72281624053715,0.09883241026179666,0,3.3091128910287666,3.1725926741962365,3,8,3,1
6,83,4,47.17246858710969,0.0843786423957096,0,3.9568410926227005,2.5467066073884226,5,10,3,1
8,18,2,47.6378200748223,0.012890057862661295,0,3.4687757656995717,2.955939941746011,0,3,3,1
8,244,49,37.325135350264375,0.04352146753442926,0,3.588367144485707,3.39193238472931,2,8,3,1
20,55,39,47.49796743116724,0.07160159225493588,0,2.5198866851242814,2.949171781110461,0,3,2,1
17,13,49,51.8517320566311,0.04589866549243514,0,3.624642793253427,3.4872494807718173,10,9,3,1
9,79,40,47.24329500418818,0.02499663973851217,0,3.6058255617868653,2.9349310924969414,8,5,3,1
19,193,35,40.2112146100236,0.07536635491399889,1,3.5938978075046046,3.319989380890483,7,0,2,0
6,36,18,44.82398695285999,0.0722699003770119,0,2.606367677637481,4.110347677436832,0,6,3,1
18,48,90,52.11510782566407,0.1169531328994364,1,3.243686409108655,3.6709034034618355,5,2,2,1
16,232,1,46.5686853430028,0.06732843851586788,0,2.724534324550908,2.1070675772582113,7,5,3,1
7,93,46,51.35577180640119,0.10491571034953437,0,3.1816941674416017,3.4488188883420623,6,10,3,0
22,20,23,54.60220518371921,0.11390354356366875,0,3.4213717690722825,3.5091578485181487,5,9,1,1
10,80,4,44.093300515044426,0.05217407697211954,0,3.5390648570820424,3.522030019414908,9,7,3,1
18,142,42,39.703485545457745,0.006347244302348285,0,3.343408946952867,2.3929141003159518,3,7,3,1
19,11,43,42.53664363256823,0.01721932771622516,0,3.3561490414753994,3.2320818408158347,9,7,3,1
22,26,33,54.67623790584703,0.06047642370343792,0,3.3657408910523983,2.664782967717537,4,7,2,1
8,48,85,49.2163092391283,0.10715496043658577,0,2.8756598117281293,2.86943118212981,6,2,3,0
19,12,99,46.2576515027609,0.07849584833789297,0,3.1702746934624644,3.27805730405685,5,7,3,1
9,26,55,50.427086900218455,0.024177805995330166,0,3.886754036909791,2.45650557678448,4,1,1,1
6,36,13,42.789782680632,0.08412532196781551,0,4.136006079547671,3.1983958415215628,2,5,2,1
7,8,32,43.418966954316616,0.10730631897640779,0,3.45082751481331,2.543806229290335,4,3,3,0
18,24,4,41.51736831824946,0.0036270671414161404,0,3.73205213383855,1.834493931373825,1,10,2,1
18,93,30,55.9095480456582,0.029137454664822798,0,3.317380211896076,3.5661144150427537,3,10,3,1
19,25,40,45.97760910583613,0.018381698952095436,0,3.201985767712514,2.7795745048848155,6,1,3,1
7,125,34,44.51802238469731,0.09409236013757469,0,3.1775779259494015,2.938246661384101,0,4,3,1
19,237,73,46.13173154956349,0.10697728908865142,0,4.594740054182795,4.335620791505467,8,2,3,0
5,165,23,44.57824252229689,0.06654689718614201,0,3.017128702983359,3.350417061148222,6,4,3,1
10,73,14,40.75161319212866,0.10178422414076997,0,3.802579220762645,3.47530655920555,10,8,2,0
8,165,13,50.4271683592839,0.07883245955212646,0,2.893710403682966,3.021838941432618,0,2,3,1
20,23,14,36.61243598965265,0.07880394498678794,1,4.627703444143823,2.516399174968292,2,0,2,0
17,96,110,46.081063306971046,0.06956498022553305,0,3.9813323825376283,3.272640638186932,5,2,3,1
17,5,31,48.188202576146985,0.006002244100400578,0,3.6099537692052075,3.5885026314373465,5,8,3,1
19,193,56,37.397723169054984,0.11243737262529581,1,4.340772354407834,3.2910285293963266,5,7,3,1
18,28,12,47.335761952380416,0.042692571220625655,0,3.6167497115042777,3.844569585582557,3,0,2,1
16,10,36,42.77734248652319,0.09630932461979974,0,3.904395416739106,3.013293215334402,9,10,3,1
9,11,22,36.82079077163593,0.09719814845678847,0,4.109044747424269,3.39324070706082,0,9,2,1
20,39,37,45.94411817212301,0.11589134813598206,0,3.4211825615350384,3.505372187246703,9,0,3,0
9,50,3,49.64782283802303,0.03920395669230923,0,3.4973668587214277,3.08494769055421,8,6,3,1
8,121,50,60.54951909845079,0.11968792807401174,0,3.5588549366739928,2.4464651200157226,8,5,3,0
10,1,31,43.04396013375127,0.03606893773102371,0,2.982704195130281,4.017760677919852,9,2,2,1
19,291,20,47.48481737058865,0.054164419788548974,1,3.33081528422598,2.9408346807232495,6,3,3,0
18,83,40,49.66225041649245,0.08475000394405567,0,3.2629715987012093,3.0384327843043697,9,3,3,1
9,191,37,45.69997517349497,0.018598635356180098,0,3.956567488393892,2.864847558364098,4,8,3,1
16,0,23,48.660186584865016,0.03196478213561697,0,2.928739387126858,2.828130299205391,7,9,3,1
19,151,20,42.866815605486195,0.08737362088370253,1,3.892130862876145,3.3447425305311005,3,9,3,0
17,72,23,44.10779350126435,0.11692609857561008,0,3.684849415667781,2.3749666438820856,8,5,2,0
10,88,96,38.72419677488148,0.08793585347401463,0,2.7667751518118466,2.21226516252422,0,3,3,1
10,20,20,43.131293788768836,0.10347585342191805,1,3.8464955831535965,3.0983721919007956,9,10,3,1
17,87,16,36.75989639072066,0.004498410290650199,0,3.8263921927166358,3.227496455965464,1,1,3,1
17,19,4,37.226686531942185,0.06924310913049252,1,3.24199071639781,2.5843694382890456,1,10,3,0
18,93,42,49.4149801419659,0.10969102392952713,0,3.4778939670281246,2.555900243686168,8,9,2,0
19,32,93,38.536374074701165,0.08188764497577991,1,3.0352503726717868,2.7153597853589124,2,9,1,1
19,84,12,49.68243479225386,0.08117547496277529,0,4.355426388156031,3.8353644781186533,5,4,3,1
17,297,15,44.20781081348652,0.02436482460424608,0,3.4385354153267724,3.2850433181708345,5,1,3,1
21,70,18,44.219007359055944,0.10333693998932986,0,3.4992876676030793,2.4153934509304986,4,0,3,0
10,37,44,41.295688375386206,0.10380544249423024,0,3.594991579802078,2.837566691475946,10,0,2,0
9,3,48,44.84737814825255,0.07368084455959177,0,3.7646422870851493,2.590711270144705,6,5,2,1
17,260,60,52.706884688491726,0.05119418472032776,0,3.7073401823442715,1.817007510276223,7,8,2,1
18,50,37,41.38198113446264,0.09891281575998927,0,3.5483434718629296,3.043194079870435,9,10,3,1
8,69,66,43.265898210076905,0.05579948194522521,0,3.3340790539248877,3.5193974305280955,6,4,3,1
16,34,14,48.93915484251251,0.09871375640293885,0,3.672925292923466,3.062227327916539,7,8,3,1
17,139,73,39.217480454621885,0.058189889659196914,0,3.8015175271034556,2.3173650372885266,4,3,3,1
17,96,39,38.7515363487888,0.06957527383682535,0,3.8260282960465406,3.642784187801984,10,5,3,1
7,93,41,44.75862814028019,0.08976264424712652,1,3.786746219901614,2.485462956902384,8,2,3,0
18,46,3,50.99644373104233,0.03179923031095721,0,3.6019464412072915,3.0278582168818677,10,6,2,1
9,54,22,44.5632154412597,0.029621427316547634,0,3.9088159583874478,2.3078158151573493,1,3,3,1
17,61,20,43.62475483743064,0.0801409543182229,0,2.8731995958621166,4.0872563792881635,0,5,2,1
20,48,16,44.82999862767743,0.11446959352906542,0,2.776637829184682,3.102242560999366,5,5,3,0
18,37,7,44.5500035684998,0.053524075828885576,0,2.5849177570167137,2.49558116730579,7,3,3,1
8,265,77,41.76333550200063,0.10778428066626934,0,3.6548255525453324,3.1106253828564454,9,10,1,1
10,73,1,49.653056469767115,0.06218245286124577,0,4.4978638670580695,2.820033418797243,9,10,2,1
11,6,36,46.12247807516479,0.1168717472085144,0,4.059002059673663,3.946216378557446,3,1,3,0
16,79,2,42.4424521006712,0.09504569585395012,0,3.3784490997139134,2.8023722800771056,8,1,3,1
9,8,38,45.31892381417474,0.1031469040089248,0,3.563960160138774,2.3817155380029664,1,5,3,0
7,263,93,43.3717566813283,0.08155248330332142,1,3.100847259534707,2.5546865320229504,5,8,1,1
6,210,1,37.89579712104994,0.10421910908003187,0,4.1177338641178425,1.9715286164206112,2,5,3,0
19,11,44,55.83943131270219,0.07113579340000786,0,3.53538833361916,3.006069959947819,2,8,1,1
7,17,31,45.65965435513809,0.06808041186577594,0,3.3462201702143024,2.778893838504364,3,1,2,1
7,44,15,40.01235137960869,0.10484537653828384,1,3.256281470222753,3.087853414071537,3,7,3,1
20,94,48,39.26960804279657,0.001807940493926825,0,3.65529145326669,3.177500697966101,3,6,3,1
5,94,49,37.57094344106086,0.057453468366485586,0,2.8350223242731762,2.4948200689826914,10,2,2,1
16,100,3,41.32271139747957,0.10440886970364122,1,3.1506920616423413,2.6650796921611803,7,1,3,1
16,85,55,39.07035706891196,0.023537943324278474,0,3.9708660022003204,4.036144793132434,0,7,2,1
20,93,58,43.910668228357984,0.11496111857766723,0,2.4694831392634886,2.4185089317326,4,0,3,0
7,257,46,53.20427494763533,0.08887220987501415,0,2.7880966555866245,3.8150658385477527,1,8,3,1
9,66,36,41.49076340127837,0.09149069797234433,1,4.0005089147235235,3.3811993610309705,7,9,2,0
6,109,37,61.32383387342034,0.07985714169768993,1,4.0986264461152215,4.552057465222828,10,7,3,0
13,66,27,48.27575628609063,0.053696928991557306,0,4.065921228747849,3.4907940569878897,5,1,2,1
16,22,33,55.97752911346727,0.05531477085598006,0,3.4955958328753476,3.0380841361250317,10,6,3,1
5,160,15,38.52402219637875,0.10069297444889876,0,3.6148217056893626,3.271093881779757,2,6,3,1
17,99,0,41.497470416606006,0.016696721211511525,0,3.9338892263814964,3.2659938337123577,6,9,1,1
18,155,39,41.76284544641781,0.0626480941397278,0,3.292358595236455,3.4605192301439005,5,2,2,1
9,79,41,44.61839302991875,0.03719364704100845,0,3.400306603500879,2.759620168880405,8,10,3,1
11,70,25,48.4009817113328,0.11811796903018712,0,2.8775576084735115,2.3335183782654996,2,5,3,0
18,62,3,37.38371619939816,0.00044315845214480286,0,3.004377038370877,2.1918718468925715,2,9,1,1
19,138,27,49.34868460162879,0.007640920829191775,0,3.675424064173532,2.4189899201331,3,2,3,1
20,62,24,41.49698827472096,0.11608654401118902,0,3.432638666758371,3.623912597156293,6,3,3,0
16,162,27,54.11692363046978,0.06525500960229504,1,3.208258899430181,2.8751358092246537,1,10,3,0
9,62,63,46.765123865663725,0.01662421368188362,0,4.13466844496091,3.712950140519961,10,9,3,1
18,198,112,51.268156722597354,0.05383683489929782,0,3.1111258578345518,2.368623561560269,4,7,3,1
8,88,20,42.719981360104164,0.03871890515026654,0,3.290630466300141,3.295633504656277,5,3,1,1
19,88,20,47.74593919362655,0.10934497786846652,0,3.514537521258516,2.566427773184838,4,7,2,0
17,72,85,42.645952549429175,0.0825095175158768,0,3.4320542942834438,3.6077455786960124,4,4,3,1
8,66,136,48.0458177142104,0.015662262895809062,0,3.382111072452296,2.807097451051239,4,4,3,1
17,80,33,46.19400099108466,0.06437347416342526,0,2.926954342473344,3.4947971492280017,2,9,2,1
19,41,81,52.66366681966964,0.016135220682618606,0,3.722043384263599,2.624292775418339,1,10,2,1
19,49,1,49.70018911883665,0.07982767638056841,0,3.467003157349429,2.627600537916148,4,5,3,1
18,54,71,47.377248831216036,0.0872672742082093,0,3.6971706929338266,4.0000404837359715,7,10,3,1
7,95,40,45.950852022080056,0.06745920860743394,1,3.551723588218732,3.8556538605715476,3,1,3,0
9,30,45,45.384264844321194,0.11591469721391744,0,4.443162317544096,2.312288431950436,1,3,2,0
20,24,49,37.555468056770906,0.11332013411884076,0,4.054371713123956,2.518340802526485,5,9,2,0
18,34,31,39.348852246179014,0.02470987438979336,0,2.9603952673016942,2.559189553320718,5,7,2,1
8,24,26,40.48214343890152,3.952626069486431e-05,1,4.616375376390617,2.105221452463377,1,8,3,0
8,29,46,53.292901413100864,0.07952985812960536,0,3.2975995077666207,1.9308138351861044,3,0,3,1
18,74,10,42.3374841970199,0.057076986875553584,0,3.219129792889551,3.907566036393344,8,8,3,1
16,97,113,42.75427039546601,0.04015902290683164,0,3.239954899423168,3.583968789317917,0,1,3,1
7,57,35,48.05015578724512,0.1100267707492679,1,3.262734770895631,2.141478686831138,1,1,2,1
8,28,21,40.41128183713793,0.11742093203801801,0,3.178936530078427,2.006360104224215,7,0,2,0
16,17,36,52.061522404217584,0.11166927229761903,0,3.720273275669049,3.7425320552991543,6,7,3,0
17,24,109,32.211170775578005,0.06002343096609012,0,3.8121963324062826,3.4462862543534154,6,2,3,1
16,58,26,51.17396226847369,0.08440279952887102,0,3.4141289088675877,3.3217063659607518,4,9,3,1
7,142,21,54.28051928204268,0.0205888335065872,0,3.188526146742222,3.5134057054829375,0,8,3,1
17,71,80,46.7133173846836,0.11410279099918048,1,3.578709472135938,3.131255293351045,0,10,3,1
19,251,43,41.523644010551166,0.03404120262231747,1,3.4607757616168096,2.8462870889121294,3,1,3,0
9,0,19,49.74877258523929,0.023128721025274683,0,2.6643180481436204,1.814743932476442,0,4,3,1
8,9,11,41.27666005338327,0.0072190279548811674,0,3.862027036818179,2.806503798983333,6,6,3,1
18,86,18,55.557574836321315,0.06604455840441083,0,3.3834326012209055,2.8891003853084034,7,9,3,1
19,139,22,47.8369636899854,0.11381565486047711,0,4.0175603950731995,3.065449061662885,6,6,1,1
7,199,23,40.41800923552883,0.01627059008414153,0,2.926312245848079,3.1032382070951607,7,3,3,1
18,128,148,49.14557717373322,0.014499636273393847,0,3.5523210298727133,3.9386856531994567,10,9,3,1
19,93,16,39.833835853133905,0.032711715867147786,0,3.9177154189354657,3.915598083012136,10,1,2,1
19,27,84,41.04727436517365,0.07984726715796936,0,3.9651349401522857,2.557819666931634,3,5,3,1
9,5,36,48.865626623743786,0.06573762076542214,0,3.368035645928125,2.5937284230278443,3,5,3,1
9,83,103,41.48919876487169,0.011544835233629532,0,2.809894892038244,2.8980153355830516,8,8,3,1
16,40,48,45.61843832410003,0.05307602897763752,0,3.592450251347975,4.261310632959335,10,4,3,1
7,2,23,47.89197427162376,0.008031874365978528,0,3.087623348402416,2.7723190149803694,4,8,3,1
9,48,25,41.634981863251355,0.102228417430942,1,3.161327266191711,2.3742145090056566,1,9,2,1
8,24,23,42.276038623886734,0.012853413507410741,0,3.0144321752910717,3.3436169223463774,7,10,3,1
9,186,38,53.58800879084528,0.05655579741397051,1,4.122879927899599,2.8626044790269276,4,10,2,0
9,259,17,48.406952921833046,0.06125562979420956,0,3.2455651999302293,3.0887887907677203,0,5,3,1
6,4,44,44.94794305515798,0.06361515267153564,0,3.5431003016140843,2.737913028746312,8,7,3,1
9,256,17,44.57287768729445,0.0730985897506099,0,2.9508239534510388,2.9626223143423727,4,3,3,1
7,73,28,39.034005425099835,0.0841898905060963,1,3.990138834818258,3.3973970897028756,6,8,3,0
9,26,14,47.38891399193345,0.0005229607959844351,0,3.5646672567867954,2.9850635861493133,7,10,1,1
7,188,54,45.560365250013774,0.003709724086820807,1,4.133413401225701,3.0676331212113626,8,7,2,0
18,3,47,49.58436470770152,0.07338616751407041,0,3.113778387544287,2.952473898213159,6,1,3,1
10,34,1,34.51289122471619,0.021857045236754885,0,3.497591849781986,2.506926387838573,10,3,2,1
17,13,32,43.996820249014355,0.09982141369231703,0,3.1916132719559354,3.0053442013961233,5,6,3,1
9,110,33,44.56288178679013,0.07530139787337412,0,3.2246416743683914,2.827958744396031,5,1,3,1
20,140,14,46.69283001034707,0.1176480874425094,0,3.8832522182788316,3.7444938790632176,3,6,3,0
19,90,10,46.162841590857276,0.08736051484707733,0,3.5533079679975734,4.193116122555456,1,5,3,1
20,81,38,47.63130013775282,0.010885729486951119,1,3.084931383602232,2.7825884481120613,6,10,3,0
18,78,2,44.02209110364182,0.020517113105077728,0,2.679301185623153,2.8374335694534576,3,5,3,1
17,10,37,38.76203369655426,0.005585867670933839,0,3.5004349848787166,3.5952355854934837,7,7,3,1
18,55,44,37.7040299412117,0.08894110387401613,0,3.351660245658714,2.6705624483655175,6,8,3,1
15,13,3,44.69085909452565,0.015218794197089455,0,4.069390630256872,3.244766454728328,3,2,3,1
19,148,23,59.991822906201314,0.07965209922143651,0,4.117277914682291,3.0167411630421537,6,0,2,1
8,19,31,47.9147018543115,0.06664772931186749,0,3.755985181337508,2.7072828117901624,10,2,2,1
19,97,32,57.69833989653789,0.07599571687421901,0,3.7717756030307457,3.653712728398721,9,9,3,1
18,1,2,48.47447157752919,0.06104038777114918,0,3.2118606920267387,2.748953273899892,4,8,2,1
18,58,2,39.73268134224945,0.001563445308020679,0,3.667829345714936,2.7361490948287357,7,9,2,1
8,46,40,44.35933943046493,0.03038616908774552,0,3.8845329916020264,1.8670942702476623,1,1,3,1
18,140,29,57.672214311937964,0.10619782040745815,0,3.3834376528468875,3.1877911502050407,0,6,3,0
17,33,42,48.87532309543065,0.11151222817921162,0,3.9291858707085217,2.742297882809308,9,9,1,1
7,95,41,48.72652128568531,0.011665174601429368,1,3.371598729333027,2.537666924848332,4,3,3,0
17,30,24,41.53827158538383,0.11431544381354938,0,3.4738059500426184,2.108743347304933,1,10,3,0
19,188,32,45.02848605623087,0.0804631262128211,0,3.86159344397704,3.177983409748094,3,2,3,1
20,43,17,39.64948339704281,0.1107069088403377,0,2.789909480770488,3.2147289290127445,10,3,3,0
18,89,34,42.824468607746354,0.048139672569750484,0,3.2800957316422537,2.347933044444493,9,9,2,1
18,78,42,45.79535460492206,0.012209405107485312,0,4.712786329369688,3.0991264663067986,7,10,3,1
8,78,37,41.918258888927134,0.036294391672067654,0,2.7300640579941864,2.0011177116055645,0,4,3,1
15,98,43,49.784445471774006,0.08276178206369392,0,4.009654501243689,3.9129291374476924,7,7,1,1
9,18,20,42.11039181692935,0.09542657986786972,0,3.173758454665188,2.8659675098111808,9,0,3,1
7,143,43,46.60598455989998,0.0060146739500472396,1,3.0330653366781366,3.232763806840711,10,7,3,0
9,83,32,49.93943777994723,0.058434200410592066,0,3.2828366000714584,3.152918878419973,4,5,2,1
20,92,129,55.38604161925015,0.007724004263210293,0,2.7264785139180687,3.6922253438221806,1,1,3,1
18,157,42,46.82930502546098,0.10363359650729057,0,3.1148885253603193,2.9533226909874393,10,6,2,0
8,41,16,39.86750928955414,0.05716065897312908,0,4.068943139050326,2.4550890446323126,8,4,3,1
16,230,47,44.9232812087857,0.10977861915037108,0,4.183039361820053,3.200399216374613,4,3,3,0
18,13,13,54.800761916356656,0.00942945754760204,0,3.0011154352039595,3.674026568284808,6,5,3,1
7,206,28,49.750375403137724,0.03965639817315413,0,3.392961171526039,3.5950223201959144,4,3,2,1
9,23,109,45.96347519409733,0.08118461197358737,0,3.6845506103469177,2.545406385427908,4,0,2,1
17,30,39,47.87064451875996,0.035230329722399416,0,3.869305133875158,2.6772955146174393,3,9,3,1
19,30,32,46.398025755222626,0.10098702484331776,0,4.202836189539998,3.090030791252163,0,2,1,1
19,74,19,38.62042242225126,0.11842004379230772,0,3.3053786569894488,3.3851772626695813,10,8,3,0
19,280,18,46.02701970520807,0.03374635191722611,0,3.508600090906118,2.1167456227071035,2,6,3,1
17,100,9,41.520010809183006,0.04332934374525152,0,2.87608444159995,3.101029132277079,3,1,1,1
10,34,29,42.271526129365476,0.11608146475832487,0,3.2474519514311018,3.2586432152785076,3,7,3,0
6,24,51,43.582442463009336,0.0429673327917674,1,3.2852257724848313,2.7236041007092266,2,5,3,0
7,77,8,34.60353363013496,0.06671838159884061,0,3.155765376994037,3.143038710836508,3,10,3,1
6,73,49,44.16168548392222,0.09230899994812665,0,3.761694682919604,3.7726062379997773,6,8,2,1
19,55,5,36.60254128320428,0.05260137052389059,0,4.541506192373992,3.262624066917141,0,7,3,1
21,48,14,49.18587993124248,0.04471295389510912,0,2.9368591556899286,2.6873765046187494,0,6,3,1
7,32,6,34.74148435000511,0.05947060152810581,0,3.399956256200396,3.314622414834086,4,8,3,1
8,101,59,36.32606758944392,0.09354238596458207,1,3.4482909398241333,2.5322852923496404,7,1,3,0
8,22,18,35.59182049047597,0.03745947326594928,0,4.262226706508095,3.587899002927981,2,9,3,1
17,52,66,46.560597860157934,0.04209689965422095,0,3.335814366389325,3.2561545639618066,5,10,3,1
17,49,31,44.96999937832563,0.022696716456492592,0,3.551470224128946,4.441442254097115,4,6,1,1
20,81,28,53.5332994968429,0.08419410000993316,0,3.522530253994192,3.4391580039239864,4,6,3,1
17,90,23,47.160605995450155,0.10793405628361377,0,3.9909505973655617,3.5822313547526132,7,6,3,0
17,28,29,36.198193237781766,0.02228879050799502,0,4.020774350467903,2.916272425902652,6,7,1,1
16,18,2,40.79221790887945,0.004150744447655303,0,3.260165780324718,2.8147668499891694,5,5,3,1
18,94,18,45.964278851675886,0.04575247899207084,0,3.2191068992539535,2.817721242280575,2,6,3,1
19,21,19,46.6574353791925,0.049218571797482895,0,3.8127901396549375,2.746130482097026,6,7,1,1
8,89,48,36.051039328898014,0.0775036232137435,0,4.164203929277169,4.063032852961307,1,8,3,1
9,157,45,49.50979131841671,0.010270919878581414,0,2.6889643915676418,2.4937979767880947,4,8,3,1
21,16,66,40.66856758542605,0.09857980868397044,0,3.3073983794494257,3.0879515116034204,1,1,1,1
9,104,24,40.769697235523964,0.06887841685640074,1,3.496267710102351,2.5634888422151008,3,4,3,0
6,55,20,50.36733515778724,0.06551651025106604,0,2.5221390191921946,3.122116123713087,6,8,3,1
17,136,41,45.053424653738695,0.03796356404579882,0,3.2328317462779097,2.909278667135594,8,0,1,1
9,86,37,46.69900848705567,0.043832101576051656,0,3.540203882537923,2.8038322597415086,2,3,3,1
8,34,81,47.64262213479376,0.006651270064109615,0,3.0214461421060927,3.333591451772201,6,2,3,1
8,85,78,37.21362257157589,0.09045057330754477,0,2.798927800014946,3.5647574571794984,2,6,3,1
19,183,5,46.248074026127476,0.07256838761106532,0,3.6445649958968906,3.5470516366560005,4,10,3,1
17,11,47,54.6241605187311,0.11717142090424856,0,3.6710881401432918,3.063781421684652,10,5,2,0
7,63,13,43.9547806805845,0.042427412712635955,0,3.141284442040367,2.5638104241177473,1,7,3,1
10,61,146,46.876767247048484,0.0799492458667584,1,3.744266368873746,2.5759189248456256,10,9,3,0
20,172,37,57.70646602858817,0.11034543565701672,0,2.294925564893118,2.6101833307337023,6,1,3,0
16,52,26,52.72075108393975,0.08540170669030862,0,3.751249694587439,3.0981278291190337,6,10,3,1
20,89,81,42.80503431330905,0.004837262963454725,0,4.179433443453359,3.1860886647526176,2,0,3,1
10,46,5,47.454722323004134,0.07586841630547025,0,4.123340382309541,3.173961783643378,2,7,3,1