accident_hours,rainfall,wind_speed,driving_speeds,alcohol_levels,traffic_violations,lane_widths,road_conditions,mental_states,riding_skills,accident_types,falses
18,89,27,48.76872969131021,0.06544692171413656,0,3.514146187297807,3.0653163233003635,10,8,3,1
10,43,43,55.788371549038146,0.05991760059561656,0,4.051809099102953,3.0710554590862125,1,9,3,1
20,70,13,40.43574048954452,0.06636527611501766,1,3.4124484679793747,2.6485501756766636,1,9,3,0
8,92,20,60.34151090460658,0.055267899220628074,0,3.9766687680708452,2.04010895992618,7,5,3,1
19,171,37,46.44634445483756,0.08301986791724675,0,2.9865129886625255,2.939185442715056,7,7,3,1
9,5,34,43.43579056940635,0.001789548336118627,0,3.499629481606284,3.6586499535452255,4,7,3,1
17,17,46,48.10812919237597,0.022627165504548376,0,4.275474763355374,3.190035697846747,9,4,3,1
8,12,19,43.18537458929477,0.043846275452031326,0,3.7018635205262402,2.3707230114671627,10,10,2,1
18,159,10,43.32592554896689,0.054320072433363065,0,3.9027271750077928,3.1184501300732768,9,3,3,1
18,93,34,42.15502773798196,0.015658361760274225,0,3.736661283284879,2.3237102051363374,0,2,2,1
20,87,34,42.272728484794925,0.09841751730687359,0,3.3978264461831964,3.141957422712717,3,4,2,1
8,16,43,36.56388231306027,0.11152696457136803,0,4.123855376055752,3.078757258934114,3,3,3,0
9,67,47,36.83729181637714,0.09014585872333428,0,3.0676471782215677,2.412841954572663,0,8,3,1
18,41,27,40.98390381573464,0.11145816579944663,0,3.1184239208076936,2.8688354000255405,9,9,3,0
18,52,18,46.34253956833582,0.08918656471020457,0,3.6997695247853026,2.5827079227439125,10,1,3,1
19,6,25,41.37799792441885,0.05292672225652993,1,4.401342158242716,3.5018952258733593,1,4,3,0
7,52,36,55.58038440402611,0.04717595680341506,0,2.6263228595601777,3.904787744615321,3,0,3,1
18,62,9,48.1909536663673,0.01996792582756174,0,2.9075796514847925,2.1870576751981874,0,0,3,1
10,277,26,41.647046574962864,0.01037364492351255,0,3.578975357294533,2.9486506588108545,1,7,3,1
10,43,29,54.0315731194746,0.02635419384540666,1,3.731622856823469,2.5018852783888494,5,1,3,0
21,16,21,43.92079888322303,0.06385628786810753,0,3.6877573179686878,2.6450533115254125,3,10,2,1
7,23,8,43.88059773611755,0.016193658133562255,0,3.6386332246360285,3.5010967222122553,4,4,2,1
19,15,4,48.21147268259522,0.11413962552426954,0,3.2226298732133003,3.03281824898057,7,0,3,0
8,252,4,44.630735676710614,0.026220294846174504,0,3.388232127359497,3.2010596901301898,1,3,3,1
12,39,18,45.49033118973771,0.10003576743911162,0,3.559836220645422,3.2298832513704214,9,4,3,0
7,19,21,48.361167698419486,0.09825827554281094,0,4.348157099713457,2.8799830551727186,9,9,1,1
18,88,29,39.29456237027408,0.01694445970660598,0,4.171007814076087,2.096997890389334,1,4,3,1
18,25,29,44.46568394778331,0.0852891417144871,0,4.480998619188659,3.2943707178360073,6,1,3,1
13,30,22,40.30472537631764,0.09889366042821485,0,3.5620170582949475,1.8113775444686666,7,5,3,1
8,94,6,46.74690414289906,0.10611448341332189,1,3.0867009292929315,2.133962141526792,1,2,3,1
8,10,44,37.94477301870319,0.11447755250179809,0,3.0618359364072796,1.8964176987481203,4,0,3,0
8,55,7,52.87393147539761,0.11161241573472254,1,3.612218164429735,2.33926451784542,7,0,3,1
8,22,30,42.04086688941738,0.0373364469024189,0,3.765513960302955,2.6918477920098507,7,8,3,1
18,89,46,43.33211396590594,0.03211871359534888,0,4.320365543878221,3.1165453541015196,9,6,1,1
19,78,10,44.42591027711404,0.047703649955278864,0,3.0076881555693395,3.049086972102036,1,7,3,1
7,58,88,40.17052831381062,0.05580075218033639,0,3.0799081417246903,2.846805967108434,3,7,3,1
15,83,22,46.161867868813644,0.028066202030762745,0,4.027222312356766,2.6100612951883466,8,8,3,1
9,77,25,50.54694510005471,0.01032998352291246,1,2.9914536666889973,2.175426797434401,2,2,2,0
8,14,76,43.350105953858474,0.0787903707464066,0,3.5259737904232438,2.8375285200959706,5,4,2,1
16,137,130,42.87819234377161,0.020908894102220115,1,4.312256884576569,3.1274133613579016,1,10,3,0
8,83,32,48.21897114902149,0.10978796184721136,0,3.9374525320531104,3.3690306530327763,1,9,3,0
9,16,47,47.91346166037523,0.03452217637296347,0,3.583469078420737,3.4703987705176753,2,2,3,1
10,11,46,45.62184536732933,0.023722348908356377,0,3.748533524743108,3.811210999442988,3,0,2,1
11,85,7,51.08595331771215,0.02329897828953171,0,2.5183419247890155,3.023494264107527,0,10,3,1
20,49,8,47.06584667480318,0.03473621925959954,0,4.307622742980192,3.730604104392576,9,4,3,1
21,86,45,53.86995293521758,0.07345989471939783,0,2.609467394441212,2.7253403440851693,0,7,2,1
9,172,39,43.48598438233191,0.11739803869615129,1,3.240326896674917,2.017248560466653,8,10,2,1
17,292,34,39.28693666060477,0.05835222533836524,0,3.1573891880132265,3.449135593242402,3,6,3,1
14,0,49,51.95556465981368,0.0719613580912319,0,3.534205838784665,3.059428861480183,4,2,3,1
9,41,17,36.18164441860886,0.10111192648118314,0,3.205599514907844,2.9400006109981467,6,5,2,0
12,37,35,40.77793266573848,0.040084493357721726,0,3.0891495919052376,3.0328717827435376,2,7,3,1
18,58,18,40.07845386376226,0.021585200702625505,0,3.0975237498938704,2.422259146103607,0,2,3,1
9,87,41,45.3054436748938,0.05203523832932223,1,5.03761821109333,2.4078350645956577,10,2,3,0
17,38,46,44.61411651095911,0.038243120661371074,0,3.3916770966066103,2.9301465794661636,9,7,3,1
6,88,18,51.06466007444939,0.10393556497529077,1,3.591522527790112,3.2906572882244722,8,3,3,1
17,272,99,45.33267685305783,0.11735278155181737,0,3.898406616966276,2.8863314506045668,5,7,3,0
18,229,11,42.13001636610714,0.08259801489927376,0,3.5501814547387758,1.8423612824388473,6,4,3,1
7,99,48,43.59501333623477,0.07845129118291724,0,2.892714999748384,2.1273485402792107,9,8,3,1
8,13,27,40.30734952433331,0.08570654047344657,0,3.938917608636424,2.6806067395745754,4,1,3,1
7,85,62,48.30283327276486,0.05611990091786068,0,3.437755694631479,3.1157376812756383,1,6,3,1
19,250,35,52.43847485508857,0.07545534190963275,0,3.1636946672975004,2.93639684052541,9,2,3,1
21,214,56,46.04444314896234,0.008551320108611841,0,2.9496616691040822,2.7812655954664063,0,10,3,1
18,60,7,44.910889318187216,0.05921386595920771,0,3.4504829720338632,2.359867142143939,10,7,2,1
8,60,14,47.32901055919471,0.03988399444376112,0,4.510427673034669,3.1878479050537085,7,3,3,1
10,105,8,42.72564007086465,0.006381641289347115,1,3.386813857863615,3.901427524670363,4,1,2,0
8,21,35,44.29449211452834,0.06537315693907182,0,2.728581234547673,4.066043389388715,6,7,3,1
11,49,28,44.171685963396406,0.043230777245164866,0,3.4309412986139534,2.7318896288246077,5,10,3,1
4,236,22,48.522324217049785,0.0708736625776903,0,4.24490230558253,2.4178741531600445,4,0,3,1
18,77,29,43.068829041273105,0.061581608193401166,0,3.8521315032004115,2.6950099796392353,1,9,3,1
8,146,23,34.41289518389771,0.03314635876783397,1,3.1246692465287422,2.234740197736786,8,2,3,0
10,126,11,39.33188961132405,0.0647980145934488,0,2.7830004499775183,2.7744060462111517,6,6,3,1
8,62,8,56.536648160137574,0.045452893394149804,0,4.478801126764963,2.984813695176233,7,2,3,1
18,9,47,44.182672975518535,0.11053392910846166,0,3.075622120747752,2.640564213188535,2,8,3,0
17,218,0,47.503641084914086,0.045075996295399524,0,2.8068541446201647,2.322825857656923,2,6,3,1
9,222,1,44.58588103491607,0.004817989425431448,0,3.5276346949936035,2.9525223201601194,9,7,2,1
17,73,35,44.62724350367982,0.09162873034125564,0,3.359323900185026,3.6188428360302547,5,4,3,1
9,102,47,39.413973381176866,0.11564200670794189,0,3.9072200443445526,3.1478630978755966,4,3,3,0
18,35,46,53.518435576068356,0.02032605841201798,0,4.11765695331504,2.841014517000091,1,9,2,1
18,162,39,41.2617926305473,0.11673400448129738,1,3.2581808124068505,3.446068931915225,4,7,3,1
7,29,20,41.14304740003348,0.07406326286301197,0,2.7239905065344208,3.0159565006178948,7,0,3,1
19,20,38,46.91306203495424,0.10168629857309805,0,3.60244059399298,2.299194625624659,1,4,3,0
7,65,17,50.82548557963024,0.05674744029066411,0,3.652090935788515,3.4914239074802937,0,8,3,1
8,17,25,43.63085506582553,0.07470258977186242,0,4.756821467898777,2.9499134692544957,5,6,2,1
18,26,36,35.63459909505977,0.1009269433788598,0,2.9428279924493417,2.307643267789664,3,9,1,1
15,58,93,35.79321340764645,0.11793600535983699,0,4.202225059222518,3.076637319860131,9,8,3,0
7,94,28,52.72855834856898,0.022175674023819574,0,4.324567676428321,2.1165351372314385,6,6,3,1
5,12,16,45.3661635634052,0.10784959445906363,1,2.796277008876329,2.6906414529211036,3,2,3,1
10,231,24,51.64370091100433,0.0800726279223767,0,3.17308392674501,3.312387619078429,3,2,3,1
7,27,140,46.176085745558105,0.11362333682516129,0,3.5925862727080866,2.327696056631551,1,5,2,0
21,68,9,40.73963810684812,0.03817281676990515,0,3.279175222562427,2.6476260744152262,4,6,3,1
17,141,1,46.94943645038384,0.02911127286399975,0,3.616794429781505,3.1570577920819582,0,7,3,1
21,161,33,46.33976389849799,0.043862815369699215,0,3.6864180782507567,2.932959361600615,4,1,3,1
17,62,98,47.49708086380634,0.10613991665268989,0,3.608970667027212,3.888809231788928,1,1,3,0
14,83,43,45.41319012466051,0.0551559239469116,0,3.535246299459362,3.836870594410946,7,8,2,1
17,16,5,42.60264850816368,0.1141770815434773,1,3.6618170677212656,3.10331636799486,7,1,3,1
20,28,34,50.72994472944753,0.0290808113500084,0,3.0189805873679947,3.9774781357911784,9,7,3,1
7,8,45,44.6829334666681,0.02646506138274463,0,3.886853636608722,2.2875366757363507,10,4,3,1
18,81,128,46.17907739829094,0.08140868161895619,0,3.8165370327933026,2.4801657472656506,7,9,3,1
6,78,44,40.104073355396906,0.03499960270039294,1,3.9975106756416663,3.0177776557140845,1,9,3,0
7,116,38,39.594985462147925,0.015498580813323714,0,3.4652223315193145,3.5982600483462557,5,0,1,1
9,98,40,40.96888680094362,0.04511259962655373,0,2.649423513929888,2.8713281920772666,10,2,3,1
18,10,11,39.57726781212606,0.03193989253763241,0,3.9449247813806627,2.777439953012362,2,6,2,1
16,16,59,34.208798222305774,0.04955776498612543,0,4.110210210766696,2.0909122624366185,4,2,3,1
19,37,21,41.869788791064984,0.022381319509027456,0,2.9700892202831684,2.6718150190006393,8,0,2,1
9,75,126,52.61711509847623,0.11483794806339484,0,2.7702364665343975,2.731230016287828,8,1,2,0
19,196,27,42.892315125861224,0.09619787429865716,0,3.232479984219568,3.185874868528187,10,7,3,1
15,52,89,38.69352436254769,0.10090815170705783,0,2.2488307134338656,2.6438607747165497,2,9,2,0
8,29,38,48.54771625550762,0.0357349549342463,0,3.5038785536227537,2.987717444178202,9,0,3,1
7,14,28,44.41089086528893,0.10281104389937393,0,3.822061359085639,2.9462797685553546,0,9,2,0
8,85,79,43.12615420848316,0.0708940710386152,0,3.2721006962984363,2.095379177512533,1,1,3,1
6,74,39,38.9933351606681,0.006807760419999624,0,3.2862416241525723,2.8011143362260253,10,1,3,1
21,57,10,45.0359628329437,0.018391372597731673,0,3.8156229584045054,3.3226044023073578,9,0,1,1
7,3,69,45.17244132255828,0.05351551023512789,0,3.3833824165701567,2.296651166324867,0,2,2,1
16,50,37,46.529080878345724,0.04725419680789077,0,3.484699222037653,3.0111129905200675,0,1,3,1
18,16,47,45.3695343607888,0.09543342398905975,0,4.228745658212289,3.648442717927553,3,7,3,1
8,23,51,44.28875105291955,0.10484032931168921,1,3.504664159901448,3.5037628591086545,4,3,3,1
8,73,85,45.00871931906925,0.10379165683024402,0,3.7970678141752003,3.461526719632075,5,6,3,0
11,187,0,44.449752895778865,0.0450346941015009,1,3.5077678747670946,3.1246637949575105,5,7,3,0
6,10,40,37.62334857377353,0.0762929463733025,1,3.592874781479752,3.217413154244153,1,3,1,1
16,134,90,54.79342858604758,0.059650949435933416,0,2.7045051869613252,2.5899870882780145,10,4,2,1
20,80,136,48.00633512942665,0.10667031002561331,0,2.2271441234498757,2.697166219993963,10,10,2,0
8,55,87,45.72183822491303,0.10667662978543369,0,3.2852646904022955,3.087118488385533,4,4,3,0
18,155,43,43.844549596845845,0.006464669906530282,0,4.023833956861111,3.133350338978291,5,8,2,1
16,47,46,44.15322321521405,0.06865681793310982,0,3.6979130862816767,3.257817939085531,3,6,3,1
7,75,48,46.456630580744886,0.06041595565775902,0,3.4020925157968063,3.0720966266095124,7,6,2,1
18,66,10,52.015198461643834,0.09244705843869183,0,3.7360416729096366,3.5583855144710577,7,6,3,1
18,22,34,41.560163856407065,0.023496967290293314,0,3.276372255458392,3.714558218774396,5,1,2,1
20,181,25,46.358647206012975,0.08339979598213089,0,3.7646241674213803,3.157945906651237,10,1,3,1
10,87,48,36.90948232869156,0.08863316412825144,0,3.097353906477135,3.2021383915856543,3,4,3,1
19,32,51,49.06369889534388,0.0032095218642659074,0,3.226749318344642,2.9974154350017015,2,6,3,1
6,24,39,46.71373690035261,0.05175219636591561,0,2.9353271735347337,2.0526045769386387,7,2,3,1
10,94,31,44.48579437870151,0.11747358602057976,0,2.9473905901620574,2.4016902914155236,1,2,3,0
8,216,83,34.18439818263475,0.036072541581720866,0,3.2568177185270457,3.3572328505092757,6,2,3,1
20,46,41,42.13540277966043,0.10614386358143175,0,4.2362810818173,3.666421364183222,3,4,3,0
8,248,28,40.303820854851395,0.07042680163541143,0,3.4920885504632015,3.3908098810511995,1,8,3,1
18,4,10,40.42935079617276,0.03558531470724183,0,3.4218587637933613,2.5477869152263817,3,9,3,1
6,62,26,35.717932228716435,0.10031845016276422,0,4.199822922824072,2.5379076988800193,2,4,3,0
7,83,65,43.171002628909356,0.11887940500304374,0,2.9557042162221085,3.3933882086344482,6,6,1,1
5,21,29,54.10634407420968,0.08904069900829087,0,3.1070755810896555,3.5749559818022263,0,10,3,1
14,45,7,48.545429294055964,0.007355270611189332,1,3.269624130382863,3.234111738106085,8,4,3,0
9,68,47,45.26462585890303,0.006289272154023177,0,3.6197095046719743,3.4953797614257036,6,3,3,1
18,135,23,47.750083311412666,0.05898666472699951,1,4.4776757051397835,3.7636869664171484,9,2,3,0
20,73,50,55.960850899060404,0.0007280311833033925,1,4.5682680944480785,3.3805771402916363,1,0,3,0
8,74,48,39.99595757883458,0.08111381276695896,1,3.4627313633642576,3.143048435561157,5,9,3,0
16,31,48,41.09665237774338,0.0019562788681749765,1,2.9985470853495233,3.259793856101793,7,0,2,0
10,92,37,42.56471106136673,0.11676780732392172,0,3.1590466548546976,3.077840048411607,1,2,3,0
8,43,7,37.92134203136913,0.10567589787473079,1,3.2441344542255437,2.8966168421581937,0,8,3,1
17,41,2,46.607724846459746,0.09784540333707274,0,4.161056381096457,2.7256811915983867,10,4,3,1
6,92,5,43.46505145866847,0.09748945955215356,0,3.917680554433587,2.9951155990417924,8,0,3,1
5,16,38,48.12062744426206,0.10012501048278452,0,3.698864084985676,3.0568512027001287,8,3,3,0
15,54,0,49.161753056575705,0.05211071772480558,0,2.768116040844153,4.158800554854062,10,10,2,1
9,56,13,51.59769728726145,0.09502279906727144,0,3.8525461931131133,3.2216474696328965,6,6,3,1
8,61,56,48.615290769044876,0.044058037519033144,1,2.411293662190027,3.029117864689416,6,7,1,1
18,59,41,43.11671265729309,0.1018063636106982,0,3.0354914799064163,3.1256746773036133,2,8,3,0
10,81,43,42.45095014488097,0.07415594529523614,0,3.262965026121035,3.0501938918337967,5,7,3,1
7,92,76,40.051461934729765,0.04300140299764628,0,3.9543332560278746,3.132033667445643,1,6,2,1
6,95,28,45.23272697877618,0.08945677988952407,0,3.9619906520485624,2.7957462333422587,1,3,3,1
9,49,15,46.79057894752185,0.02913891416651317,0,3.4156910217447702,3.1526174009837553,2,9,3,1
8,70,6,37.547137883639,0.11575967265304044,0,3.1511672173192626,3.4296294990483154,4,5,3,0
16,28,15,50.78609507103681,0.07976941875057139,0,3.6341553138957132,3.757311680832676,6,3,3,1
5,84,13,45.131210997334826,0.04814424940187771,0,3.2457659510374586,3.1136113582331575,5,10,3,1
8,44,6,43.10976170601828,0.06608738208467548,0,3.4782013968916567,3.1754005822479625,9,2,2,1
7,54,35,39.92382702987999,0.08850817807694229,0,3.33059441801951,3.5048606015558432,3,10,1,1
9,46,119,52.02639622085577,0.09567865781567561,0,3.719430499318425,2.678938655363398,9,1,3,1
18,58,38,47.54308617393286,0.11699504368347903,0,3.0373932336691514,3.753932215695622,4,4,3,0
7,64,44,49.31277921516358,0.02507489281716959,1,3.2789346713691914,2.4322884906619264,1,9,3,0
5,12,30,44.45792733222047,0.06053264125268546,0,2.8224909190463747,2.708424063204959,9,8,3,1
18,2,46,53.083578060476526,0.010974924376411059,0,3.1692351465613555,3.5743462978381277,5,0,2,1
19,65,21,49.117757392055125,0.00987289496995134,0,3.750436033980201,3.226083376170775,1,2,3,1
10,92,34,51.61433380243861,0.012519915170211879,0,3.453953415146802,2.4676535458892985,2,9,2,1
17,42,29,50.81882552410613,0.03114045025213854,0,2.0227648883798706,3.8090483038253073,0,9,3,1
18,153,22,41.88517020811945,0.08356014772689864,0,3.439063316610737,3.7596783145429544,6,2,1,1
15,18,21,46.03085560508583,0.10333615707700916,0,3.4597675075518186,2.2753006719522215,3,6,2,0
10,73,107,51.6708190164581,0.05231947416340475,1,4.10288998340041,3.390713813347702,10,8,2,0
18,46,30,47.44446160012374,0.06662438850763988,0,3.6249777382779076,2.464725432391951,5,10,3,1
18,6,27,40.06056629618703,0.02476404019667731,1,4.463936696906848,3.609736284576078,2,10,3,0
19,177,47,45.44462372260488,0.0949297450853676,0,4.0293423280997684,3.774232033093658,6,4,3,1
8,94,7,49.08270377042802,0.10660249357106068,0,2.9522921823815444,3.227933402078027,10,10,2,0
16,124,31,37.708074266515105,0.058271618154812306,0,4.641408736107231,2.9380793110860064,0,2,3,1
8,8,11,40.15421735066133,0.01930491288605902,1,3.317451951349224,2.6386670602458926,1,1,3,0
17,63,38,37.894499236113425,0.0006121985082898451,0,3.283675043742435,3.1274500476313913,10,4,3,1
18,123,53,47.375299798616254,0.0643693387216153,0,2.8950950542356857,2.56266510007078,0,3,2,1
9,188,5,52.79700618936992,0.05971629998254784,0,2.993947112222802,3.572941105839863,10,2,1,1
6,34,24,34.85587208194069,0.11109703716106868,1,2.2031397449398185,2.4371327974192725,6,5,3,1
18,67,90,46.0410750388459,0.004378116185242904,0,3.853667043135964,2.651318566740253,2,3,3,1
9,49,136,41.81877314088864,0.017874183270709703,0,4.016322779921133,3.195911119689599,0,10,1,1
18,53,57,53.54165264115586,0.02372239040513138,0,3.707668521837686,3.063599260577948,1,5,3,1
7,49,23,46.08922480569755,0.06565495531441859,0,3.47373494965892,3.319327547292006,9,1,3,1
17,22,35,49.27562351484229,0.03416834643673477,0,3.1849868227195066,3.09230819356263,8,5,2,1
6,50,126,51.96249999527988,0.024681482320384078,0,3.5340748541917897,3.9526832611342577,9,10,3,1
20,138,69,45.87997732985314,0.061729855868750884,1,3.476380567318453,3.271817029873952,10,2,2,0
19,68,0,35.98863636292846,0.004878383410156566,1,4.003425870534295,3.570068652908868,4,2,1,1
9,41,45,44.40558272532333,0.11702908588996054,0,3.5582463117529377,2.897495316591526,10,3,3,0
17,82,41,46.05195296600548,0.10332223403225291,0,3.078118743855285,2.65763840344934,1,3,3,0
10,60,1,39.130851931953956,0.03263535982476871,0,3.6970147800573816,2.8964495244874824,10,2,3,1
18,75,32,35.56006265158717,0.040340421594741924,0,3.270083145808261,2.936189248686272,2,9,3,1
18,51,16,38.087883864478876,0.02950778151273568,0,3.936751696105196,2.9332266980409845,4,0,2,1
8,6,42,51.654735760226046,0.1114078866110837,0,3.5294506515775304,2.6471722271906275,5,0,3,0
8,80,8,39.16034951641235,0.07838366064062904,0,4.3472233711677175,2.407259561090563,8,7,3,1
19,1,2,59.03273445067151,0.06254145699872717,0,3.604211161933037,2.685299312991236,4,1,2,1
16,140,42,52.15847383036785,0.061031953625064035,0,4.370453825927102,3.3518633757106087,3,4,2,1
20,28,12,49.57927520477223,0.0199104762516605,0,3.50932097871043,3.1743948954325316,10,6,3,1
8,1,5,37.2688801048251,0.11551757782644222,0,3.8939968670791685,2.9629074665985184,0,10,2,0
17,34,18,52.03154060265841,0.1097516925922675,0,3.462000336211415,3.379417856274512,0,2,3,0
9,274,30,42.482444740130596,0.11429052636895035,0,3.1505500630728833,2.1102803844293363,0,10,3,0
7,52,64,35.84216970794383,0.034911864861114965,0,2.9927908988685954,3.541799163218471,10,7,3,1
18,59,130,46.2844408488283,0.05719782328994712,0,3.6913420242488626,3.68504615825952,2,1,3,1
18,56,18,47.265136421080946,0.062271140036804694,0,3.7906343105871474,2.7765490786420077,0,6,3,1
18,148,18,41.00902105319828,0.058760961242228814,0,3.0858570387698556,2.781492972488876,7,3,3,1
9,9,56,41.99473115443243,0.0023027393435775464,0,3.114391403072843,2.745784607127685,6,3,2,1
17,20,46,44.10846492156563,0.09997791565184946,0,4.2022926335852215,2.2650964309487884,8,3,2,1
8,2,124,43.977499975611565,0.0895854613026891,1,4.185611934010127,3.0677797864473573,5,8,3,0
6,15,62,48.74271313625306,0.05697578453689748,1,3.8395365245415434,1.9902494322214617,1,3,3,0
16,124,43,43.625657558724754,0.032088231922129125,0,3.8070802357230744,3.04731004066206,3,3,3,1
7,264,83,53.22713413561621,0.07619722957833457,0,4.02962765331662,2.988989486507584,0,5,2,1
18,3,22,46.57905211264678,0.016595051663510472,0,4.2254785963942885,3.3575089672268534,7,10,2,1
11,45,39,36.700683683593326,0.11967332543971793,0,3.812227359948536,2.717107620055828,6,3,3,0
9,94,26,50.772569261996836,0.01504080422467012,0,4.07559055603295,3.3920122893081595,7,4,3,1
18,87,32,40.7953430047445,0.0070145293192895725,0,3.124259160402774,2.896790916393616,10,3,3,1
20,98,80,50.70771483184068,0.07348904815404685,0,3.1340659931935693,3.4038406487848656,0,1,3,1
17,131,20,46.70801663082564,0.055609388684801676,0,3.953829978812537,3.140634464299639,0,10,3,1
7,21,27,40.91370014444974,0.08628005946329877,0,3.0186719705243754,3.413636581703441,8,4,3,1
20,281,18,42.91087632851482,0.015356069767728674,0,4.105433869463303,3.1427637822393546,10,9,3,1
8,80,29,47.281513624943976,0.04364948595392344,0,3.0819722783632804,2.8574197375907278,5,1,3,1
18,50,4,46.35774416703092,0.06012400345585035,0,3.8029545754614653,3.2874855327578594,8,4,2,1
16,31,37,49.772175498261454,0.05363895445361006,0,3.578535200893039,3.1430472730879164,6,4,3,1
17,247,140,47.16381509708214,0.06996402776988352,0,3.124108567037329,3.142528258141821,10,9,2,1
6,63,13,44.99936352564474,0.012210019987187373,0,3.5080379087677174,2.495184714555439,2,4,3,1
7,181,4,45.51699133875248,0.06044695511449175,0,3.493748761424882,3.3999300087626634,3,9,3,1
17,0,37,44.05703197732084,0.06657202277366293,0,3.672737163335764,3.1287630364771695,6,8,3,1
18,111,13,47.63729824184797,0.10572265763725879,0,2.94863780772556,2.572183893147438,2,10,2,0
10,290,15,47.097698257598076,0.06852914224021688,1,3.6975341710235314,3.0974328460253275,9,0,3,0
19,40,22,46.28353617897105,0.0656754618036858,0,3.82197032531989,3.0318931208758793,8,9,2,1
6,39,95,56.51121076318598,0.09744933817990002,0,4.154223683293572,3.7683261962653263,7,4,3,1
16,15,7,46.90009196992345,0.007799700501254203,1,2.8200066985728194,2.648678397680627,6,7,1,1
19,280,33,51.15247785032425,0.07775545911020765,0,3.804070385497464,3.1159633741689086,2,2,1,1
11,16,62,41.74561614321063,0.09741653286847916,0,3.251701302811484,3.1471394868707203,9,4,3,1
21,52,70,45.05218544914414,0.011351485307654032,0,4.150803627781421,2.279886092567363,6,4,2,1
10,130,13,34.297298527332785,0.09738869576933698,1,3.3017596301216146,2.7354286793768545,2,9,3,0
21,123,47,45.44634267329871,0.0944587112474515,0,3.4654487240899092,3.0195441594918315,7,1,3,1
18,40,44,41.935896061054535,0.00011317548784335774,0,4.030405668359754,1.7886835870178088,0,7,1,1
7,161,57,41.46558290590426,0.02953885438803697,0,3.2122163780668602,3.364263569692267,2,2,2,1
6,230,60,46.073587061708686,0.018150986123586187,0,2.839659518166138,2.9899807057483843,2,1,3,1
20,14,36,42.98660307581395,0.061360540643287866,0,1.9463060797043872,3.2295332417156155,3,10,3,1
20,0,18,37.28256923619297,0.10968079293322347,0,3.4791951650116197,3.381089991708719,0,6,3,0
18,51,15,43.979879153427866,0.07232477266481378,0,2.3749517021964084,2.7401548881643993,9,3,3,1
6,65,40,62.73321684120826,0.07221635965248585,1,2.7204626286455937,2.1088993127746236,1,5,3,0
8,63,45,47.10911354505445,0.014741836329764077,0,3.337781428986463,1.6243187338205134,9,7,3,1
12,2,69,46.394730694796834,0.07996551724033092,0,3.7833433679182535,3.485198401695521,1,7,2,1
21,4,17,39.34448591877524,0.10659846949752329,0,3.3236168713997754,3.5450212084277832,9,8,2,0
20,48,6,38.791202116209,0.05152171541459738,0,2.838127426141501,2.9045340993377717,0,3,3,1
8,70,31,40.32078445628501,0.08181214960212495,0,3.2765421812729225,3.5485391746877846,8,2,3,1
11,70,6,46.401563626826416,0.0353917336388676,0,2.3783578746216394,3.4437524036198033,5,9,3,1
10,93,12,38.89544724268469,0.032267905537764305,1,3.591569502815047,3.406166060450831,2,3,3,0
20,90,45,52.14613818631763,0.022211165119559957,0,4.472202549943986,3.321635395503174,4,2,3,1
7,153,33,39.19085284378707,0.02898032812242434,0,4.152213183914624,2.599980976378509,1,0,3,1
19,97,1,49.037602305491966,0.04113101485618531,0,2.9238102033288573,4.090471031317498,1,2,2,1
9,41,39,46.33779865904485,0.06800737076785443,0,2.9011540645263705,2.6396629672837046,3,2,3,1
18,189,4,52.52098341473159,0.09367855752851284,1,2.8260979431775257,3.3479041905805733,4,9,3,0
7,69,21,39.52818878843035,0.034747577264120186,0,2.8516702606212414,2.721769329806622,8,10,3,1
7,92,14,60.33920835704475,0.020173394007115954,0,2.9814263107756855,3.550558070759073,8,10,3,1
9,55,28,45.94981572757079,0.05397152962649573,0,3.0581996789494243,2.844814740256623,2,5,3,1
8,91,55,50.98681940872004,0.09474176305720997,0,3.772551939644386,3.7615531968506923,1,3,2,1
19,84,45,46.962461720894986,0.04671988451100517,0,3.9772461056298845,3.391029894503093,1,2,3,1
10,42,38,39.69005479603439,0.10959293788332558,0,2.9768230644450675,4.266574163394637,6,7,3,0
8,126,40,41.15743823295615,0.029749762025721757,0,2.708596769472368,2.117197689980225,6,8,3,1
9,86,72,45.12556923206416,0.09099766563781889,0,3.9104801955374406,3.1407188201649165,1,3,3,1
8,42,18,41.13857519044649,0.056131013194688904,0,4.000433167117573,3.3159574367259634,3,4,3,1
13,38,43,45.74435736608809,0.012855109145326593,1,4.181886147491135,2.3953450464026877,9,4,1,1
8,0,142,49.411648965137346,0.03372867816900506,0,3.1451419088922936,3.6919679539587564,10,5,2,1
10,94,1,51.40828490406582,0.10298679945507426,1,2.9345974923590683,2.302191280354462,10,8,2,1
19,31,47,53.3495053710199,0.0007065878149227522,0,3.9225368235069427,2.660959011122003,7,7,3,1
16,3,5,44.773677465563175,0.09076100245370355,0,4.292702039140502,3.2984822983908084,0,4,2,1
9,34,20,42.88314899056062,0.09736878311816129,0,3.536050869081541,1.8622716648390814,5,10,3,1
7,221,80,36.33653227128866,0.014380499857772202,0,4.197533248153759,2.7604148801634016,2,9,3,1
10,6,19,33.208745898332594,0.11546273617072961,1,3.2958406567512197,3.55256934861486,9,6,3,1
7,33,51,44.51404611630131,0.10467488899830381,0,3.317401602755832,2.544242694224356,0,1,3,0
20,86,4,51.26216309188995,0.021423755984327757,0,4.198114623202582,3.4547022585087888,1,5,2,1