accident_hours,rainfall,wind_speed,driving_speeds,alcohol_levels,traffic_violations,lane_widths,road_conditions,mental_states,riding_skills,accident_types,falses
8,87,86,45.60467396121553,0.028974841437852093,0,3.5517142029503344,3.359817856258207,3,0,3,1
17,80,11,47.087324643049826,0.09821494943051144,0,3.860240735108027,2.392783973750259,7,9,1,1
17,74,25,39.89313255413858,0.06556478663993072,0,3.010668231225086,2.306382540694569,10,0,3,1
8,20,48,42.765276365862974,0.1107081580275245,0,3.2897268131746946,2.9445977704350037,4,0,3,0
9,114,32,50.847553224921285,0.11749692268492232,1,2.716840321753213,3.0052751564949407,3,1,3,1
16,93,3,47.21285174436996,0.04121293695366807,0,3.502668913639127,3.22604803427371,8,4,2,1
11,27,44,42.67613130925376,0.011636642856271785,1,3.1388628158873417,2.4608963719714447,9,1,3,0
8,34,29,48.346673824275626,0.08442178644143947,0,3.6551041565657214,3.201646965630644,0,5,3,1
16,78,26,45.60957342384398,0.11077448439979866,0,3.3510101244843846,3.494505415271556,10,0,3,0
9,83,24,50.42496856809417,0.01978535145860022,0,4.426717589664739,2.896029580015953,5,8,3,1
9,69,29,47.434322100755736,0.11824625708476698,0,3.653467428249619,4.156882762388074,10,7,3,0
8,29,14,43.36163039792361,0.023504379012362756,0,3.5446034814847605,2.6263831338229693,0,8,3,1
9,35,49,43.886872306793165,0.010353071677045111,1,3.1387764653050567,3.0845179501013114,9,10,3,0
9,85,5,38.142887546723315,0.05948375748802454,0,3.52215338330855,2.9101305136793902,1,10,2,1
9,65,9,36.90585848246715,0.09666871329509436,0,3.8647405935736296,2.5559153921656117,8,7,2,1
6,73,28,42.784474138090374,0.04252502081466772,0,2.73895815885055,4.124054358101394,0,5,2,1
15,14,12,51.76685522541427,0.03982093065845189,0,4.034078908955969,2.9378930145544557,1,9,3,1
7,23,19,47.13904878695681,0.023653357978513177,0,3.9407657496295743,2.7099215237174863,1,2,2,1
19,30,79,43.541647564817694,0.1183295041512098,1,3.630807971874332,2.469290627665197,6,6,3,1
10,13,4,48.3018235035194,0.0410238432563853,1,4.063455435272598,3.5371125387739575,7,6,3,0
19,139,74,50.578395675091585,0.0799764762286615,0,3.1467392538039745,3.660139122022872,0,6,3,1
8,76,26,41.952368778831286,0.01588572407873304,0,2.7071771365202157,3.55465792837264,4,6,3,1
7,30,16,41.97612122075521,0.05397080876240813,0,3.730827040758084,2.8797400310673287,7,2,3,1
8,96,39,60.95776910533115,0.09549899137803573,0,2.6944968664541715,2.973028890118582,9,7,3,1
8,91,9,40.53855997316856,0.1164410069410749,0,2.8841217678492184,3.1276706857841785,2,9,3,0
7,31,36,42.23857598695,0.021280272130869214,0,2.999393716621447,2.345889404384201,4,10,3,1
19,11,21,43.21170652464313,0.011358023800919863,0,3.4591909413354687,2.5288019078651898,2,5,3,1
20,94,24,40.00663784393591,0.11850041156677545,0,3.319311194680365,4.024988511179173,0,0,3,0
16,98,13,35.367958263393035,0.06650193648113117,0,2.981062993314211,3.559494056058605,4,0,3,1
10,10,33,45.45370458150253,0.04145050686058763,0,4.518140413992376,2.7116609495776105,4,0,3,1
18,204,90,41.859307755358465,0.11523340905722254,1,4.034751231991636,2.579415661966138,8,8,3,1
19,77,20,47.21909851838036,0.04682269191526897,1,3.570965004413674,3.3782237383316924,9,8,3,0
8,130,142,40.82291526060575,0.02784046023979627,0,3.922577447649722,4.002316542400985,3,7,3,1
17,26,122,51.291348226105555,0.09642043268293567,0,3.4302268223596997,2.9565647106328905,7,7,2,1
16,88,60,44.73586186075304,0.03767573854823563,0,4.377165086919377,3.003389730329041,6,4,3,1
19,178,8,40.796982093695505,0.03863733711821702,0,4.755614468364389,3.731248295378343,8,4,2,1
18,25,48,41.58514903993644,0.053398766972876724,0,3.8262163398541293,2.8121067880625166,1,4,1,1
18,192,7,43.73896446373436,0.08315507985854186,0,2.5278146053858808,3.113464950204644,8,5,3,1
11,76,25,51.84568890919851,0.10101163059106082,0,3.612928218356367,3.064458726148781,6,3,3,0
18,51,49,42.084413835909025,0.027140645859384128,1,3.5309168536574553,2.3455669905543113,8,4,3,0
9,109,10,36.94704669718973,0.043498511126267715,0,3.6242862203356063,3.290318266846846,4,7,3,1
9,61,43,53.70538057280258,0.05954023754360529,0,4.0606070387701845,2.3037088817753544,0,2,3,1
6,62,75,35.97845604453804,0.0030732900665274786,0,3.211147942170306,2.8371586447004433,10,1,3,1
7,98,59,56.76170024207977,0.08365266746531495,0,3.4219592218777155,1.7657861508667072,7,7,3,1
8,127,46,35.79324601371009,0.06791612038483891,0,3.555992418633792,2.9256902159363802,7,8,2,1
11,28,33,43.03597263272155,0.016027249813750765,0,3.268287508949218,3.6290754267801724,5,5,3,1
18,0,2,42.812459556777014,0.0156393522342268,0,3.834249935122876,3.1198813904446463,0,5,3,1
18,22,43,49.38374716359927,0.10742186114022775,0,2.9747337469356316,2.327254507232602,1,2,3,0
18,71,148,48.49405932929536,0.0819973756432155,0,3.716196668319138,3.6758000043974066,4,4,2,1
18,11,99,54.73971342268907,0.04656727349025407,0,3.9938928397374243,2.441597684538021,8,9,2,1
18,0,14,37.40411203968282,0.04056975861306246,0,3.904417946190849,2.6882479788911184,9,4,2,1
4,95,11,36.36936792943935,0.03802238907171989,1,3.479441345555703,3.687423988584696,4,6,2,1
6,28,43,50.24922326493422,0.07855915742915459,1,4.092579186422722,3.0342230164181707,10,5,3,0
8,66,49,56.3652303726127,0.021449811022750665,0,2.774518702263849,3.5727755114908244,10,5,3,1
6,31,30,51.10363206126621,0.11849219192539812,0,3.6360876051781594,3.0112201423743765,3,3,3,0
17,143,84,48.683603726069016,0.08244664448866414,0,4.958714151634521,3.5262593188799474,0,5,3,1
5,266,39,50.936908612940734,0.015254409531727634,1,4.219503728206908,3.0151494215193644,5,2,3,1
7,72,18,38.261431121361426,0.016563618165820165,0,3.803248018305979,2.9483795739546625,10,8,2,1
18,91,47,43.83590688950915,0.0777951942876752,0,3.94393725235925,3.8557252757831595,3,6,1,1
19,191,3,45.16525720953018,0.045980913524885425,1,3.6013131703061525,3.3215295859908838,3,10,3,0
17,65,20,44.483248505281104,0.07919492830465795,0,3.509531597706387,2.664168955294728,3,4,3,1
17,86,75,47.64832807416512,0.08670202572030093,0,3.8353693401426114,2.587425170317721,10,3,3,1
10,288,76,44.87316501835842,0.06455040685397892,0,3.752630487297256,3.849990762961589,2,6,3,1
8,3,46,42.7759349954359,0.030786447212971954,0,4.139646014840893,2.665256621658437,4,5,2,1
8,45,49,39.24470491017406,0.06613933436235897,0,3.487627267601,3.197373149877814,2,3,2,1
20,94,18,44.27870931148845,0.05062384618269482,0,3.563336021730468,3.4023533081975335,1,2,3,1
20,16,48,38.51955379765219,0.106840447219512,0,4.1688571126894,2.5246355320525637,4,8,3,0
16,77,36,44.52922926530081,0.08882535892881424,0,3.18993754786345,2.6509413148758822,8,1,3,1
22,12,89,46.62526636232535,0.07427809626312894,1,3.547339243539509,3.079405629850824,0,4,3,0
8,262,49,41.6969531048999,0.0047667509733700705,0,4.026280745352011,2.825421087704503,5,7,3,1
17,66,8,48.7345054104769,0.11882035359612163,1,3.0711924728028666,3.7510975512298605,5,0,3,1
20,75,36,50.14758953065947,0.06795256807276173,1,3.526635695630877,3.1432371593404063,0,3,3,0
20,18,23,42.492015549884165,0.0310773143978273,0,2.5407256141184207,2.069486854156856,10,2,3,1
20,22,21,43.09131609013056,0.07098307908067268,0,3.261432603655195,3.1652814206222066,2,7,3,1
7,18,40,48.668638705083275,0.0981475142478382,0,3.1041821292320777,3.101006362876269,9,0,3,1
16,81,5,39.954645489526214,0.06462684199420109,0,3.2243183517518026,3.5858745832619694,2,4,2,1
11,3,26,39.46121484654961,0.09322667068851813,0,4.290329324628606,2.4586626935725953,5,5,1,1
19,65,26,43.23805273048455,0.049564528527154365,0,2.5135205554635105,4.057681751990706,8,10,3,1
9,56,45,44.910633963808195,0.07079553436650025,0,3.935688791787949,2.7479982293597462,10,7,3,1
19,92,44,42.25368849758527,0.050670029653266044,0,3.288482150364099,3.4807539781908767,4,1,2,1
8,158,21,47.86081123995013,0.06333556821076047,0,3.69155237784997,3.267861197709774,0,0,3,1
8,22,22,38.19415209953667,0.020101183882398763,0,3.0949548182224165,3.7471387441372936,0,9,2,1
16,53,31,47.24975552805379,0.07183704793286005,0,3.965175270102307,2.57494331857407,9,6,3,1
6,142,71,42.3038808219533,0.11747414006327625,0,3.2660180866193853,3.0490015052149557,5,6,3,0
5,82,9,52.94470484824698,0.09177798350170165,0,2.834496901302393,3.01163725342607,1,8,2,1
19,19,2,49.560760817974035,0.03840581695402332,0,3.449184483327174,2.8202201916434486,4,8,3,1
10,26,34,45.631204412968934,0.1036632381220968,0,3.380044268802426,2.1142991371341537,2,3,3,0
19,82,136,44.793853633010734,0.10748700284095057,0,3.131752184091306,3.596482035916002,7,7,3,0
18,93,82,42.42400079731517,0.021216753534199086,0,3.4966054922461165,3.0501709635213476,4,5,3,1
8,34,34,31.66719677847355,0.006376063294977516,0,3.0378967906883774,3.779837115061536,7,10,1,1
9,30,24,45.553611135681315,0.06869711297398623,0,3.2839930778228057,1.9714520434107403,8,9,3,1
17,95,8,50.681203097306955,0.057105946350875667,0,3.871493030772889,2.8552574217543265,4,3,3,1
17,57,27,40.28207475655354,0.08576234483193576,0,3.8604496827070234,2.8292689657386343,7,7,3,1
8,39,10,40.88260318835093,0.03516704261314927,0,3.5177363234447396,2.728945499528233,8,8,3,1
8,85,42,45.51944951160167,0.04562543211110458,0,3.415897446705097,2.934161104257461,0,8,3,1
19,72,27,38.67022478908086,0.03166227204461437,1,4.217340695214423,3.1074645560326877,2,7,3,0
7,76,27,41.34554351216837,0.035056497954822526,0,4.131434344581389,2.777101007170723,10,3,3,1
9,9,11,42.79394438731365,0.0011144825095966348,0,3.5038156453927916,3.0885997921626975,0,5,3,1
18,19,44,45.62058489925394,0.06129066197436458,0,2.302574281421216,2.7207718900446354,3,8,3,1
16,49,33,55.308457128655526,0.056778550608860674,0,3.8918767110936705,3.653434495865061,8,3,3,1
9,104,9,44.76075510426956,0.04270496907534517,0,3.4002573548665755,3.128929239397495,3,8,3,1
9,29,39,46.90897123673182,0.06482284007041716,0,3.2765958524820893,3.2022731423788136,8,4,3,1
20,178,24,44.622827994779996,0.04701123728089405,0,3.3101219841375022,2.333076597114871,1,8,2,1
6,46,63,46.49802100286871,0.05190734226927029,0,4.202469182805309,3.3085373650829686,9,0,3,1
16,34,62,45.75533143034326,0.00023813381502852502,0,3.7395992132706644,3.433075190284372,5,4,3,1
19,45,46,49.834818839015234,0.007956845755427376,0,3.6348206711485522,3.4971022998636796,0,0,2,1
16,112,86,53.43225809493241,0.01808430313630072,0,3.304557591431799,2.2327511864521727,6,0,3,1
8,51,24,44.25433497757826,0.02208245797737736,0,4.143481501465475,3.394172911351133,2,4,3,1
18,92,58,43.17724522234919,0.0542631095934357,0,3.4308770598422447,3.286327047520779,7,10,2,1
8,60,45,56.86110536743196,0.10498930130296535,0,4.385825043792153,2.990097645159215,9,9,2,0
10,115,25,53.5171547576498,0.04872406149275275,0,3.5608933290924507,3.0481651078702656,0,0,2,1
17,284,13,46.75723476027668,0.0752630937677895,0,4.122068431905159,3.0123447963917647,2,8,3,1
18,98,56,51.29762691166284,0.003096348287568085,1,3.068951900999231,2.7527746571901686,4,9,3,0
9,94,66,53.153732627532975,0.10258145637736539,0,3.370421063334544,2.4106357740332074,10,8,3,0
10,63,35,43.91610654310418,0.013576139319965827,0,4.525492707270641,2.468993939210918,4,0,2,1
9,45,1,49.89535223841416,0.03411467002296315,0,4.2949179066139855,2.882361362850643,1,6,3,1
17,7,76,45.90430071302114,0.09800829846841685,0,4.2235838332268685,3.04724230742762,3,9,3,1
8,279,109,46.0503594381949,0.031785302988817606,1,3.593164118196936,4.075000842987714,0,5,2,0
12,77,3,49.07983336263066,0.030959974025581132,0,4.0670353197336855,3.3310903536386838,2,1,3,1
14,12,22,53.83989361289015,0.0723583298956304,0,4.500213795987486,3.006175355740854,6,5,3,1
21,248,45,47.825514229614996,0.10838941018024943,0,4.232530532306013,2.871126678161907,1,0,3,0
9,205,67,49.73946066891857,0.025637915856505135,0,3.4748845283311347,2.8652702385401816,10,7,3,1
20,167,4,49.70490925876916,0.07449819574105394,0,4.2769412800255235,3.170163342070668,7,4,3,1
18,13,1,51.72381238465349,0.07202257184590373,1,3.302697860963438,2.6809452488103354,7,6,3,0
17,78,49,48.08815003870556,0.07914275416030248,0,2.80917112058815,3.102839744022768,4,9,3,1
20,277,32,46.36871476554582,0.11361229448648068,0,3.2168681176909417,2.17044702880655,8,9,2,0
9,164,70,43.48477747599969,0.019905817343393337,0,3.4201167233015806,3.0636976211487474,2,1,2,1
17,87,37,48.49188313677534,0.07852287913479887,0,3.74091840462795,2.499478602027317,4,6,2,1
19,91,8,43.28372078878749,0.02188560744668344,0,3.7147853755313425,2.272479094668554,10,8,2,1
17,281,10,45.68921896857183,0.037716144688011134,0,3.0573854993352834,3.2527134996103655,3,5,3,1
10,73,43,40.06251118643599,0.04679538402555854,1,2.9146722469256368,2.8164070008349364,4,3,2,0
5,86,48,55.80791886527239,0.1002469038493857,0,3.597042263245362,2.8846296722375304,2,1,3,1
21,55,43,39.74284479999561,0.006445203594503352,0,2.493576717971953,2.4258141018435477,0,9,3,1
17,52,0,48.03142085675579,0.08803829498455303,0,4.001891742192779,3.02647873667405,4,8,3,1
20,47,58,41.329619480384466,0.10951104403044602,0,3.4598715343514956,3.1450743985549767,1,0,3,0
10,56,33,38.353051254731845,0.009509020777663189,0,2.8371208928393155,3.693167231640532,5,5,3,1
18,52,40,47.63366693138891,0.09488760194016985,1,3.4867845278271115,3.3970645310613694,8,10,2,0
16,29,143,52.76316803417828,0.012917069837326904,0,3.786885981189288,3.105664138930839,9,4,3,1
18,13,107,41.404020701059636,0.11554243778355076,0,3.6928390667970996,3.121125753455852,1,10,2,0
21,19,120,48.20582854256866,0.09784376554779144,0,4.189895626074266,3.5229968214302065,9,3,3,1
5,0,24,54.275790353106046,0.08339812082225725,0,3.785468423200571,2.7894164125686025,3,7,3,1
15,20,15,56.735851105520034,0.06600713643947222,0,3.641094915827399,2.787725516741266,4,8,3,1
7,42,46,43.890994484489454,0.11049809858775712,0,3.4027631084072674,2.342598432101489,6,8,3,0
7,60,16,45.07833480659598,0.014288555989546481,0,3.137377135941722,2.4141154546959327,1,3,3,1
10,79,40,45.908639999572515,0.014614105622011831,0,3.3796943249792637,3.3855738543238973,9,3,2,1
10,93,87,48.959364841627476,0.0986987415634446,0,4.143841081446248,3.094409669880068,8,5,3,1
10,79,109,44.45967124155885,0.057878385389506376,0,3.2014023564313425,1.8939830273599494,5,0,2,1
16,111,1,48.59801990111189,0.10140676660096386,0,4.797347914119029,3.3941750019412873,3,9,3,0
8,57,145,45.05228794232812,0.04687940670432614,0,3.114281268982083,2.608844286629753,5,1,3,1
21,112,10,41.574226791047806,0.054223226296642876,1,4.123080783826324,3.177847842749387,7,10,2,0
17,80,49,47.583013707353786,0.03984944035766079,0,4.3278302754028966,3.096262786861416,7,7,3,1
8,92,36,42.47368627548319,0.11408859142570527,0,2.7408887295595648,3.3962192690774535,4,4,3,0
19,285,13,40.384807732955196,0.05579400536257009,0,4.111202521703832,2.369293969516435,0,9,2,1
19,89,24,45.36717622894376,0.09061164869632929,1,3.346000882422691,2.471113522924672,7,8,3,0
8,102,32,41.26846278170175,0.08350905790754257,0,2.7167548457090964,3.7851009410439245,3,4,3,1
6,10,30,43.55304662748946,0.02821043323825047,0,2.723812471023532,3.8473851508286283,9,10,3,1
5,93,48,50.20658637353702,0.10967788605013516,0,3.9784735647838136,3.3303108157426755,4,10,3,1
19,45,19,42.364459418831906,0.06536185083427605,0,4.1799692426188875,2.4107718431265055,8,7,3,1
18,26,25,39.31302989399575,0.10269672568151257,0,3.4992771646144574,2.7612587784149727,3,5,3,0
10,104,33,48.262436029745594,0.09986254597945153,0,4.384021512905972,2.7478027648592174,3,0,3,1
9,216,40,50.821488672506796,0.007040395786090179,0,2.6394521242167515,2.6366177555520465,8,7,3,1
22,0,43,43.14232029412872,0.07437273537229422,0,3.59733282701337,2.7809223815548196,5,6,3,1
7,64,25,52.059175267332925,0.09467813606554223,0,3.835713849980132,3.1884363949446692,2,0,2,1
8,76,25,48.186187035380755,0.10877979269830021,0,3.8296546680917922,3.9660599162174526,9,8,3,0
10,57,47,52.54112530140261,0.06075548197964123,0,2.6060530653186116,2.582958371448176,6,1,2,1
20,255,37,40.5594613505924,0.09008551728762415,1,3.8160612830135836,3.020811653505205,6,4,3,0
18,82,53,36.30196703512565,0.11635565161631675,0,3.476278761991828,3.6027916800494757,8,0,3,0
9,256,24,47.9388955146189,0.09934109127919116,0,3.7884527252732947,3.0590683085924812,6,7,2,1
9,275,1,45.26611893683216,0.1025307799480881,0,2.907713692367865,4.007457222887952,2,2,2,0
18,288,59,46.46697562219026,0.048873938396797593,0,4.223558375045435,3.3807857922712534,0,2,3,1
8,9,32,47.41949312565423,0.011002640570253441,0,3.7621020504118006,3.3432648346733145,8,9,2,1
17,116,32,53.0336770302079,0.11592342612682162,0,3.6706451704513543,3.3569049843465906,10,1,1,1
17,2,41,42.012306185720085,0.08349822729825834,0,3.979504897889684,3.4258665372198163,7,5,3,1
7,20,118,53.73448585593376,0.02053967892266407,0,3.9665420848605653,3.268453481264714,9,5,3,1
19,18,80,42.72186285908134,0.11685986333175478,0,3.9408453277673354,3.275722765848336,9,4,3,0
20,34,6,47.69069787262901,0.08589432994504646,0,3.684008540123222,2.9494125872766355,2,0,3,1
8,31,29,47.19800780034242,0.010844199259917118,0,3.5974567904052233,3.558357425426287,3,0,2,1
18,186,41,41.28594543641362,0.020497615620337094,0,3.313641257129213,3.3164048469886005,7,4,3,1
8,117,11,47.49100593612782,0.10384924666051387,0,3.175762839447084,2.8934631000293707,4,10,2,0
7,87,11,40.23186619138157,0.11445989871460865,0,3.4509089136115176,3.5249119729674403,6,2,3,0
8,95,44,35.420156716793855,0.043779277322335886,0,3.954672285522843,2.876610898652795,2,7,3,1
18,187,122,50.03420655657637,0.049591426517268535,0,3.9843888071554616,2.1829407815790822,7,10,3,1
18,38,36,50.313804184152616,0.04745454570377127,0,2.3357506308924574,3.1812282125688798,6,8,2,1
17,184,92,37.95736501947685,0.1002427434331548,1,3.9233341691388675,3.1457934509874,10,6,2,1
10,24,33,43.828782098690894,0.054390736365114344,0,2.679340803956313,2.7023601927175807,10,7,2,1
7,225,122,39.57379033333239,0.045030866124448586,0,3.370254025206153,3.199875893834706,6,3,3,1
8,58,26,48.262932863293756,0.07462423526829233,0,3.972089409395735,2.2812755679476835,2,6,3,1
7,46,31,50.65016919556739,0.05886395523911884,0,3.2558503379998354,3.8073970356832882,4,1,3,1
20,44,43,40.67648843032903,0.06401081340159569,1,3.2925025664979746,2.491131269907683,8,1,3,0
18,285,38,34.14916421493367,0.04884157993783896,0,3.274513321282016,3.7022061225868574,4,0,2,1
9,92,15,47.52923058761565,0.05526170309852862,0,3.604551911837437,3.793102986111085,8,6,3,1
7,72,4,48.05185427586722,0.004317039903233875,0,2.9798932886055027,3.9813562578830104,2,8,3,1
18,67,120,40.70119997754281,0.1110938785723332,0,3.77956024362116,3.0816692282233884,8,0,3,0
8,87,33,42.527722027519545,0.0036687310340591493,0,4.054598340668364,2.538819685750895,8,4,3,1
17,63,58,41.15393664152184,0.09273748808542145,0,4.432397975790782,3.340956824282747,1,4,2,1
9,91,129,45.08339281255954,0.03579224787165837,0,3.305034489465353,2.9140994640513163,0,4,2,1
7,152,2,49.18342611838022,0.013470514479197693,0,4.213226535774747,3.01695046232443,6,2,2,1
20,38,28,47.08172694618983,0.0731633043633056,0,3.4799485991695085,3.7263329635182343,8,1,2,1
20,255,62,47.755088256756636,0.08483419599694901,0,3.3380959596286206,3.040914544780155,10,3,3,1
19,283,33,38.62495263780373,0.07562419638767837,0,3.585941940757951,2.91354507746099,7,10,3,1
19,46,28,42.20194653948812,0.06913005025502911,0,3.5359444288651583,2.7855918384143585,7,9,3,1
16,274,60,50.91142735874966,0.06434238534541954,0,3.6549220573602765,3.035900533896637,4,1,3,1
17,55,39,39.01399532069914,0.06492704657172514,0,2.7067580163527554,2.7464004289967234,3,10,3,1
18,15,37,40.83360122288727,0.1038505314480422,0,3.5646635670195232,2.891359997599905,4,6,2,0
7,92,7,48.17386859413687,0.010818438282152537,0,3.1991445312900746,3.2633992531402605,7,2,3,1
18,177,46,35.89913158900888,0.018884249744445334,0,4.424329947443825,2.388431561611351,10,1,3,1
18,96,45,40.02366260419834,0.09751811805682006,0,3.111373540109978,2.7131899144417133,7,2,3,1
22,78,44,48.957276043450975,0.03636479204985308,0,3.187521912389695,3.0224463308587364,6,0,3,1
7,98,10,37.37123691192079,0.09258721584487144,1,3.220843472271359,3.8649842277064064,4,9,3,0
9,44,22,41.18514974873859,0.042323513396480245,0,3.3781739470123147,3.2237924322439335,4,6,2,1
15,15,36,48.02842398705896,0.11104921402104442,0,3.82334806257156,3.4119664943183228,4,10,3,0
9,18,13,39.445224829395855,0.03376004053180119,0,3.122849857561591,3.0253299694208278,5,4,2,1
17,26,2,49.278091420794915,0.05122756457651732,0,3.820201182357951,3.196057522459339,4,6,3,1
18,39,48,46.37970210644669,0.019060977414163103,1,3.0072471376542165,3.015451684772743,9,2,2,0
7,72,21,43.697156584122666,0.08000214376330571,0,3.94741882125279,3.036104731154069,0,10,2,1
20,93,41,35.507818900863725,0.04834573250648524,1,4.082929155609676,2.251984082330477,6,1,3,0
9,33,41,45.11590328062345,0.11294450181127447,0,2.8054535249004275,2.8047383587847636,9,0,3,0
8,68,16,37.15937543543915,0.0018897606218904039,0,3.284538449184704,3.2058177721885537,4,5,3,1
19,188,13,36.39412955992578,0.04651816560081926,0,3.9083039961829953,3.552526840245861,9,10,3,1
9,26,130,46.979163835570546,0.002835553813076572,1,3.112242517171569,3.287215328144687,6,0,2,0
10,66,39,46.38185166931751,0.03948498323526583,0,3.7549831639788627,2.5158702921139677,2,5,3,1
9,95,32,34.953091059905645,0.0456294288238843,1,3.1324653078649285,3.2332014470532227,2,2,2,0
7,75,44,43.61945591887755,0.0309763675045864,0,3.8380049232014564,3.211476977151594,0,2,3,1
17,53,36,47.360879654321124,0.03066373371344188,1,3.6629805117650758,3.265624558864683,7,5,2,0
18,28,6,46.323783835890296,0.03120714266913037,0,3.9803271319980067,3.092520844420836,7,8,3,1
18,4,9,45.99510011140493,0.031950785278308726,0,3.6487148285232314,2.070948705598427,8,9,2,1
9,76,22,43.70617019144648,0.0338743396717453,0,3.9426477592288975,2.276989167474009,10,4,3,1
6,4,31,50.372768898167465,0.10215575226586643,1,3.6538030202785863,2.582843183049384,3,8,3,1
8,147,36,45.835600451080836,0.004686486410888451,0,3.6274844963906956,2.5036095375521494,2,4,3,1
8,5,75,50.658038419281404,0.1186691757482501,0,4.505259369012866,3.2461233684902715,2,2,3,0
9,58,83,45.22010927601538,0.03378277992945938,0,3.3197870895838095,1.9739105637371324,5,5,3,1
17,99,33,39.31735936003048,0.0033535386745442474,0,3.4982052635958256,3.788060657513941,5,6,2,1
10,68,28,45.87186028554112,0.02101910041875832,0,3.266316814699128,3.9200692634462553,0,7,1,1
17,99,85,38.278932706834965,0.11302395273238688,0,3.3417527193433214,3.1977755875019813,2,7,2,0
19,264,12,47.13643260323963,0.11970281729484457,0,3.381983645573316,2.9716629595351503,5,5,3,0
5,79,18,54.504221716239826,0.029610368158251195,1,3.613670959927361,2.462845403760972,10,4,3,1
5,22,30,45.313036549990535,0.027053912208769824,0,3.4178886204691614,2.65184544480894,8,10,3,1
17,41,45,44.511622728507,0.10033083136406573,0,3.8305145159086256,3.169320006462427,10,9,2,0
18,60,3,49.51482676780285,0.10970542976357724,1,3.4176150612081324,3.096435340399566,7,3,2,1
19,7,16,46.286028579574015,0.07804333771773987,0,3.8561906572238347,3.592325235763141,10,10,3,1
6,40,12,56.907848258949656,0.11229843781006242,0,3.927341347312267,2.7799204957179264,2,10,3,0
16,66,78,44.79436025782741,0.11400149746475832,0,3.4687120577879247,2.7355540341262676,10,3,1,1
21,261,8,46.59330981688922,0.09116259061621375,1,2.6737104986077633,3.7136739134876735,7,9,2,0
18,85,3,50.176881762754675,0.04184500012317646,0,3.7476055460826605,2.6612502882140827,6,7,3,1
8,3,15,37.6930884132951,0.017935160699636535,0,3.705674394223875,2.829714015907521,7,6,3,1
19,89,29,48.5724811999176,0.06212071192041969,0,3.1915727990503564,3.452348912030277,6,3,3,1
9,47,94,42.808912345777635,0.0347532111838205,0,3.0062633941105568,3.6275830975966503,3,5,3,1
17,7,31,43.484175490439334,0.01422021977288756,0,3.3756648989805074,2.869052151087176,8,6,2,1
5,26,66,48.83763115703916,0.04727957411391077,1,3.3796814103156523,2.1945166339927695,4,5,1,1
9,89,11,41.52722592922388,0.057571889276191945,0,3.5196780388219087,4.233121532422483,4,9,3,1
7,90,35,43.810156945733056,0.07943833823048872,0,3.486220487537754,2.550249055739183,8,7,3,1
19,71,48,44.24831478053706,0.02653672483142903,0,3.4802678800978577,3.2011135395192536,10,9,3,1
18,71,58,44.57534285507976,0.10421924224538741,0,2.3638613451261086,3.360870577537777,3,2,3,0
18,186,25,41.53617102184908,0.02225301410631512,1,4.006360694989415,2.8761340088001113,10,9,3,0
9,170,44,47.78718141727154,0.11966757140962023,0,2.975777338257958,2.5959314262251176,9,10,3,0
7,67,31,39.058678892292676,0.06682549823474872,0,3.252134744527087,2.459803181878178,2,8,2,1
10,36,3,35.59690109881849,0.017621083443468133,1,2.8929508818688956,3.4134752626740807,1,1,3,0
15,104,23,43.52180787130735,0.10012723884982319,0,4.642322081776759,2.140392417101393,8,4,1,1
8,139,62,47.673342406843524,0.030447740926807996,0,3.6533312537049314,3.041854484328521,0,6,3,1
17,35,38,47.813829242761166,0.022597562705372425,0,3.3779654701286836,2.954366478179612,10,8,3,1
5,166,6,46.55135634316757,0.01617513253454403,0,2.8956598979947494,3.1986789169904997,2,3,3,1
13,156,20,43.30811246844285,0.06610737437451894,0,3.733784564208851,2.89021929516353,0,3,2,1
18,62,79,47.00476865910767,0.1055191782711208,0,3.408047706131721,3.4007879369640386,7,1,3,0
17,72,9,44.308247217273596,0.10765321259185465,0,3.531892765060661,2.992872772571409,6,10,3,0
10,59,44,44.657999151847115,0.09427423011975641,0,4.012709108815304,2.931775156074588,9,5,2,1
18,54,14,32.35639887733195,0.06977367103274319,0,2.723026032281935,2.2312537843476603,1,0,1,1
10,1,77,42.769591341836374,0.06358604286328157,0,3.88316478944144,3.1489620764585617,1,5,2,1
20,85,26,35.15661680099368,0.04485260918599754,1,2.9251153915683945,3.218125555759139,7,3,3,0
17,74,35,55.58679650153853,0.005287967839810932,0,3.8714635923932166,3.0066458568250787,4,10,3,1
7,25,35,49.30538616774353,0.10039066293801382,0,3.724840825771899,3.180190498569953,6,5,3,0
17,47,0,50.977561581106144,0.11993666897752225,0,2.328616490203879,2.7950503224132293,0,6,3,0
20,88,22,42.44360372421367,0.1105016402714303,0,3.5320403891616063,1.9606534211741595,8,6,3,0
18,2,5,44.605071930834015,0.11196462632956315,0,3.030936218855355,2.8158856077722736,2,8,3,0
18,3,13,38.50730965567581,0.039986764020669335,0,4.047694206985572,2.6474747266650356,5,0,3,1
18,36,34,39.23190943886497,0.011916700658731254,0,3.6196596781203554,3.1376319721289416,7,2,3,1
10,72,36,43.677199845378695,0.10458998209720674,0,2.9234821620226805,2.4583170879832883,1,3,3,0
18,35,44,42.225262156686725,0.0916571850100903,1,3.245447508833291,3.5430071939229313,0,10,3,0
8,53,10,47.2528878987207,0.046844887273990915,1,4.148994458563039,3.220136893783257,0,6,3,0