accident_hours,rainfall,wind_speed,driving_speeds,alcohol_levels,traffic_violations,lane_widths,road_conditions,mental_states,riding_skills,accident_types,falses
18,57,45,46.97945958123392,0.10002930688414649,0,3.3357369724829926,3.350223254193639,0,3,3,0
7,39,49,43.01517129198591,0.0166482810235438,0,3.079000649961424,2.9181053724291326,9,10,3,1
19,99,29,49.14879557935346,0.07813010278936736,0,4.254936250328123,3.0981005729054774,5,7,2,1
10,51,38,39.22420654860963,0.11440606628030053,0,3.6301628131928516,3.2291292397771447,0,1,3,0
17,80,32,38.72316496706651,0.10925019978856408,1,3.455568442787567,2.6188696570776924,10,7,2,1
6,177,134,47.53078020520635,0.09130196989961241,0,3.0566662379146847,3.2128601983482135,0,6,1,1
20,1,136,47.711510358974074,0.03198993441670204,1,2.953226695146474,2.4228670011871536,10,1,2,0
19,8,23,49.236106640445854,0.012307642997703518,1,4.08472358454029,3.7394046483151606,2,6,2,0
18,157,22,37.79876055305313,0.03896833352054638,0,3.1844464579521907,2.7847742255334422,7,8,3,1
17,63,23,40.840869881675296,0.0740824126538913,1,3.29636971298214,3.0919776404563177,2,9,3,0
19,77,38,46.50517497085743,0.03798070874214487,0,3.7520324126201507,2.695717486060994,10,10,2,1
9,79,21,46.62455323545013,0.049573722996655446,1,4.01520169667773,2.438580432499432,1,2,2,0
19,141,37,54.47037608542903,0.048432753171722784,1,3.3694028024951215,3.6503053821886997,3,1,2,0
20,78,46,39.88722664136795,0.04029920722656896,1,3.0727501462217166,3.1340186874927314,1,6,2,0
16,74,28,55.68371968062569,0.1108141891927149,0,2.671728988147228,1.8464232935884342,5,8,3,0
17,87,5,47.58730801611308,0.03839430871551427,0,4.522277147592183,2.234956004530483,4,8,3,1
7,103,28,50.8262502200028,0.11922327326597965,0,3.88784404316546,2.936069084024328,8,5,2,0
18,26,2,48.04042405897085,0.025120096232412934,0,3.8351639963548205,3.3052104246584673,9,9,2,1
19,14,29,41.30575427200674,0.10471500146099162,0,2.6324422977381143,2.993917574110913,9,4,3,0
18,50,33,42.216892686470025,0.08788045659950215,1,3.2719646094732413,3.1763698591409786,0,4,2,0
17,4,7,45.0154117278396,0.0802566084512529,0,3.6248459942480764,2.435578821489752,1,7,3,1
9,98,59,37.38055880550278,0.053441788210543385,0,3.2779000256760176,3.95112135339167,6,3,3,1
8,63,9,36.846872673813806,0.09799045448141326,0,3.041293486865827,2.8769429701235616,6,1,3,1
18,63,46,41.91004267408762,0.05906626814157107,0,2.8832055838744637,3.1742740033883505,8,4,2,1
8,23,51,48.501128254504714,0.01626483885950095,0,3.503566257411023,2.4047126848282345,8,6,3,1
19,39,29,41.70863044392428,0.03365967389321032,1,3.330608833095628,2.94093662859706,2,7,3,0
20,130,97,44.64940179951732,0.021891529813075298,0,3.2872938605081323,3.703744613802309,3,7,3,1
8,9,38,44.25717823491598,0.06835360905093134,0,3.2415686654690488,3.216098100527147,6,10,3,1
6,259,22,50.043894142230144,0.07864865891686655,0,3.680907717934367,2.3846055259856445,9,7,3,1
17,30,20,47.1235038045479,0.04031215955934709,0,2.7813170139047516,3.4662744172428286,5,9,3,1
19,58,19,49.272402900422826,0.004741896595575441,0,3.941310666852827,2.5020090998402944,7,2,3,1
19,90,4,50.833174792285554,0.07904851336131927,0,2.925554606506518,1.7515480059666235,4,3,3,1
19,45,10,40.059734392865025,0.007435171975595551,1,3.7863379783971265,3.022459506242667,1,10,3,0
8,38,29,34.576611389455,0.11588081979637722,0,2.277375715572708,2.0418171835868058,4,1,2,0
7,13,13,42.95491050174921,0.1064733290972424,0,3.5677829975859563,3.1267430537350878,1,10,3,0
18,186,31,50.66478634347891,0.09970579316148684,0,3.32289706163561,1.892529673118446,3,1,1,1
10,47,22,48.46755570326869,0.04410515515435103,0,3.986658687963031,2.659869681312853,3,6,3,1
18,31,2,43.11108120871087,0.0893991480585819,0,3.245707874726325,3.661442338148957,2,10,3,1
19,258,135,54.59277571993599,0.005502318266326047,0,3.7546374152453583,3.4381865867552825,7,0,3,1
9,98,115,48.882304667270276,0.01075616292139267,0,3.52505913629785,3.3587885169958174,2,5,3,1
9,27,35,41.989528028328905,0.059345538297703594,0,3.0999366239376034,3.3367765157537264,7,4,3,1
18,11,34,50.826338617590594,0.07041184298445902,0,3.163783836249351,3.6147459238241297,0,2,3,1
6,148,2,37.0899367872246,0.09203408540530547,0,3.4159450003846614,2.2198478301370534,7,5,3,1
21,80,78,46.65466298205098,0.035725709962201924,0,4.063450540556746,4.126439797655976,0,3,2,1
19,14,42,42.35111838950663,0.06511259448053132,0,3.7300305444908144,3.0505885189650153,1,10,2,1
8,31,67,44.66125045601968,0.007505109104769505,0,3.165630907854499,2.4417481791676563,5,4,3,1
8,34,1,48.02541642932823,0.056504129538604786,0,3.520477182230899,2.735866383660216,10,2,3,1
10,146,10,49.626126485569486,0.0805512537540773,1,2.8118963277325757,2.612550523930895,6,10,3,0
8,7,10,45.55998601058743,0.11875699111485409,1,3.1615561821925686,3.718710348845959,0,7,3,1
10,160,72,43.89714059645778,0.09215524657376357,0,3.4987137162766886,3.459360138185963,8,0,3,1
15,53,11,36.4020824539207,0.11945780688534116,0,2.906257458957467,3.5133746206898384,3,6,3,0
7,38,81,37.195060562051566,0.05974987548977788,0,3.310676383617286,3.576994275949962,10,9,2,1
9,17,13,32.12912126244026,0.05195427693923243,0,4.222910637062088,3.5460652443315395,6,9,2,1
9,9,35,45.83146968661652,0.10010476337391495,0,3.0865591109866903,2.9990527179684383,10,5,3,0
7,80,45,49.61633630159195,0.0554862115950011,0,4.083346769519978,3.3619790681151964,0,6,2,1
20,66,49,33.06827970436163,0.09073657402337769,0,3.0466259970099525,3.593382757229727,3,9,3,1
16,70,33,50.264599733807906,0.11934036729635554,0,2.5532493657682878,3.383956522662659,3,6,3,0
19,78,47,51.9511960068455,0.08695150930382382,0,3.773564583439521,2.988876546660149,4,10,3,1
9,4,41,45.90861369471645,0.001716342677344138,0,2.594169948759493,3.1332064078309747,3,1,3,1
8,17,31,52.70233577207476,0.0216340013973264,1,3.5513208821734032,3.3165473807818806,2,4,3,0
18,57,16,44.78329469854287,0.03315216552632623,0,3.1179067805357397,2.2695173724848368,5,4,3,1
7,7,25,38.71758555330339,0.09865625677625066,0,4.195238390210686,2.553045277140239,8,3,1,1
8,14,62,43.34842298337018,0.1118559944369555,0,3.957457491817424,2.9266486161462986,6,8,3,0
6,129,28,53.02354909540546,0.07796371523895985,0,3.7792187703774913,3.91825735494153,3,0,2,1
19,55,11,41.934289568984205,0.010564460464510383,0,3.558944815527845,2.7462821954660535,6,5,3,1
6,24,117,47.098052927152146,0.05994292779574568,1,3.7242012806264175,4.1655728927176625,9,2,3,0
6,26,12,47.71695713705337,0.10308508619893539,0,4.103147366509104,2.332943798588311,2,9,3,0
20,63,138,50.87750514635076,0.043462277696650405,0,2.8842639758569732,3.0346835378186126,5,7,3,1
17,247,33,35.67711442088798,0.007832844270874748,0,2.9131785544230375,3.931145522031359,9,6,3,1
16,5,61,51.92517284671379,0.09354968110709502,0,3.5566414976071687,3.1443516423846636,7,1,3,1
17,149,14,40.27431428912605,0.07885436339696962,1,3.5334712954724385,2.697024747314891,1,7,2,0
18,158,72,52.57911103020915,0.05603656149020614,1,4.320232965803725,3.3102728574571336,8,0,3,0
6,10,138,43.18138954772127,0.10197673549231667,0,3.8733642905821997,2.560565235866932,8,1,3,0
10,134,41,43.20296455445975,0.10196547456073973,1,3.039762479271461,3.1811962173572073,8,0,3,1
19,22,22,48.85185293158621,0.084115136261152,0,3.3975835963889915,2.0512599457461578,6,9,3,1
8,91,36,51.518953760622566,0.11307819628493822,0,3.5663927746352324,2.9240585195648596,1,4,2,0
19,74,30,42.640345002845486,0.05447328482466345,1,2.582638102204367,2.8454943668509753,5,10,2,0
17,82,5,43.589649973190156,0.08747146793192552,0,3.3277202358754936,3.023685897318351,0,1,2,1
10,82,57,41.960601214601326,0.09968181287855739,0,3.145356673087495,3.4012243618114115,5,6,3,1
18,38,33,42.124243546259436,0.07627132943165321,0,3.1109513386575407,3.242520143677541,4,8,2,1
19,54,58,47.48290423250809,0.06637323791544264,0,2.852638079608445,2.866762832317027,0,2,2,1
16,266,46,44.545115800498124,0.08783979284380249,0,3.375172537451635,3.285131249437657,8,3,3,1
20,70,48,51.29081496620945,0.04254063419512402,0,4.480032362618792,4.017803262493458,7,6,3,1
19,132,10,41.532209175922695,0.043971633654249165,1,2.785135601751123,2.2563561298204204,2,0,2,0
18,177,65,48.76528284705561,0.11719359834921782,0,3.1069936478587903,2.7155835046100423,6,10,3,0
19,95,36,48.55771725488729,0.014260526083190079,0,4.053933914864157,3.8365281199925274,5,3,2,1
6,42,27,43.5927467811495,0.10103967159497516,0,4.099108478351931,2.4515398667519586,5,10,1,1
18,86,39,43.725597042120015,0.09464951029602864,0,2.6377258761270372,2.3013548853357486,4,0,1,1
18,84,21,47.43698760799977,0.006499234513433349,0,3.2913901893273354,2.350945542992151,0,7,2,1
19,24,33,41.538915145340795,0.08442028514897837,0,3.691975032325945,2.7010430739912272,10,6,3,1
7,34,36,43.18148524113847,0.011266012323747673,0,3.6684184232325547,3.0290525467509273,5,10,3,1
5,88,24,38.47586533373891,0.025260159098519322,0,3.331995185505577,2.2366796605355876,0,9,3,1
4,14,41,40.45449501097446,0.11498570372373931,0,4.041838497062523,3.4115457747350133,0,2,3,0
8,66,19,39.826977624810446,0.043458065776844204,0,3.8299088353401913,3.6460235892649404,8,5,3,1
10,2,74,40.31312766364596,0.006816218070777711,0,3.2656233550481346,2.9844229638379707,3,7,3,1
9,247,134,36.216407160425575,0.0625437737708744,0,2.789468379260458,2.6659991337517,4,4,1,1
6,35,34,36.7432256159229,0.024769610441482025,0,4.069141961041483,3.4688030624897075,6,1,2,1
8,23,18,49.343270877925974,0.05115950343857932,0,4.858194831689325,2.930569554069498,0,3,3,1
18,22,9,44.293202953900426,0.012198956295616563,0,3.2335718298648612,2.743238066957227,5,4,3,1
5,39,29,51.22904678087424,0.011516266754388629,0,4.289380278666718,2.9123937983160637,7,1,2,1
6,76,13,50.23276005935274,0.06049715999595601,0,3.616669143921333,2.5058209625235706,4,0,1,1
7,226,21,42.6868806722241,0.04030527322420156,0,3.625689809098823,2.7429761771818097,1,4,1,1
17,32,4,40.36835797660376,0.01863243842037086,0,4.489401105625728,3.4785741781801525,9,6,1,1
18,149,9,45.758906015409714,0.06964452376443767,0,4.324415920309553,3.4385761927581577,4,6,3,1
18,281,69,42.78007881360734,0.007463054798058089,0,2.9746208287865175,3.2231475015720963,10,8,2,1
8,29,22,48.1818624373055,0.09032866036672038,1,3.6288601252422605,3.581710627344976,5,3,3,0
7,23,31,35.05769100928459,0.006160575405983835,0,3.949852333086579,3.348258224349309,1,6,3,1
11,80,29,46.68395958943046,0.11644452586113894,1,3.2184434929938814,3.5888283040203652,0,8,2,1
19,24,11,52.949778390465625,0.08827496631562798,0,3.9408613442669553,2.9049831859621245,2,10,2,1
7,14,78,43.012663402878054,0.10766552191489907,0,2.8705780132954133,3.627751914872059,9,0,3,0
16,6,29,48.06775030466062,0.05279388999126395,0,3.3795266842839142,3.557222948590158,5,8,2,1
18,46,21,38.86307480473113,0.006969724771247816,0,4.296276613305909,3.472882702324548,9,3,3,1
18,49,52,41.99718895897618,0.02753281274592759,0,3.741300047102946,2.8864662791381255,7,1,3,1
8,4,24,40.61062698174356,0.11653139583180125,0,3.911152748187232,2.4891895974037532,9,5,2,0
17,69,61,52.664198169774856,0.07426698986803851,0,3.5791514589828637,2.8249829116763427,5,8,2,1
18,117,29,54.8091799593884,0.02734459953895216,0,3.385615385487349,2.5635818016101557,8,2,3,1
20,20,40,42.54440934386383,0.05793811032581018,1,4.0436035458195985,2.178146214142103,10,10,3,0
9,53,13,51.5066534956877,0.03809296335798514,0,4.448051404377539,2.8464686959638423,1,5,3,1
7,54,30,47.9187355713971,0.058766129349929384,0,3.9659161482665146,3.093891764722532,10,6,3,1
8,13,135,43.07870091887898,0.10039489853875884,1,3.359480654408719,3.0821933698282717,8,0,3,1
19,87,34,52.95365538174781,0.026706658899369653,0,4.389403601604739,4.067467505472601,6,3,2,1
20,147,33,42.100608529710925,0.04789056396843574,0,3.8923535465869015,2.5392500145126,10,8,3,1
17,93,8,41.77204730816136,0.053530798127165484,1,3.001935428968334,2.1949721850459145,1,5,3,0
19,159,32,39.87575153340702,0.07044641173199455,1,3.5651084230975263,3.409139567603374,6,8,2,0
19,94,27,49.43791926516464,0.009327420908386242,0,3.5733604315032577,3.800936410039926,2,5,3,1
9,21,10,40.24099177947369,0.02484139034435652,0,3.7129030848142475,3.3407821034060152,5,1,3,1
10,64,37,44.27727241660708,0.04773992225401798,0,2.8744541500068097,3.1822370176498493,0,6,3,1
9,177,127,43.26583215670485,0.09712088588747098,0,3.293595117793621,3.1601709434479845,3,10,3,1
8,39,42,42.380283498196825,0.022421051384737958,0,3.5752128686233884,2.429952692853669,9,4,3,1
17,87,57,43.86344706582696,0.10578285486351079,0,3.1475592800984162,3.5719504771182486,8,7,2,0
18,57,50,42.90693793187456,0.04069968114203191,0,3.347025285465015,3.2315253650824443,4,3,3,1
18,268,49,52.925660257456826,0.03046072173609741,0,4.299939018421545,2.51467805166192,1,2,3,1
7,30,38,47.20809036958829,0.04912587576912072,0,3.20724895064335,2.368655224962311,0,6,1,1
7,86,45,45.44643811177442,0.06644492899883364,0,3.8031072572249807,3.2169169308700827,10,3,2,1
8,71,76,42.926595185183395,0.08807689848274858,1,3.85149819457509,2.5720413707046346,4,3,3,0
17,146,68,38.72712654019325,0.05723304337731653,0,3.14749151659317,2.996164887671179,7,0,3,1
8,62,110,41.860483765194616,0.09816035639574178,0,3.270894652389207,3.19355536537158,9,6,3,1
20,29,13,44.884878539667234,0.09824914954574335,0,3.6871744350885987,2.5661711752103677,7,7,2,1
17,56,48,44.6903805867104,0.00020879391449907912,0,3.787498645514962,3.2819142703041218,5,7,2,1
8,10,0,45.75790133576409,0.094989971559696,1,3.0899633194022393,3.0547154261608065,3,8,3,0
19,5,32,52.31266768064159,0.053130428228476474,0,3.9567771616606486,3.1015022697453105,9,0,3,1
10,99,40,42.75823552659955,0.11605046678197865,0,3.9532729506348754,2.664898772026099,3,2,3,0
20,193,37,52.05043735528346,0.09842717802377966,0,3.5821850652560876,2.8097537910536747,3,0,3,1
19,95,24,43.98443949932955,0.0460808573272968,0,3.2410574243961565,3.960859013545827,8,1,2,1
18,165,89,45.99699660062894,0.07615594102923756,0,3.8719857563357274,3.7161750855858897,6,2,3,1
16,4,35,44.50205695999221,0.02330925297718248,0,3.431977032629036,2.299400484830528,4,4,2,1
9,0,88,51.64001839585049,0.03484193419326753,0,3.752834557446924,3.393538578124062,4,6,2,1
19,51,110,40.798251950961166,0.024252651728020037,0,4.311589241495737,2.569541836926264,6,6,3,1
19,80,13,48.98202466661551,0.09013875759172357,1,3.755024688570245,2.891159324151592,4,8,3,0
18,84,29,53.717850475742736,0.0009859222805427147,0,3.192214350025659,2.345869684152118,3,8,3,1
7,98,11,44.481593023386345,0.048872772745000743,0,2.7802861372123293,2.8440783817221194,9,8,3,1
18,49,15,30.527661509614575,0.10050791979429326,0,3.624043752867528,2.8263288593519347,5,5,3,0
9,7,15,39.38873355515402,0.0850896032857414,0,3.6549256318403,2.4808042928221514,2,4,3,1
19,33,6,42.84260444077728,0.050610529479240246,0,2.941140040457678,2.5972838594179315,1,6,3,1
18,12,89,46.984945872093725,0.07596520183438969,0,2.746024702580608,2.835939864338905,3,4,1,1
19,35,74,51.58282114666264,0.05181574755177137,0,3.4741377395182718,3.2847137595788207,10,2,2,1
18,22,7,44.491581664069116,0.10128090191695616,0,3.142724630335348,2.7920045060485337,10,6,3,0
9,2,6,42.79711001113531,0.0687121923910071,0,4.252440643982703,3.2225639217534563,0,7,2,1
9,160,7,48.32972531057646,0.07591417687018404,0,3.184526888423035,2.057895043883289,0,1,3,1
20,23,20,44.17970098637844,0.11863454798707651,0,3.086700929357684,2.6885966027829626,4,6,3,0
8,112,29,45.13076153064638,0.0924128759599812,1,3.493542868465658,2.724703520243465,5,3,3,0
6,54,2,42.58074185557256,0.0343151393720541,0,3.2431906231752663,3.0769524699153217,3,3,2,1
8,238,1,53.183126522881096,0.09275689521710052,0,3.0562715513587015,3.19274217010714,7,10,3,1
18,58,7,45.94587953682978,0.11141840980420477,1,3.8317319639294336,2.5956565786125947,4,0,3,1
8,78,55,50.89130451942569,0.035409153281555965,0,3.848183958949533,3.3638886502754346,5,3,1,1
7,136,90,46.86910108369676,0.09807592212232419,0,3.8597572488355927,3.346980609445365,3,6,3,1
8,67,27,50.60166163640411,0.028538572269364203,0,3.8529176748348104,3.2615299636237407,0,2,3,1
9,72,8,49.25447406790533,0.05208400860181032,0,4.407121147377992,2.714319354825848,7,5,1,1
9,32,28,49.21832767765683,0.08282075119719846,1,2.8394733758260617,2.3856919563651973,7,5,3,0
10,13,29,47.324984303008755,0.02922330338573067,0,3.300130697613331,3.3936092884319686,5,5,2,1
6,33,14,37.37529074175223,0.022475435538093506,0,3.2424254899520544,3.1011393436907158,9,4,3,1
23,70,33,37.2133981552612,0.05550523898467039,1,3.5767671425938645,3.0269766268544416,3,7,3,0
11,94,20,39.873184380957625,0.09398418387478687,0,2.483671310295616,2.780887289703945,7,5,1,1
17,36,31,50.882856251648036,0.07150358575466274,0,3.608246983118838,2.888530724870801,6,3,2,1
6,57,28,48.25237729478381,0.08414575186720719,0,3.4086075809204877,2.464002630897558,4,3,3,1
21,32,88,43.346259749977946,0.08271325459053983,0,3.841729640866173,3.729828077513039,2,7,3,1
7,54,84,52.29343150801957,0.06533987072488916,0,4.620228048080392,3.085825464027952,7,6,3,1
15,93,10,50.04429795589242,0.03787322107632829,1,3.519978586006877,3.1535950841738654,1,1,3,0
7,6,70,47.63971166287599,0.050605347030057514,0,3.3449864040729813,1.604812208622428,7,4,2,1
19,51,44,48.58867872817569,0.045674456752067036,0,3.476617479506844,2.6171423376080494,2,1,2,1
19,83,29,47.97555352072761,0.009488365474694076,0,3.535214038272977,3.093706054105981,0,9,3,1
7,4,12,38.854358682984106,0.10781547133195073,0,3.509170981127407,2.895602494163605,3,8,2,0
17,83,7,45.24925434045583,0.0770225933240743,1,3.493823007254195,2.7137315452045794,9,5,3,0
7,205,29,47.727319407914976,0.10286267982578462,0,3.7516260569152555,2.9961825570681775,0,10,3,0
17,49,12,44.844046384763196,0.09312725595139251,0,3.9636929920429007,2.6449861605144895,0,5,3,1
6,138,15,41.436394876922606,0.00819543437962083,1,3.4546456558692795,2.9414280751424005,5,7,3,0
7,67,1,36.41218035171072,0.02595684530884891,0,3.5239969917706713,2.708829579176306,0,1,3,1
17,36,2,40.93494910447294,0.11408815661284008,0,3.895096799514566,3.511470821152285,6,0,1,1
7,67,38,49.62784978785231,0.05543166491426081,0,3.9221168000771915,2.7252897443170974,6,5,3,1
18,129,4,47.80540178085961,0.09743283556142204,0,3.985044370912293,2.912324516741701,2,9,1,1
7,155,35,37.0806338141337,0.06905720810521065,1,4.457719473817329,2.770413671631826,4,5,2,0
8,71,5,48.77532522876993,0.09882742594767403,0,4.7259745526735815,3.0019010780241295,8,8,3,1
7,48,4,38.45491906563612,0.08815298550810897,0,4.813785538336977,4.24395991853011,2,4,3,1
7,51,20,44.050375567906755,0.033567773391979354,0,3.476286058304682,3.9744509890956627,6,3,2,1
14,204,19,49.071225236489596,0.11894574441290663,0,3.78249347183945,3.537774188676341,4,10,2,0
16,20,37,43.37789592974547,0.05886251522996604,1,3.4431471995576417,3.290848524955697,4,10,3,0
7,21,44,38.04603793285699,0.07019929834915752,0,3.3462869379334905,2.864465864680252,3,5,3,1
9,25,47,31.93020053328513,0.0648522039659601,0,3.9661809350039094,3.095488327686852,5,5,3,1
6,77,34,40.27127595631946,0.1062218449968821,0,3.340561587685567,3.0294951541198483,2,10,3,0
9,86,85,42.83267825039919,0.033586792993552175,0,3.909410938015736,3.2353304648369927,6,4,3,1
8,40,5,46.98824891831387,0.007405491823707231,0,3.329764771468758,2.604992991619182,1,2,3,1
8,98,21,41.99842892730873,0.051371136322719786,0,2.8833097111622017,2.6247217734274173,9,2,3,1
9,72,15,42.42359135128094,0.1101982584421385,0,3.3936216041621754,2.6814603645774318,8,5,3,0
6,37,112,42.414965611972846,0.05271748934806593,0,3.8829362404178767,2.55677963657806,4,5,3,1
8,85,70,41.442084702138544,0.03330737658485349,0,3.2642709124652316,2.738114119815748,1,6,1,1
17,83,10,54.25873804653848,0.07421951476162833,0,3.6849146044322634,3.3296212337839646,4,7,3,1
8,95,9,46.262925733596376,0.0885057277463895,0,2.9540324188401583,3.0179489849007948,7,9,3,1
18,210,23,40.26024304621072,0.055530804569713516,1,3.032863806437409,3.0332239835233015,3,6,3,0
20,51,27,34.449533729491336,0.04560332226869769,0,4.0608392786722485,3.4039627477092353,0,2,2,1
9,96,7,45.627226630153324,0.04374053118889033,0,3.195181057595112,2.6009634967297406,1,0,3,1
9,35,6,52.27233051318508,0.05055751064813869,0,3.9949186729676094,3.3169539016596734,7,5,3,1
18,25,11,47.55771803161437,0.10112058001416252,0,3.33214038949782,3.7415997005510686,9,4,3,0
9,58,51,57.77576992968205,0.05790725530443292,0,3.409951021175608,3.151113014081208,9,8,3,1
7,63,134,42.115391456644595,0.03772272510738199,0,3.962702211647688,2.471345969114955,8,4,3,1
7,53,72,47.64041275436583,0.021877794118846154,1,4.718504338196222,2.677343489054796,8,7,3,0
7,76,33,37.49765638491323,0.03391393723352067,0,3.296883381608026,2.4888415058491065,10,3,3,1
10,47,75,36.187148134931675,0.05552757607155865,1,4.531406770023277,2.5214078697415534,1,2,3,0
5,47,1,44.091462673028985,0.0657376746004989,0,3.409859933088846,2.888621162591054,5,6,3,1
9,83,44,50.824778211369406,0.07457871618951373,0,3.4330695799416198,2.941439023625029,2,2,2,1
9,84,4,53.414535618228854,0.008565530038245837,0,5.1109459777835,2.378718996167718,2,6,3,1
17,83,15,45.27925705486144,0.07358051193931772,0,3.4672673360692206,2.9977322797760735,4,7,3,1
8,21,3,40.477635401879695,0.042239181157823116,0,3.495258193426629,3.009739238319947,3,3,1,1
17,90,46,33.98349817426103,0.030836374321177987,0,3.881435761807736,3.012898465238286,7,2,1,1
18,8,67,41.985088446708275,0.039727178610961957,1,3.593381040535556,3.6153869378000145,4,1,3,0
5,32,23,44.72566916050305,0.0941358635277696,0,3.7985673650463996,2.6771638553575143,3,4,3,1
17,10,137,42.06344910303201,0.09639456697148437,1,3.3576966606639687,2.1539482730174577,0,2,2,0
7,77,25,35.96953010957081,0.012450951646053187,0,3.4533584699124003,2.994229737261593,3,6,3,1
17,13,49,44.94520424726598,0.05936085694534194,0,3.5948093987667518,3.495647473325051,5,8,3,1
9,55,20,43.19410555912772,0.06353980836172729,0,3.227073690958662,2.042229136743988,6,1,3,1
19,79,45,47.22060740673478,0.0036257119389666134,0,4.379350573812772,2.93515046337486,6,4,3,1
18,78,26,40.8417029614946,0.08604758755834647,0,3.482349273492285,2.9922549195234893,2,4,3,1
10,299,20,43.03800946967004,0.04401528218478264,0,3.8478910292632986,2.657043110150897,4,6,2,1
6,82,43,44.97120820512679,0.0501597267543164,0,4.043345125265406,2.19039472594158,4,6,3,1
19,79,27,46.72846921462619,0.07319140384079915,0,3.7591059321058573,3.8411768244837217,0,4,3,1
18,266,39,42.47662180456442,0.05627285251334354,0,2.915059075042632,2.8803172681202045,9,4,3,1
17,44,2,41.02528806652834,0.08975398856757599,0,4.02068855443636,2.5484566496891228,7,7,3,1
5,120,44,39.34804994752927,0.0715030338104406,0,3.6752258945804916,3.5577200257998363,7,9,3,1
20,144,66,45.24591212309853,0.027124189039761493,0,3.6226247511932486,2.3236543345546137,6,3,2,1
19,88,3,42.91874181464108,0.10445854017618308,0,3.0421806722952853,2.625708498438404,4,10,3,0
11,198,39,53.318895049076914,0.025895133230399797,0,3.805789992911173,2.1935448779040394,2,7,3,1
17,98,116,43.88079924707644,0.08562392977542847,0,2.950119626163747,2.455611527241384,4,6,3,1
10,223,77,45.52512491572857,0.09506511964036464,0,2.811191342893509,2.5802935261320727,1,10,2,1
8,252,7,49.465372491996,0.08259386355956476,0,3.540637782605338,3.186950590127641,8,0,3,1
9,282,0,50.08406313524406,0.050616540106157334,0,3.686675531228756,3.4597413171201863,2,1,3,1
17,53,40,42.60542327477869,0.10535435668466148,0,3.1457373753646625,3.4860778304452253,2,5,3,0
17,91,75,54.23397872071661,0.0393239657769101,1,3.2681496157048655,2.814591132997969,0,6,3,0
18,82,7,55.48091814815349,0.08244915175675639,0,4.067224700928323,3.5566684146431045,4,0,3,1
11,66,25,43.14423586762075,0.10531956726416924,1,4.100149213166574,2.3526863501311723,7,8,3,1
7,21,1,44.8472690571252,0.01865135118122296,0,3.739597645451225,3.6987459943512926,1,4,2,1
18,272,20,46.404512815708195,0.07831622542060308,0,3.977836195623032,2.9593961802730298,5,6,2,1
15,71,82,40.96371117997753,0.10811510814952935,0,3.965673581023575,3.4578656138970847,10,2,2,0
8,71,139,44.529510275405904,0.012369752129498259,0,2.952687544185051,3.1882557023066282,4,7,3,1
10,72,19,39.86479288393861,0.017490390710310763,1,3.58704572405659,3.0432766545115575,8,6,3,0
8,74,3,44.486813340686304,0.045390674572781176,0,3.43483510076756,3.486420566646444,8,3,3,1
8,156,20,44.02774014083,0.11931729207159286,1,3.6508416378618986,2.7753288197676427,7,0,3,1
7,54,18,46.68615239843021,0.026872294232019468,0,2.5241663042946536,3.4873797124522805,3,7,3,1
17,97,41,47.44835258768524,0.03896642930495869,0,3.5842453292732483,2.864481381848141,8,2,3,1
17,64,37,44.5716338377926,0.10021160725394695,0,3.8608488242759997,4.507772823563226,10,10,3,0
9,31,19,51.282470909111694,0.01568920289746087,0,3.177122864837361,2.3856704599926095,2,0,2,1
19,66,89,40.10754144565862,0.11954476551841645,0,3.6320637776351163,3.241421364802416,5,2,3,0
12,63,20,42.90218092085638,0.08866339966952948,0,4.1633247606913635,3.1622249945529557,6,1,3,1
7,193,22,41.329308268725775,0.11510044259324785,0,2.7627292129211445,3.4465041450768594,6,0,3,0
17,87,6,52.413530526291275,0.01732775934512674,0,3.332925048267939,2.5841064190329406,4,2,3,1
5,90,17,43.91293045378473,0.02789247933660977,0,3.4924227630184275,2.7884917063096686,5,5,3,1
8,69,47,43.97311582659266,0.044492980375338526,0,2.691275340609976,2.501103314305282,0,2,3,1
10,25,6,51.40638332389968,0.006121362208300205,0,3.7108628379992683,3.204635254807725,0,3,2,1
19,45,22,37.25948359765093,0.007282997305551686,1,3.0734619855189176,3.687791634157315,10,5,3,0
20,100,111,39.76900109900847,0.10845857054645829,0,2.630131586842825,2.9643898337522847,5,4,2,0
9,90,47,44.26123327194692,0.0051297915431243535,0,3.537795582443675,3.4055031012981782,2,7,2,1
8,55,37,42.08995289055079,0.08999516389790002,0,4.845935626577747,4.45475642667129,2,9,2,1
8,288,53,49.32043605613775,0.08611708012385035,0,2.9742288637697403,3.0102660000906014,7,4,3,1
17,10,44,37.81424513741072,0.008737752981991255,0,3.864901371660689,1.823889828324372,7,0,2,1
6,55,23,47.90124121964604,0.022516291811778485,0,3.3183383326632394,3.1031770879298293,7,1,3,1
9,60,33,39.98244771776528,0.05457807668931906,0,4.162657042863849,3.548958226260925,2,2,3,1
19,37,145,46.286967777967746,0.07699886236475367,0,3.4920735370600027,2.5079736740495364,9,1,3,1
8,43,48,49.39969879077577,0.10749922181537871,0,2.685860168182138,2.653789778949233,0,6,2,0
20,47,39,54.350933360053844,0.06321982752091823,0,4.333450057016249,2.5248555226041383,4,8,3,1
7,80,37,37.48648833340735,0.11236401289589024,0,3.5918890359032543,3.277556497333617,8,2,3,0