accident_hours,rainfall,wind_speed,driving_speeds,alcohol_levels,traffic_violations,lane_widths,road_conditions,mental_states,riding_skills,accident_types,falses
8,132,36,45.51237851383334,0.022830658631510452,0,3.195380678161385,2.664476956797464,2,7,3,1
7,37,27,49.75918805177131,0.07473360229997168,1,3.995842142505754,3.7963043845162825,2,9,3,0
17,119,15,45.34945862905044,0.10135685220172042,1,3.6405855157123552,3.4408953920107233,0,9,3,1
11,13,101,46.904057899880314,0.027998958405359722,0,3.5831689006570766,3.966984640281448,5,2,3,1
9,67,16,41.497667773518515,0.09462544067466605,0,2.5115872624409894,3.2198816996830995,10,3,3,1
7,226,38,43.37349058458198,0.04803470726012043,0,2.803209206456641,3.4830904139540664,5,3,3,1
8,150,43,41.11790943617732,0.11995490093277589,1,3.6610498721834857,3.400625594893973,10,0,3,1
6,21,2,48.034112190190044,0.010986174301599556,0,3.2374494805044938,2.635206394888586,2,9,3,1
11,17,43,54.26039253101604,0.0663926770343789,0,4.116993874159772,3.4494787388671435,4,0,3,1
18,243,71,45.786033773680224,0.09396419890111112,0,2.743282175098182,3.402494241819562,10,4,3,1
10,76,35,45.3024038511974,0.08114359708845466,0,3.2444130170977217,2.5321233654826725,8,5,3,1
18,36,17,34.30314496394371,0.06067019142382421,0,3.5198361243258898,2.02983744232869,6,6,3,1
7,29,37,44.65210068790515,0.06157307748575495,0,3.5372512086385344,3.0299097679757785,0,5,3,1
10,36,29,47.83775017153798,0.04865154679074278,1,3.9351232518767105,3.1158628057533435,1,10,2,0
8,12,37,36.736449815593105,0.041076051019041916,0,4.070622039494769,2.481220287179817,4,3,3,1
6,13,9,45.81035049467372,0.07123998537789814,0,3.4468501158805647,3.2168575810143873,8,10,3,1
16,86,41,44.92393255664097,0.08980409482114939,1,3.285856615974114,3.1446773888068495,8,6,3,0
9,59,2,34.95983629675365,0.03351246459538224,1,3.1957230322413257,3.2074706405661084,9,9,3,0
18,274,37,47.088586140490555,0.11359426703696002,0,4.055061130058269,2.6468882380358254,4,4,3,0
9,60,45,42.87934653150321,0.04377820786622084,0,3.899001899033741,3.164881177675634,6,6,2,1
16,91,22,45.63188903471195,0.05207696520973789,0,3.0066772757925855,3.2970643141906155,3,10,3,1
8,89,46,46.5938427772236,0.04933680386397729,0,3.4532791763182478,3.639043045911719,5,0,1,1
16,83,91,41.20961863074493,0.013360773056039922,0,3.5150639622383255,2.180456929329599,6,2,3,1
17,13,40,46.72173356966819,0.01390932892766194,0,3.4848163355851782,4.607262261313445,5,0,1,1
9,124,33,42.460928582199465,0.09543251322392893,0,3.955812346295971,3.7128484610603363,2,4,3,1
18,52,2,45.69415404544976,0.04575879880662648,0,3.34228154063049,3.148010088655822,3,7,2,1
11,46,19,41.761055618973046,0.025918511490409888,1,4.015822569595504,3.221765922145247,6,10,3,0
8,39,42,50.399543366328075,0.0849240524730487,1,3.046166790287964,2.2140383011691913,6,4,3,0
8,59,27,48.44685452006441,0.11516888622109431,0,3.350325101893527,2.873469527023939,4,8,3,0
7,57,13,43.28673022221772,0.11241628835203808,0,3.302531937785119,3.484482055204793,0,8,2,0
21,95,75,48.51934970019193,0.08680884790282951,0,3.402778684443917,2.835349980914447,4,7,3,1
7,208,28,42.91580998921839,0.022994699890178865,0,4.00555948883871,2.711506350576005,6,9,2,1
7,8,23,46.089464948814765,0.01849112930831084,0,3.994677687687193,2.9929063934218956,2,3,2,1
19,87,19,40.76074295922593,0.10452077617391328,0,4.068328542227756,3.156190403126844,0,10,3,0
8,59,5,49.82060365303963,0.11553771148787634,0,2.9759329500995273,2.703049852251914,5,5,3,0
19,79,33,44.39591672956403,0.07467824465033387,0,3.092981768317772,3.080296350442361,4,4,3,1
18,54,24,41.62755094301891,0.10815055327566067,0,2.9495547206264767,3.2040194850955954,7,3,3,0
8,49,78,46.14569972865414,0.09778679344475186,0,3.807498524537583,2.61238840106306,1,5,2,1
7,19,29,36.29608825417852,0.018481533493282146,0,3.8947560268406582,2.4933824389361923,5,10,2,1
18,11,19,39.950737254399876,0.02675635885738751,1,3.312586037849795,3.070246763463192,9,10,3,0
6,7,38,43.52772893775117,0.0081311022684489,0,3.632561368066514,3.0154376061051233,10,7,3,1
10,5,4,45.63111267579698,0.056886829351978564,1,3.2984402088219418,2.6765151186925205,9,10,3,0
19,31,43,45.582683881990675,0.03887378462353693,0,3.12370828825967,3.1188838889732753,8,4,1,1
10,77,38,42.29363992652743,0.05112552300282074,1,3.5257217406515924,3.2712603165652183,10,10,3,0
17,87,73,47.92596000050073,0.0010396742809933722,1,3.0207391010187123,2.583334863257899,10,8,3,0
18,88,20,38.84471270083535,0.0865492817211172,0,2.4409883002568833,2.8635600625625837,3,8,3,1
16,78,36,43.66026266278473,0.024068602317462266,0,3.7151454253848124,3.0784377710635824,5,5,2,1
10,20,50,50.317407504816394,0.04419190916366699,0,3.0632258364667346,3.6265153641040957,7,7,3,1
17,75,9,47.880385558375565,0.04828509488054087,0,3.406966566486501,3.15328511454933,5,0,3,1
18,28,22,51.37049506678923,0.007949321770485839,0,2.922652339967042,3.3025007399530293,9,2,3,1
16,64,54,56.26494286881254,0.04386177232430617,1,3.9391829521708916,2.5451966386766585,10,7,3,0
16,61,19,41.937513673909535,0.10798162771257593,0,3.852645757479813,3.882153242661504,5,0,3,0
11,196,136,46.7036687064872,0.10718441585485862,0,3.8607454742743794,2.5014910310844143,3,9,3,0
7,186,89,40.94407871996232,0.002950789260246913,0,2.8151396553136134,3.3482772738288182,4,2,3,1
9,59,107,39.50688858956546,0.003574768512117563,0,4.523457623571851,3.0476173281937062,7,4,3,1
8,78,31,47.158480834688866,0.0712758812667432,0,3.634458894414385,2.7853775435892656,7,9,3,1
9,204,3,45.14739293167531,0.024578757170461114,0,3.711232685260745,2.744497570974192,4,8,3,1
8,94,5,43.00085055233904,0.10782135734863513,0,2.766622768269892,3.276753597503389,9,4,3,0
9,83,0,47.868954599658004,0.057942505642315005,0,3.556052216400056,2.554965040216259,1,0,1,1
10,66,79,43.186553087125226,0.03909516095033353,0,3.4930796469328342,2.8306347430692793,0,10,2,1
7,22,56,37.47546272503025,0.1143932303121136,0,2.7762979865642663,2.3698073822112597,10,0,3,0
17,1,6,48.38821363841094,0.03815137583672156,1,3.169505249634353,2.829961635259547,10,8,3,0
18,67,1,41.573344147758434,0.038499423673112584,0,4.2788504169962485,3.295639110779673,3,4,2,1
19,39,101,48.75349057773986,0.015971656612600617,1,3.144548339943437,3.055964509447544,10,3,3,0
19,69,13,46.80355157158378,0.02667024695339522,0,3.4199355820814623,2.409982939585963,3,2,2,1
18,55,2,31.861973967734425,0.09125888281218687,0,3.2056109034192306,2.973724675789531,5,8,2,1
8,58,24,43.529504355053476,0.09116949557847477,1,3.7499671041024203,4.080403707873968,5,4,3,0
9,24,4,40.28105995701226,0.04639186514036257,0,3.933692570764363,2.3179463020873516,6,2,3,1
19,141,46,49.6382864909755,0.041925015082944106,0,3.9277202240906615,3.103176391777115,5,3,3,1
9,288,130,42.158455458572526,0.050207354804340715,0,3.5333372772443354,3.495936640628418,9,9,3,1
17,37,49,49.24936160956967,0.03610042616968034,0,4.066573589970467,2.360460471491826,6,2,3,1
17,40,10,45.32473024208094,0.07293531875705363,0,3.079102251485826,2.74005614376777,0,6,2,1
8,121,49,42.118559641882456,0.10038989619580603,0,3.3983014428178717,3.572443232872935,1,5,3,0
17,14,10,47.50615567358572,0.0011248333867774373,0,3.353478634245291,2.5444117804157114,10,1,2,1
19,59,62,49.42067125451079,0.1123208486045747,0,4.091529063960634,3.315455381370804,0,9,3,0
20,32,97,39.09088802634537,0.01415440540490915,0,2.493306228455714,3.3522749927668305,8,5,3,1
10,64,47,37.34967759276813,0.10796473481848187,0,2.753739112544096,2.6234166300086588,10,10,2,0
9,39,47,44.609044347716214,0.0280268759644728,0,2.7369903015934893,3.002383967112333,0,3,3,1
19,79,16,42.981070370379506,0.1100439110453796,0,3.438633636605904,4.130335638731237,9,9,3,0
16,59,17,47.405969874413536,0.09447973010924292,1,3.348368499278873,2.7322878037754212,7,4,3,0
20,191,28,48.956641618194546,0.03230031989415973,0,2.631106387528383,3.6742048914917986,0,5,2,1
6,10,101,36.6881550721499,0.0033931573992945106,0,3.8757982339327754,3.3375652730906844,6,8,3,1
10,97,8,43.124889342637815,0.08590118495247007,1,3.9164820646617278,3.0475367389444075,10,3,3,0
17,35,31,37.20503801320939,0.09861152938104784,0,3.566930711097478,3.1366366366555516,4,5,3,1
19,62,40,38.211834163032854,0.08157169066886177,0,2.8284285514573257,3.4972534375623563,8,10,3,1
11,63,2,36.59855379753189,0.04579995690793033,0,4.817275953860583,2.682254324082323,3,10,3,1
9,95,135,43.09585229019576,0.01528705751692545,0,3.914904331174566,2.985578590264821,4,5,3,1
9,6,21,37.09063795421686,0.04164584664610854,0,4.0690805462954405,1.814782745704712,7,8,3,1
15,62,8,41.66772753698391,0.03223007616990335,0,3.016532032027219,4.039513898093061,0,3,3,1
10,72,34,40.663850772922444,0.08677076497904537,0,3.0296994813399625,2.9232055382172195,7,1,1,1
6,3,32,43.28573971787355,0.019123310039960283,0,2.8963960457901017,3.34774589638851,2,8,3,1
9,22,120,44.993384738893404,0.09834511030929996,0,3.2822543398614106,3.3664164285904157,9,7,3,1
7,56,43,44.60575705624666,0.07343310186349142,0,3.3022283090906117,3.107493690724227,6,3,3,1
9,60,42,38.86902256538172,0.057908240523840325,0,3.3704582549675677,2.7568539733867445,3,10,3,1
7,59,37,44.80594184016112,0.04322785686601561,0,3.965885971490205,2.4022781961341777,7,1,3,1
15,55,47,42.87666515593984,0.06089923921753377,0,3.9016309054680933,2.3048690059653203,10,2,3,1
9,29,24,47.292028195749644,0.06481786957732469,0,3.8969266794349373,2.5652972352405072,5,5,3,1
17,192,26,41.66402731833928,0.02843818899490788,0,4.121826550371443,3.2048082420818793,9,9,3,1
9,54,16,47.91010408061783,0.11865054748123395,0,3.635156790359952,3.4104663113597495,10,8,3,0
19,164,98,40.11543130397074,0.10914571898502122,0,4.472540998701439,2.849086340409974,4,9,3,0
8,36,47,40.356919763577466,0.046895755231066254,0,3.5552859136761676,3.035301312068683,9,8,2,1
16,70,3,44.45192002488522,0.03048259015893901,0,3.728981954701307,2.979075356692525,8,5,3,1
18,15,25,36.377491619671574,0.036845445430061755,0,3.0407023994134805,2.6113948506914237,5,6,3,1
7,32,29,40.59563112936813,0.11762013636526888,0,3.1046490398589217,3.3217793814747347,0,10,3,0
17,41,22,50.726838742072154,0.048847746389081306,0,3.651255764443474,3.433560379672598,8,4,2,1
21,36,0,48.33090341590651,0.10943161203136917,0,3.466173471718976,1.6696507923818735,0,3,3,0
7,70,71,43.07234150019741,0.00708284218899383,0,4.24381801354327,3.613645087096279,10,0,3,1
9,163,138,56.75384114153979,0.09321556192709901,0,2.99326831589114,2.661017598999149,4,4,2,1
7,71,36,44.16420049251409,0.0914551123315456,0,2.8643056608467603,3.51474675886875,0,5,1,1
6,95,23,45.76045683497187,0.07811839191750962,0,3.649233116291961,3.192319498038605,2,2,3,1
18,14,37,52.24156847481525,0.014534190968854247,0,3.2370052906636517,3.1073068056383493,2,4,2,1
9,91,53,46.623915858853174,0.1177679132324692,0,3.4802573314370795,2.8138354488128856,9,4,2,0
17,25,37,43.42529872643042,0.025533547661902658,0,3.700657156182324,2.3518817241537415,0,8,2,1
7,137,16,48.47665007541679,0.08516544966877472,1,3.6934351013579976,2.297418872993221,1,1,2,0
14,52,20,48.05046955688781,0.09017714366335548,0,3.2442117664166457,2.005488237701792,3,0,3,1
5,29,36,41.35773248430143,0.09119027020025776,0,3.255559837775441,3.063901574553203,1,10,3,1
7,146,76,43.92231185416003,0.09912060119782204,0,3.997353653062331,2.8712679641003263,2,2,3,1
9,26,12,45.69305527571916,0.11869488969977499,0,3.5198456782771155,3.4780010332056186,2,4,3,0
8,77,111,45.727606556113365,0.011518812304032221,0,3.7548878127348857,3.163395604905789,1,7,3,1
7,74,27,40.683214117138284,0.056662697702983794,0,3.4625326554366893,3.025054812589179,6,7,3,1
4,28,39,46.488379052159964,0.11698086431218631,0,3.387140388783735,2.6391256326639034,0,8,2,0
6,25,97,43.18705885601111,0.10585023763413487,0,3.149479813388278,3.3068450732083448,3,0,3,0
9,70,15,47.36938821402667,0.11887444597723174,1,3.8094667847399974,2.485843513367054,7,10,3,1
7,44,23,49.433831355635284,0.06989214668828465,0,3.6505658359209887,2.9413200429365642,3,7,3,1
12,91,20,40.91888769938125,0.0807419237697479,0,3.0128323233983387,3.748920656819241,3,7,3,1
20,9,19,43.16740023572652,0.03165640251117377,0,3.9323024205891968,3.237429622680918,8,7,2,1
17,12,92,45.92996545711184,0.054999621023207296,0,2.734793934510016,2.3649991214362807,8,1,1,1
7,61,40,48.659430900986095,0.0025138564384692727,0,4.036639504329678,2.8278514475752083,8,10,3,1
18,8,13,42.14280861894696,0.08636649551116753,1,3.134876633686257,2.5076119418058154,3,1,3,0
6,286,9,45.17443368896287,0.1111052852622707,1,3.621622585426878,3.2849663842256773,5,4,3,1
11,48,83,53.06778226697055,0.013457914543865935,0,3.4803879844715895,3.0742245568489897,9,8,3,1
8,42,22,49.11191242100961,0.05452535104755912,0,2.9944473196860715,3.586557249129156,4,0,3,1
19,9,46,43.76122501582842,0.0747800817190639,0,3.3208570159258666,3.717074789056346,2,4,3,1
16,12,14,54.341235239575234,0.07586138815261362,0,4.18476549357848,2.607850306238937,0,5,3,1
18,76,49,47.34813513728732,0.03678379949582966,0,3.904694619054372,3.2666587632420563,6,4,3,1
19,159,36,53.714738044647895,0.002374159160197333,0,4.122035222310036,2.557300602120677,2,6,1,1
6,6,70,50.61104065632752,0.10653782535420203,0,3.106720309245396,3.4054789314358063,7,1,1,1
5,224,20,59.28732031583222,0.011013247797121841,0,3.146791493273392,3.2402942636722756,0,1,3,1
6,50,7,52.38351183086254,0.02132156840042833,0,3.361014281187768,3.148746623229401,4,6,3,1
7,14,45,42.738842108612964,0.11553447213016409,0,3.4761564086256262,2.8570473565970897,3,4,3,0
10,80,37,49.03519038951505,0.06004479239172997,0,3.0759097738582666,3.004167234661402,3,2,2,1
8,81,17,40.50371337234073,0.10488443179994061,0,3.511621392209217,2.1600512601741206,10,10,3,0
9,242,62,49.59252607014403,0.10763346651140514,0,3.6761226560516476,3.539410669919034,1,2,3,0
18,98,25,53.5146188953874,0.11873319436192986,1,4.060560411195544,1.9065477412468745,0,2,2,1
21,87,31,40.847478104260894,0.004884167127055936,0,3.5497110146752218,3.671764420360736,0,9,3,1
9,6,0,48.69853902308089,0.0063600230300987805,0,3.697001469986916,2.3652696273439515,1,6,1,1
23,8,14,48.211352834185135,0.022886649933246326,0,3.10273773262697,3.556378239463098,9,6,3,1
18,87,148,48.362473833668396,0.07876779611605011,0,2.7044614921597514,2.7956894809457906,1,3,2,1
9,249,33,39.08869793154938,0.0314359081601648,0,4.07625902485176,2.9455882371040794,6,5,2,1
8,90,45,42.64048643741648,0.05947499892397871,0,3.551241825033912,2.8335981311602514,6,0,3,1
9,14,7,46.61501223199983,0.09436289593077125,0,3.9753700085601924,2.496097707120101,8,8,3,1
7,84,45,43.17420912446679,0.02229501607984102,0,3.30483174068999,2.5766791429944793,1,2,3,1
20,192,42,40.18805231759807,0.03430614738460502,0,2.922967656043667,4.040197266088663,1,6,2,1
17,86,112,49.821394462170474,0.08730307678495082,0,2.7995008485804362,2.411280677587964,3,10,2,1
8,45,33,41.78291824647615,0.0009223046514219746,0,3.0650115795210193,3.2635235539596534,1,1,3,1
18,7,63,44.84100694199614,0.09088565231633636,0,3.0238446764620392,2.6513430327039393,2,8,2,1
8,156,23,56.196063865209005,0.08115337977435867,0,3.75542432167443,3.452633638193009,6,10,3,1
6,31,4,50.15154549803661,0.015550328055230666,0,3.44660500982017,3.0156787916377454,4,6,3,1
17,23,42,45.22893987301177,0.02926298070507278,0,3.976480847765105,3.349786113119116,3,5,1,1
8,13,35,47.00449582026692,0.001848517610335576,0,3.3625061148558832,3.221827884774017,3,1,2,1
9,216,3,46.44504301178078,0.06976958953327891,0,4.185882235748579,2.6118078126779745,2,2,3,1
8,92,21,37.725377277677154,0.04765120290551581,0,3.816084324359944,2.7873987575055263,4,2,3,1
11,50,0,46.70093329728119,0.05081197989543013,0,3.473599922842652,2.909172110733256,4,2,3,1
9,9,21,50.721050756826166,0.012382193090068263,0,3.165545573725412,2.7700413849971213,9,5,3,1
17,73,70,44.6052465617454,0.0422771088947571,0,4.266576379201951,2.5139040806668222,7,10,3,1
8,96,7,48.74211657935395,0.110279785894472,0,3.290484702615589,3.6214441168486236,6,1,2,0
18,64,25,47.62471094919016,0.0077683579200942664,0,3.8328511372139156,3.2407387061902466,2,9,3,1
9,73,11,48.26712457350598,0.1169949751027278,0,3.9123140133398393,2.813662990926601,3,0,3,0
9,13,21,39.73184534751945,0.10176115665818854,0,4.152186384538047,2.475383202013224,9,3,3,0
6,279,24,47.032937572642794,0.024358786792281893,0,3.048923291350795,2.907693503151768,6,2,3,1
8,200,7,53.60413111562546,0.08465062788069191,0,4.720543420334842,2.2661842490308497,1,10,3,1
4,211,6,44.88029769176287,0.010913587199196696,0,4.414883615046649,3.219303671721554,7,2,3,1
8,38,96,43.69814485100912,0.01915988731468241,0,3.7735322232103288,2.7751063537387566,0,8,3,1
19,1,43,49.13047566018173,0.05855534305405718,0,2.806116482436244,2.7394111779914256,9,7,3,1
18,287,4,49.64743705416244,0.04805472808835227,0,3.9142160611775814,3.593956109788296,5,7,3,1
6,82,84,51.09643749726839,0.09780344690647506,1,3.9257902229503703,2.724461769519304,10,0,3,0
18,8,10,44.42710077781054,0.11271059618659618,0,2.848113023667777,3.8235005873541117,2,1,2,0
18,63,32,47.67985436169401,0.11313784876275519,0,3.4197993460623475,2.5024169143709427,1,6,3,0
16,72,40,54.7003765203353,0.01764034916181064,0,4.091934381035788,2.523102659726971,5,7,3,1
17,39,64,40.95756982533872,0.08234736969477213,1,2.412111989036626,2.843129922030211,5,1,2,0
18,235,21,38.07919218530162,0.06849443199493141,0,3.686614460528222,2.9968695683991657,8,0,1,1
6,131,72,48.9409106400897,0.04442763849426878,0,3.6462323669637127,2.599891564200068,6,1,3,1
15,20,4,47.14827005078631,0.11937942145714223,0,2.9443394994249648,3.7630221760199953,4,4,3,0
16,17,43,42.94070924425817,0.05472541669675709,0,3.7818496045467542,3.1793933201363647,2,0,3,1
9,40,5,41.7747491643811,0.07983976128228146,0,3.522118919117706,2.52046249436818,9,7,2,1
17,64,30,44.616751083631414,0.06034100453173599,0,3.494496961868171,2.7571179669909096,3,10,3,1
9,85,27,50.06593764156645,0.012348472448497535,0,3.6885687565587455,3.1611919011756893,2,10,3,1
8,116,37,49.74205898962623,0.01693202840620848,0,3.447877135735005,2.8809203403129384,2,4,1,1
6,71,28,46.12402340278418,0.09001719129525569,1,3.4109869760699634,2.577163898186365,5,3,3,0
7,54,16,42.62100786488241,0.09620206312729676,0,3.300087643391485,3.495477245586051,0,2,3,1
18,243,5,32.44564457835956,0.04365817369980856,0,3.5946552283179467,3.913982639246372,8,5,3,1
11,63,29,47.253394548029576,0.008035098139964836,0,3.1248168138780605,2.973448864437241,8,6,3,1
19,27,4,48.35039231306898,0.11484065113327145,0,4.542564826319738,3.2058460920078655,9,4,3,0
16,26,49,44.28314404785772,0.05964868762362722,0,3.0265718100311614,3.6175437371845116,8,5,2,1
11,118,20,56.66325993041165,0.016097798996628557,1,3.7674300433762813,2.641593968000622,0,0,3,0
18,21,34,41.30077599918561,0.0238151770174051,0,2.9879020070096205,3.8914109357536533,5,3,2,1
17,75,3,52.395286509432374,0.005443222231531117,0,5.168496913706315,2.403597055404928,1,8,2,1
8,86,116,48.81291275849247,0.08518270597863072,0,3.13495963100025,3.2200814202370434,1,8,3,1
10,4,44,44.0854751488791,0.08449129099060139,0,4.422871846177435,2.633445750691644,0,2,2,1
17,196,71,36.99699121292573,0.0723005283521566,0,3.210556942328702,2.402085434611423,0,5,2,1
17,38,18,51.95830912510276,0.06555603393148085,0,3.912641335765847,2.67771655222274,3,3,3,1
17,69,38,45.27965571435078,0.045778906640036386,1,3.508521361625125,2.7982585626275154,0,6,3,0
21,74,48,54.020865366429476,0.11407603076178534,0,3.671034691982556,2.696005761633634,4,3,3,0
18,37,46,45.33960863063985,0.09606254772308308,1,3.70657595044769,3.483648506162009,1,5,2,0
17,115,8,52.260496613673574,0.10891460786098064,0,3.8663026487823977,3.012826491508133,8,0,2,0
17,96,11,37.86298734574154,0.03739911526754807,0,3.8007740366385123,3.3410145773550393,4,10,2,1
9,19,17,38.27673407893737,0.11739404249372773,1,3.432339294927732,3.339884934844675,6,10,3,1
8,8,37,42.986948824859354,0.01984203582005195,0,3.553986354606313,2.93069548959919,5,3,2,1
19,113,48,34.163673713998456,0.006752703934929202,0,3.5632362454202156,2.387989659335515,4,10,2,1
17,72,83,46.57689581636168,0.038380854975395194,0,3.5102153823527162,3.4159193012009794,5,7,2,1
7,7,36,41.19808293399958,0.024154429499191776,0,3.434425572287605,2.5787629816877486,3,2,3,1
10,190,19,48.755361186778586,0.06210282289728268,0,3.743858766030262,3.7697841542205532,1,6,3,1
11,211,70,35.32053487448586,0.04202391169436327,0,3.335949694600376,3.509407015458908,9,4,2,1
18,13,140,50.76137492209802,0.02060953337564569,1,3.993673372244591,2.990490317871346,8,9,3,0
10,77,43,45.4277966531122,0.10131099821954714,0,4.1690546613203745,1.8119598396597139,2,5,3,0
20,43,3,49.54505611145489,0.060956462540199166,1,3.3586403923103223,3.152499467051108,0,10,2,0
7,50,114,44.13949355043519,0.013143592604858742,0,3.7798543291575633,3.9963456343713126,5,4,1,1
17,168,1,36.66657978092008,0.009039974827168864,1,3.3379223551112176,2.8959875881613883,0,5,2,0
6,35,3,51.60554448885821,0.04598165413310607,0,3.173453973508312,2.6793605748778706,7,3,3,1
18,83,9,48.744969965776576,0.10895794910628198,0,3.2118752308431437,3.00071643832354,3,2,2,0
5,36,8,49.79922972924463,0.060959987951420214,0,3.131340290686476,3.2436331167060795,6,8,2,1
4,78,23,45.62747824559866,0.016696246919440414,0,2.743555242696032,3.461552224684324,4,6,2,1
10,58,79,54.18915462168021,0.02959587312280504,0,4.623187813730653,2.8939174444015507,0,6,2,1
8,95,97,57.60311414195928,0.005937586322082558,0,3.4737832309849237,2.5851757935159507,10,8,3,1
20,11,13,51.8816539985209,0.09982083414108127,0,3.654676522534085,3.9232352597577047,0,7,3,1
18,22,6,37.927245273365884,0.11352627264746501,0,3.222327269822375,2.1465764335285367,10,9,3,0
18,1,27,46.2673714175838,0.009337657003980903,0,3.341646440556175,3.4957201309158346,7,3,2,1
10,124,3,41.65764129596131,0.02075771877660859,0,2.883389203810127,3.314835534555435,5,5,2,1
7,63,67,38.25521077078614,0.020528268369496217,0,3.9019689479613144,3.4407564809676106,9,4,2,1
7,11,20,44.390503716831994,0.09644474450679724,1,3.2539276230970375,2.6530208267646676,0,8,3,0
7,3,83,50.7610090441015,0.10071267618274,0,4.457492013691557,2.490397959823973,1,4,3,0
9,85,35,42.83586153097561,0.050312842654870855,0,3.267717623722698,3.074454557618877,6,4,3,1
16,12,1,42.11408343290656,0.11631963778216284,0,3.7106547723087955,2.5778310040792145,5,7,3,0
17,66,24,43.47796979775099,0.031137211088952413,0,2.986707337307867,2.511899906603742,5,7,3,1
16,38,103,55.43791131015505,0.06301442559360682,0,3.5143115091528507,2.720835101065115,9,0,1,1
18,93,44,47.63340159640683,0.11955461753619673,0,2.6198057606100558,2.9824624915754567,7,4,2,0
10,97,29,41.462263597577575,0.09925246040623774,0,2.9467023910304357,3.367655291350578,3,6,3,1
7,65,21,53.74627514847809,0.05846215950868042,0,4.163651570045198,2.4644256587382287,6,3,3,1
8,3,47,45.661679281089484,0.013023072249495183,0,4.243126465994881,3.914653314283359,7,4,3,1
18,159,26,40.80825247737182,0.10852224336275149,0,3.5683881110041815,1.5663148770685262,2,7,3,0
15,205,2,42.55856547273302,0.06505509769228417,0,3.5350236135954156,3.3739636036795906,0,6,2,1
9,17,96,40.91432414084358,0.037001695074074796,0,3.958344390395366,3.5515319411136965,5,2,3,1
18,4,14,44.350272684084516,0.05414625193538008,0,3.642264071404838,3.6264906516827833,7,7,3,1
9,71,23,44.68646526145782,0.0373113867302676,0,3.1312257495486002,2.890895299573205,9,10,3,1
5,35,75,45.99806906226677,0.06612665889237324,0,3.8941854554480124,2.793375319415845,6,7,3,1
17,28,99,42.33509950513601,0.03275229567854823,1,3.8123607335243817,3.9319518226641548,6,4,3,0
8,59,1,48.08837573487426,0.053518027323280974,0,4.213270170888846,2.058431122922507,5,10,3,1
17,10,43,53.022576634936925,0.0511512315661539,0,4.07951225181715,2.707694951408754,10,0,3,1
8,123,49,42.06986688776462,0.073928304423465,0,2.5983315156528297,2.499203092993264,9,4,3,1
11,82,43,51.481931059737626,0.0016999222838495242,0,3.041006704760997,3.4699549153742417,5,1,3,1
18,26,46,46.02023300548827,0.0718501439216477,0,4.883513143354507,3.00501059034442,7,9,3,1
15,199,33,44.24380032814749,0.07117365313980901,0,3.319675095234575,2.2346690184940483,7,0,3,1
8,50,2,48.70897940070914,0.04707459377734648,0,3.492092914308703,2.5831443415800193,2,9,2,1
8,24,39,47.50561484779171,0.02962792686255819,0,3.4695480187898182,2.790052874536998,2,1,3,1
18,182,38,48.23470435277675,0.1007101593006242,0,3.3420287182019157,3.2761483287030093,10,1,3,0
17,130,18,41.55610499119171,0.041374010599544535,0,4.517473704607278,2.2710666944869313,8,7,3,1
18,167,26,40.00623387138554,0.037407530888354135,0,3.5879534102510973,3.880418662570869,8,3,3,1
17,11,34,34.459556525957325,0.05558003576568871,0,3.017844168369169,3.138539519109629,10,9,3,1
17,8,130,47.05569649775202,0.03335878299643981,0,3.3602286454692734,3.3019500957656978,7,6,3,1
7,42,18,40.468991393074276,0.09969160109742269,0,4.011500482560071,3.1602001954288568,8,1,2,1
18,74,7,42.14017148131045,0.0677937711010809,0,3.1180864447419685,3.3871859283368018,3,6,3,1
7,69,45,44.511955547332526,0.09052549359665243,0,3.8511075869317177,1.9948386868817767,5,9,3,1
18,55,1,38.85353042880331,0.08944587176932457,0,3.2167315445839186,3.7496736025136888,4,9,2,1
18,64,94,52.24618553773643,0.09458487719970499,0,3.430234651925161,3.6475614443063673,3,3,3,1
17,31,8,43.625129999918855,0.10430470193120396,0,4.193495687039097,3.253438494012984,8,6,3,0
20,87,30,47.74652283530219,0.11033567547934002,1,3.9182627147556155,3.9704816951316864,4,4,3,1
10,26,28,49.433390096476145,0.04603308739511975,0,3.819485791463731,2.5185640489218466,10,2,3,1
19,39,36,36.05432567726537,0.053246101351918214,0,3.035057145178261,2.5526269469324956,4,1,3,1
9,34,20,43.230514145858955,0.006007067411933859,0,4.0619061216772545,2.937318195740475,4,9,3,1
20,14,46,49.242298525280816,0.11108476531323665,0,3.0399339046939398,2.6439017369598856,9,8,3,0
18,82,107,40.04948632395494,0.07045742515253868,0,3.431713098153647,3.0504221667368157,0,0,3,1
17,195,5,46.6340703258748,0.08547773739717002,0,3.6269702075542147,3.567475636641984,5,0,3,1
20,73,33,40.593738416456446,0.05232063056847601,1,4.204424205025165,3.162490243024056,2,10,3,0
17,187,9,47.04431122428476,0.05686175033904285,0,3.6975519664529783,3.1558996479013963,4,1,3,1
19,46,27,42.29059229766436,0.06518117429325254,0,3.679690822222671,2.4422943256697365,7,6,2,1
8,129,29,45.44775066898772,0.09544281359015386,0,3.167769696322682,2.963799231014194,6,8,3,1
17,12,13,51.44254127527671,0.07355623091952017,0,4.106641571225819,2.9302223137922025,3,9,3,1
8,96,141,48.58455748423995,0.09734523887221601,0,3.5860535271359586,2.8535996556987264,3,10,3,1