accident_hours,rainfall,wind_speed,driving_speeds,alcohol_levels,traffic_violations,lane_widths,road_conditions,mental_states,riding_skills,accident_types,falses
6,40,35,46.97330615088565,0.0415578035726989,0,4.068605774257017,2.8356226324700935,0,2,3,1
19,96,11,40.46052901006274,0.063914645160869,0,3.2525393334546453,2.607777706174471,4,2,2,1
20,39,97,46.43587891763812,0.046582665942233675,0,4.190434191675353,3.2753160841362616,1,4,3,1
16,238,20,44.52531426705593,0.06169771752101481,0,3.6010848037051137,2.8597563576498066,1,4,3,1
17,60,69,34.81396805074259,0.05167758921924768,0,3.1704217426054364,3.1955237771364176,1,1,3,1
18,240,44,45.89983461337928,0.023597207999511045,0,3.681415042072569,3.469214544091149,4,2,3,1
17,116,42,40.140422750693695,0.1171954741137267,0,3.422132085379773,2.8313735757543173,10,0,1,1
8,2,46,47.862673565939346,0.0019302408276686079,0,3.2686926197568713,3.496376049367544,8,0,3,1
20,163,57,42.47988983223022,0.11107768957705093,0,4.0221998942222825,2.1206273448591704,9,8,2,0
21,179,5,46.76496273398957,0.0992872757631247,0,3.5177231072696182,2.877480476173679,7,6,3,1
7,86,75,50.867499458068856,0.050508413870210545,0,3.2767154700137984,1.9893285449196603,10,7,3,1
7,66,21,42.9090443389508,0.038651640935407336,0,4.1815750932102995,1.9806036337893909,8,4,2,1
9,57,23,44.35496944385953,0.019762372225970375,0,4.043680452263899,1.7626423665604847,8,9,3,1
18,56,17,51.24521230038079,0.015967173970215427,1,3.037733585485711,3.6954250838716587,8,5,2,0
8,62,39,47.83064001141658,0.06611023781774371,0,3.305669362434337,2.5840301077043124,7,0,3,1
18,123,46,44.6068666733321,0.012651204425655949,0,3.2002467607474077,2.557050368257399,2,0,2,1
9,29,14,52.35104364723399,0.05717656316921307,0,4.920743915172778,2.8087221793418924,10,9,3,1
9,139,44,43.94423928747862,0.09776524551307726,1,3.5034962856989544,2.2206114842824247,5,4,3,0
16,6,1,43.856934942410135,0.09084219353627701,0,3.5231399492347015,3.341903138291568,9,5,3,1
7,82,129,40.490809876699174,0.01590142635104936,0,3.259038692757584,3.255562067817044,8,1,3,1
20,18,20,47.799740040737056,0.11532912528930275,0,2.9461281178370413,2.9934407997113737,4,5,3,0
20,15,14,39.810097944067735,0.03434038656816683,1,4.120603120563105,2.8855409321554863,9,9,3,0
8,41,88,51.72684789789201,0.0846828716565869,0,3.5574605783669466,2.7135386855707497,2,8,3,1
7,143,17,42.16429963839796,0.036059593052907575,0,4.210818141799699,3.0566638144345673,3,4,3,1
7,18,42,47.28537733553638,0.07409113891792267,0,3.454927028532345,2.8012345029924277,2,0,3,1
7,79,38,45.209724938390096,0.06869863892557165,0,3.3172746901210575,2.1723471724634376,0,10,3,1
18,79,88,47.57608874518537,0.02139791796284023,0,2.966855398810611,3.2998143856368,2,1,3,1
11,156,84,47.013469907432196,0.07830707375054931,1,3.2818887910067187,3.03452915176477,6,0,3,0
21,33,23,45.46145734252881,0.03912072938687582,0,3.5087421036040776,1.9389831492708467,8,10,3,1
9,179,39,43.17927319088237,0.07333805943066098,0,3.8259720230017376,2.4969727845587015,3,10,3,1
17,93,19,46.29736544002233,0.06496526641949539,0,3.754366280131843,2.428843554096603,7,9,2,1
7,72,10,51.24545524827238,0.10111829737822942,1,3.627676512764301,2.2434215955586327,0,5,3,1
16,3,20,43.47984961674814,0.025631058605447208,0,3.4509879421789478,3.2157164225618984,8,10,1,1
9,87,37,39.39801721165498,0.018169480366218006,0,3.8821493380927308,3.2557909104255556,9,4,2,1
8,19,44,48.25161542014427,0.10258777222144555,1,3.767531570734079,2.858188953926568,10,1,3,1
20,231,0,46.30084578584883,0.05334547493367378,0,4.02686686976371,3.0188751584440676,9,0,3,1
8,266,43,51.75923483614722,0.09382116978292131,0,3.7554930194892995,3.887111219169309,7,4,3,1
17,48,22,47.7319604476878,0.11514872123328883,0,4.611652381375037,2.7440947870641006,3,5,2,0
18,35,8,51.228376975442735,0.06531925891402945,1,3.285007948459586,3.889840472581196,3,1,2,0
9,242,32,53.661371612154305,0.03608155824117157,1,3.6420278441161376,2.734576910521943,1,3,3,0
17,62,41,43.592789159491055,0.09530751996421426,0,4.845703097836013,2.6961725073092015,3,10,3,1
6,85,36,44.479210036758694,0.11171320145595119,0,3.3295936643330752,3.0134734772794096,3,9,3,0
8,37,15,50.53003615222619,0.029417897326151052,0,4.250142381454651,3.571271366669663,7,9,1,1
20,87,99,45.39925171250367,0.08260136553979305,0,3.4147396806392014,3.2258580178903844,7,0,3,1
8,29,77,42.986234316708824,0.09367009290942936,0,3.4645581390955176,2.8110941082683336,5,0,3,1
16,66,12,43.664504895718,0.003187487108386695,0,3.45865679989919,2.8988889286543094,8,4,2,1
9,283,22,41.88217430364447,0.07107218118230417,0,3.438809860272756,2.801525225604663,3,9,3,1
7,65,31,34.90899620940229,0.07597984476331734,0,4.022473958790283,3.590649226867539,5,2,3,1
9,82,21,48.24667487989347,0.0763849604998037,1,3.893496138220177,2.748725518016684,0,10,3,0
20,241,18,41.36524376986019,0.01009284414086764,0,3.0637193832085177,3.3041397810066293,5,5,3,1
16,2,49,37.72018353044703,0.00260257541672273,1,3.595976488644344,3.5611832869218345,4,8,2,0
8,4,37,49.3983669439395,0.03524322930046936,0,4.058788317482485,3.1115021001161365,0,7,3,1
19,77,46,37.81614640520078,0.04293989420990317,0,2.584712166635673,3.602598972752614,1,1,2,1
9,43,22,50.64031435828515,0.01735485669483003,1,3.550590416451577,3.6092050484293106,7,2,3,0
7,98,39,48.341241024613765,0.06115037331689992,0,3.6261542480666766,2.3810076606289483,8,2,3,1
18,9,21,47.233717645556425,0.02730550041709368,0,3.9496116804600443,3.4392450186149914,1,8,3,1
18,29,34,39.10058924503111,0.04050377693818012,1,3.69266377785583,3.902771894945663,8,0,3,0
18,149,10,35.86149924808474,0.03513884750429171,0,3.6305682384400697,3.5176997180123104,9,0,2,1
4,30,43,41.391363133301354,0.09264377443880036,0,3.343414944138707,3.937348306715035,6,3,3,1
17,73,41,32.30405362777735,0.10524901681642558,0,3.6199646386734465,2.9540951345512334,5,5,3,0
10,77,33,33.30868818374123,0.035816711087396334,0,3.649201293230675,2.9689257638082536,4,5,2,1
8,41,40,49.274017309023414,0.04519791386809846,0,4.340964306651843,2.168348769929504,3,9,2,1
21,113,16,55.05890008661734,0.09783279863834793,0,3.105757840455225,2.898241078530062,9,2,2,1
7,89,100,45.59455663826346,0.0910919565163732,0,2.952471667713204,2.972568744475797,9,1,3,1
4,40,79,45.16243705979887,0.08505523989565346,0,3.1895916681518792,3.7782017170338813,5,10,2,1
14,49,71,41.996835502552415,0.08494289297210345,0,3.318958329016111,3.1497723720860793,2,9,3,1
18,199,36,49.483840424581416,0.035661470986936845,0,3.6153833380565916,3.4401618038797457,9,8,3,1
8,26,45,37.27287566068695,0.11238346460169185,1,4.050604019277611,2.3226960354138093,7,5,3,1
10,89,19,45.95608848237489,0.09710329232466311,0,3.5958809913509056,3.2367498215444774,8,7,2,1
18,68,115,54.20307264800808,0.02543180872296296,0,3.2312864795412093,3.2279022726414013,9,9,3,1
8,48,9,45.81962097350431,0.0794581796770938,1,2.8349248786390437,3.1195724031475023,2,4,2,0
17,31,27,43.552203772029834,0.018587184507232783,1,3.5044659670096547,3.4362575739417918,0,9,3,0
10,24,16,52.66613012167242,0.06931623269887642,0,4.1581609137704465,2.7630874577742586,5,10,3,1
16,51,24,54.54076232834648,0.034691706212207414,0,3.3080928870487267,3.2694324621615385,5,8,3,1
9,218,22,52.51439122212217,0.012629550637892643,0,3.522966899732234,2.946864483381646,3,4,3,1
8,150,126,44.57914074472717,0.07238109569275207,1,4.055880645291282,3.690178860453363,7,4,3,0
17,40,72,49.23228529890871,0.10611569243399926,0,2.705921088091328,2.742830974640049,6,10,3,0
7,53,28,52.60525295194797,0.016885288882337368,0,3.4488016707781006,3.3024165928710905,4,1,3,1
7,20,4,42.53384439377934,0.10788774087514125,0,3.7620260225865323,3.4432910408419097,5,9,1,1
18,55,9,40.596279917357656,0.01533762493242194,1,3.338223631530912,2.465620814415504,5,9,3,0
9,29,49,47.11377103131166,0.08902532959540907,0,3.5576802161274825,2.8174065142904996,10,9,3,1
20,2,20,39.91700310473299,0.11875178518962388,0,3.6718463777882495,2.7064972281811817,5,0,3,0
6,55,141,39.0278479241702,0.011241600356573449,0,3.70065535361768,3.665592008663192,7,2,3,1
9,2,117,42.21583408647705,0.025520559775063435,1,4.270625200125876,2.38297830725023,9,8,2,0
9,72,25,40.77369128110568,0.055626654839023085,0,3.3937420367176205,2.75239478580918,7,6,3,1
10,194,4,40.13116758922099,0.08851164553567306,0,3.673672834492367,2.7331216973616255,5,5,3,1
17,289,42,45.78021152717777,0.10774895438198255,0,3.4992198311877583,2.3604468064213493,4,6,3,0
12,121,16,46.426860525346136,0.08749314382188396,1,4.420962177307141,3.284403329226442,1,1,3,0
16,86,83,38.1209859873641,0.09254650417044899,0,3.6162666357525337,2.3894472773367736,8,9,3,1
6,141,35,46.94823791149246,0.05425634544178249,0,3.795247472037061,3.221068649826028,8,6,2,1
17,81,18,45.92369350367189,0.042697859510432236,0,3.803955253995542,3.435105391409336,10,1,3,1
15,279,64,39.938379208605525,0.060931695037891156,0,3.183796716467585,2.4837723884205474,5,10,2,1
20,32,5,45.138117850759876,0.07794310186527771,0,3.7060437934961317,2.4093048433576674,7,0,2,1
9,12,31,46.34837228940317,0.0602810611230333,0,4.027949226289407,3.7499085008771242,10,10,3,1
8,71,7,46.84362047684807,0.09483945727960576,0,2.34770146852789,3.73656866122652,6,1,3,1
9,41,25,49.45398391278143,0.01884892016302956,0,3.1092759642355428,2.6303895446074512,8,6,3,1
18,25,119,49.08868856515976,0.047542539341289096,0,4.2819247165995415,2.5168504817710375,4,6,3,1
17,41,80,45.21965034809429,0.00798113395019337,0,2.469701421122565,2.6876048244065167,2,0,3,1
18,43,131,40.54484083914699,0.08057251964223347,0,4.272584357148057,3.1815076018154778,9,8,3,1
7,51,4,42.628321348593424,0.09084383780649703,0,3.28530432041845,2.6099978810793547,4,1,1,1
8,99,45,46.052295809191854,0.08008623303973311,0,3.608951027098372,2.626107590914579,8,2,3,1
7,1,1,51.45989785955467,0.11461862311015927,0,3.8975759857952736,3.342829138255582,5,6,3,0
17,48,26,33.51463466357184,0.1118571625510569,0,3.751441907081555,2.5189669618934096,4,8,2,0
15,31,132,45.51623585665287,0.032449902708322535,1,3.5107640902430086,3.1791477454867687,0,6,2,0
8,31,5,44.26845610765303,0.02918074409471167,0,3.348188548360473,2.8472404842159627,8,1,3,1
8,57,6,46.38575955671228,0.0030387772750845076,0,3.287659634823744,3.414491996927085,3,8,3,1
18,97,24,38.12810929166549,0.0603081821052179,0,2.7157692526147557,4.368932086751469,4,1,3,1
8,276,21,49.569611850724556,0.10333438725387685,1,3.911389214067071,2.3147291605789024,3,2,3,1
9,249,18,44.89999780454826,0.018900811448177835,0,3.8668836059760583,2.7108361698097707,7,3,3,1
18,59,97,43.67915830388976,0.07120565752110528,1,3.0944344180408745,2.7963787683848245,7,9,3,0
17,56,46,46.98591624195171,0.08644391224011129,1,3.4023144806300794,2.7719917596383015,8,2,3,0
8,71,15,46.62314250743282,0.0441224109830661,0,2.746583415129752,3.083873922306037,7,10,3,1
10,294,35,45.128490693579046,0.08435334661982036,0,3.873438989788075,3.303232746503863,9,3,3,1
19,91,13,42.25460002891213,0.10047799693587842,0,3.326254125735911,2.771867877403816,2,7,3,0
8,156,46,43.91716330484184,0.0012611673280184686,0,3.1398669358797973,2.9930166720807327,5,0,3,1
16,29,43,45.13342698385942,0.08822736914197543,0,3.9199669033188638,2.8231664071060836,10,2,3,1
8,273,31,54.10867121118163,0.07198068798211406,0,3.582614345138217,2.371907664602476,2,8,3,1
9,282,83,45.56988851737616,0.10138034363333676,0,3.842385079916299,2.4461340746143563,7,2,3,0
21,22,6,48.331680713856485,0.016632688627818228,0,3.130952359765073,3.2238622711983105,3,5,2,1
19,3,12,49.314763049268585,0.09685204164307913,1,2.6844720496614247,3.926648453819738,4,8,2,0
20,199,35,45.11957274409617,0.016941631739246187,0,3.1331748377916915,2.9438484182099653,5,7,3,1
15,64,48,51.848718621776705,0.07018582453802233,0,3.4193796599946276,2.7764560520074792,8,10,3,1
11,95,24,36.5931198428227,0.0325061495286636,1,3.525364623316232,2.686457580425073,6,5,3,0
19,25,18,46.56222705639332,0.02880087284767375,0,3.140038609120247,3.9632864856155874,0,3,3,1
7,92,68,50.53426256734076,0.05984883590990844,0,3.1974053740121406,2.963518698626731,3,7,3,1
8,247,39,47.578056781698436,0.09087960219223169,0,3.9948806249589923,2.28849487335086,3,6,3,1
10,223,84,36.061824287200125,0.0774267295987127,0,3.3764675571835348,3.1521307483764587,5,2,2,1
18,40,17,46.445719003027364,0.11862746346676924,0,4.53651991202401,3.042426660902821,9,8,3,0
8,25,73,44.79725823106088,0.014287311647407085,0,3.329324696157631,3.6569093583978005,10,7,2,1
19,2,87,45.343539044963684,0.08661111908388872,0,3.560075311298314,2.869755545280791,4,7,2,1
9,62,30,43.426406671692895,0.006656430411752079,0,3.8223285551212074,2.8150379260842326,7,4,3,1
17,57,55,49.2232602548588,0.04289432289804449,0,3.2930103514285225,2.4139616223509317,3,5,3,1
8,163,43,44.28937223895751,0.0412201855055242,0,2.409719639429897,2.617626985544298,3,7,3,1
7,58,44,51.407248001162706,0.030745606425850218,0,4.207052791232891,2.385127490692127,4,9,1,1
19,69,29,45.77005225479694,0.06388832072716585,0,3.4263215262799025,2.9361820194346935,9,4,2,1
8,178,73,42.029585715667984,0.02923600025069295,0,3.33954835598247,3.3793855187104223,5,6,3,1
18,31,41,54.6585235615771,0.04410864509890311,0,3.4423314547764634,2.4835902533522303,5,7,3,1
20,41,41,41.04951775514249,0.10313946565667502,0,3.93631024574642,3.822238587585801,1,0,3,0
17,90,35,43.325900461974086,0.038846002937448054,0,3.712723483180272,3.8080128215493922,8,3,3,1
19,78,104,46.64814660814668,0.11831512235379646,0,2.9269347158894194,3.643908325781054,3,4,3,0
19,124,17,37.584750564647564,0.03312521911820996,0,3.5020433322023825,2.7345749649180395,8,0,3,1
18,43,15,46.00430684294258,0.10836046343704221,0,3.502700739351031,2.4192724360610125,10,9,3,0
21,41,98,42.03068191670018,0.051753074453855526,0,3.102275237001994,2.9994672225025476,0,1,3,1
7,280,10,56.31565630526666,0.10890341099229434,0,2.8944562775629423,3.6498397440074437,9,6,2,0
7,4,30,43.79481430309204,0.05121514733677173,0,3.0438921337100933,3.83447108338214,1,9,3,1
7,153,21,39.972741201177726,0.09244325812269505,1,3.232320735532647,3.654602925400614,9,1,3,0
9,37,27,46.7393871250683,0.04799971251087086,1,3.0618628740411165,3.9641134490466685,7,10,2,0
16,16,45,45.52733871654789,0.07450844039868333,0,3.856369340578085,3.5602601096367805,4,7,3,1
8,92,33,49.05557502602205,0.006178579276558613,0,4.28765430126315,2.626453646400456,4,5,3,1
18,35,6,40.684083929909484,0.07188001149536008,0,3.5792940222423377,3.7375816594614335,3,2,3,1
6,27,124,52.673214982976916,0.03791396924121118,0,3.3696319705515303,2.4089478111759246,7,3,3,1
7,55,61,46.841970879138906,0.11955447305926276,0,2.9018383193555706,3.6479520684062168,9,7,3,0
8,201,26,41.356103408575294,0.09727465161390855,0,3.1922222346478333,2.768826911673352,6,5,3,1
18,31,21,45.58622931923453,0.009548858305251127,0,3.739455231133447,3.161525744630559,3,1,2,1
18,6,5,48.19723763112023,0.023792341282159495,0,4.059275303234987,2.5012982874390985,7,3,2,1
18,192,15,47.479447999276864,0.07392887416475377,0,3.0225641845113658,3.1696930068010505,2,4,2,1
6,217,15,38.93772678397227,0.03605135598950688,0,4.0464657209003745,3.4776740899099288,2,0,3,1
19,20,60,35.3292401042478,0.025548414851507568,0,3.0764386923386082,3.1778289064794527,6,8,3,1
7,102,85,38.192632993934524,0.04268331804043734,0,3.9694025697646342,3.3231467133769916,1,4,3,1
16,53,27,46.087783733122336,0.012744729968489703,1,2.9656770703709254,3.281169060835897,4,8,3,0
9,82,30,46.89725112698472,0.06653668378688478,0,3.841270565560459,2.9629969443485016,3,6,3,1
17,86,8,31.672899454510397,0.033960876539229724,0,3.152007864497287,3.1365094188578313,0,6,3,1
8,27,41,46.417307361233206,0.10404118611335213,1,4.570731283170975,2.415074230851962,10,2,3,1
20,39,20,41.294737572664154,0.003930313121298403,1,3.653435847136212,3.4091101867337787,10,9,2,0
7,5,1,38.91501665532526,0.042113030169806255,1,2.9381220761970654,3.1215845342457396,4,10,2,0
11,18,13,41.88756549504139,0.06595204777622177,0,3.473487058061402,2.8141610831461525,3,10,3,1
8,25,96,45.27989434997925,0.02821964553991731,1,3.703982570056664,2.4728171949007423,1,4,3,0
8,76,55,44.535582264129,0.006882278057089354,0,3.3796177143166046,2.901464224720896,6,4,3,1
8,46,16,33.80904473025397,0.008694687861640954,0,3.6106933380918447,2.250500513434656,3,6,3,1
18,70,35,52.253945195358895,0.01911879439035732,0,2.8921693187672437,2.924634535705471,9,1,3,1
8,46,37,48.23143914939773,0.03262691063315623,0,3.39810606735204,3.5245762201771256,7,5,3,1
18,80,39,45.75967156951422,0.08468815243655368,0,2.722371958707161,3.183153687200959,1,4,3,1
19,0,107,36.466260598285935,0.05695739292631797,0,3.3651830391755277,2.451094944139251,2,0,3,1
10,23,33,40.879998409936874,0.003950955104732547,0,4.515806187567637,3.20117709611405,1,8,2,1
8,98,11,44.66668243160091,0.01860398751963241,0,3.6174059759279356,2.9981693556829607,1,8,2,1
18,77,22,48.87036684272602,0.044151005859339766,0,2.927983402412729,2.9167384689118436,0,5,3,1
20,14,43,50.40140032697862,0.05037279028829095,0,3.327095610521874,2.6368783350045994,3,8,3,1
6,3,40,57.51175123068254,0.007577512763761249,0,3.270108755504854,2.8182172118583875,6,2,3,1
8,13,87,45.751793902433995,0.014527103257660854,0,4.372480829079252,2.8664699574201347,10,5,3,1
21,269,3,41.73352477190377,0.03146299041795721,0,2.9538374099868325,2.87545153864192,4,0,3,1
17,38,35,48.75177716068147,0.1003985521883163,1,3.31226734732666,3.0638472885833545,10,1,3,1
5,51,30,40.052633004431605,0.025103886013089896,0,2.9703151371032557,3.92297421839278,1,3,3,1
18,108,46,46.78614420405327,0.02721535841117697,1,4.132265120345009,3.622480799918619,1,2,3,0
20,42,5,55.73888040115705,0.05934298163184473,0,2.5978059521292156,3.0751549905596884,4,0,3,1
8,36,26,43.46771260021434,0.10697634600077822,0,2.998103522541558,3.4261773432770894,4,2,3,0
7,185,9,41.83941781814897,0.06338250323565417,0,3.611053588625485,2.7130211048384645,0,8,3,1
18,82,47,38.053291672892996,0.00952295836927758,1,4.0950124410299065,2.407631000573394,0,4,3,0
16,20,12,45.73184330979977,0.022372697435319843,0,4.007509580104957,3.938550292444799,3,9,3,1
18,71,7,37.5125186353578,0.10269607748299898,0,3.939204075678092,2.9505695154838563,3,1,2,0
8,118,40,39.48522234908668,0.10521094169546935,0,3.6256053935023513,3.3273658695273953,3,7,3,0
6,25,9,38.26422934080982,0.09545441756002022,0,3.558561097425857,2.9747883518805547,5,7,2,1
8,4,15,50.25310272117676,0.0650201941556272,0,4.14570690167588,3.4911015073985254,2,6,3,1
8,34,46,44.19305755658783,0.05269809735996166,0,4.160553857327206,4.146767060997519,5,3,3,1
9,53,11,51.81884465313396,0.032186760949852795,0,3.319354051341619,2.661367364836713,0,7,3,1
11,16,8,46.08132112372924,0.06573530581090631,0,3.334118077263519,3.317391127043712,5,3,2,1
5,87,37,42.73815720805786,0.08193848143836932,0,2.8152338756781345,2.8139438199131357,8,8,3,1
8,34,43,48.09684932860761,0.07191051776059813,0,3.618417970080332,3.0030250510752694,10,1,3,1
6,62,9,48.20839084973269,0.02706684282945547,0,3.6322002995623235,2.4155262524996233,9,0,3,1
20,54,14,50.99302580291784,0.10837254615940851,0,2.8965761319946823,2.90158512396766,6,8,3,0
7,0,141,40.58435020702486,0.04685206338667956,0,3.7647563983326133,2.74927123353152,10,1,3,1
5,53,33,45.07949647501578,0.10618709699088746,0,2.9892306896808187,3.6118922348557017,3,1,3,1
5,32,34,39.20506314384569,0.047693810484310935,0,3.4006941947907157,2.7478899396246903,7,2,3,1
8,23,43,46.21640485559558,0.004614549185740908,0,4.05425529929368,2.9827795334689062,10,4,3,1
15,69,1,31.51273468420772,0.08855449098558893,0,4.168155740076087,3.5186504934619443,7,3,2,1
7,85,21,40.03524693641109,0.11041670298910206,1,2.970883659833487,3.4063582117553173,2,1,3,1
16,54,31,41.20713028075419,0.03057121612742972,0,3.194244167068372,3.6768973630449038,8,7,2,1
17,17,16,44.90169698153721,0.06509797649224096,0,3.974057884947803,3.491214614011589,3,5,3,1
16,31,28,50.136198322290525,0.09691423904798027,0,3.7895941631763375,3.2198040689693945,3,0,3,1
7,37,72,36.289969551241406,0.03853023584574968,0,3.8382163731820462,2.953066929046123,9,6,3,1
19,190,148,49.25443653345475,0.03434098389452884,0,2.065251236876085,2.904149148383203,4,2,3,1
19,60,38,46.682365004616464,0.049327824393401845,0,2.9152893053946687,3.023370982783366,6,6,3,1
16,220,73,47.07103951116045,0.06606898346013991,0,3.7608099369618673,2.5402942605597616,9,1,2,1
9,12,21,43.610096986671294,0.06630399352045166,0,4.260264615806504,2.805561934398849,1,5,3,1
5,40,1,48.60039193466343,0.058362645101528214,0,3.1898316982764086,3.1884293834235002,6,9,3,1
9,59,8,44.0751493395909,0.09844063166665208,0,3.4925861490119736,2.2439087123669745,1,7,3,1
11,51,28,40.54276862921464,0.018350265591948557,0,2.942141047331372,2.1383906443434224,6,7,2,1
18,76,61,44.00192795284645,0.010219369130951072,0,4.286951302959717,1.9421816334162032,5,6,3,1
9,47,19,45.564087868984544,0.020227416150913478,0,2.9742888557931826,2.3216414249901205,9,1,2,1
21,53,43,39.81448798248064,0.08448057526715703,0,3.9344932949052125,2.844453851032033,9,6,2,1
17,33,95,32.84855511963971,0.017429356066124762,0,3.005019566895242,2.9211026422785697,8,9,3,1
19,78,20,48.32350638866577,0.038739109652652065,0,2.3252764430182493,2.5313090708380956,6,9,3,1
9,57,4,41.22497444154508,0.1055616858918354,0,3.6859893576473386,2.543679930481983,3,10,3,0
10,94,6,32.25757553037766,0.016827475309519894,0,3.4528868628492524,2.449561258945522,5,2,3,1
20,63,35,45.59071517777632,0.06338087945912799,0,3.7939654068797375,3.11129228357949,1,7,3,1
9,6,38,44.18681468811353,0.06072490848267678,0,3.6012766649456673,2.841673054759011,0,4,3,1
19,0,47,38.21252631394581,0.004085542009589021,0,2.9803042506294135,3.078813265822146,6,6,3,1
19,61,46,41.7336375725955,0.013849786110991061,0,3.3670288658724985,2.8293663507462585,2,3,3,1
17,50,7,49.83704133955906,0.11404709092376224,0,4.0724393501596,2.775535745092758,3,0,3,0
7,83,3,37.14221768026143,0.1153230681368068,0,3.873106992986526,3.0652190710965055,1,4,3,0
7,88,18,42.26221107948914,0.10495900547419919,0,3.780016192908761,3.1390109918816735,0,10,3,0
18,79,19,47.173174976833124,0.051823254215497785,0,4.545644097461253,3.6118667896163563,2,6,3,1
6,123,37,37.34370102156565,0.07115297036112002,0,3.7818620835787486,3.316561595342291,2,5,3,1
8,145,34,54.13462180905368,0.0988982032253476,0,3.9791864562419494,3.807003389759481,4,6,3,1
5,201,140,49.30300562280004,0.08113734811490822,0,2.735472056218751,2.5990020070384467,0,2,3,1
18,230,37,53.55484281075931,0.10741591693663184,0,3.994827416287107,2.4751218687783196,4,7,3,0
8,186,108,44.88623873307072,0.037888903965503276,0,3.6848534382656526,2.7501675578949296,0,10,3,1
17,23,134,52.604659599412365,0.07489803428591477,0,3.8636486805306105,3.350677391629726,2,9,3,1
7,9,2,45.64258689315901,0.06804465452533442,0,3.6120155905874634,2.6784687840448655,9,0,2,1
8,52,4,43.5792252838967,0.11815138852955821,1,3.9216381116909034,3.5781778723936903,0,8,3,1
7,32,49,39.36110830182692,0.10536925830848692,0,3.6252103714341195,2.3906799239271277,1,0,3,0
19,61,63,46.3004276206544,0.0198229151323189,0,3.597662155202308,2.441542335692024,6,3,3,1
16,90,48,41.65299201351763,0.007067141369015322,1,4.391904296522903,3.0332526012765055,2,7,3,0
10,77,85,41.43290706152066,0.05356834151096379,0,3.672680859391149,3.9750156641289496,8,7,3,1
17,3,2,45.68834926804771,0.06546190992760184,0,4.324445748235324,3.279709667926546,4,9,1,1
20,20,89,53.70777534551103,0.09478394030174288,0,3.7858634075265347,3.305654568246956,6,9,2,1
18,93,7,51.57533474352542,0.019167249615778686,0,4.210547107523936,2.5621934737506913,1,10,2,1
8,47,61,49.08836409536049,0.11039130130897903,0,3.5541360586206197,2.8125251718361675,7,10,2,0
18,20,0,44.77124720376376,0.06859034896915323,0,3.2130052554862965,3.181676983918562,10,5,3,1
17,86,14,45.41722846689156,0.10112971278826981,0,3.2224890079655655,2.128929849368549,10,10,3,0
8,66,14,52.30715574018758,0.1003772224909585,0,3.366336336083137,2.8759283877131208,6,10,3,0
8,79,15,47.51695698987898,0.11422373832891014,0,2.495747686355883,3.690285976724831,0,6,3,0
18,94,42,31.670866996623822,0.07904824632355253,0,3.0500007465149506,3.612612055636586,9,8,3,1
8,35,47,57.239821894676425,0.09405901173131959,0,4.030268938425516,4.075257121605314,10,10,2,1
18,22,9,44.84489405285704,0.09846326913211643,0,3.956019224300083,2.8463823104691923,1,0,3,1
20,53,72,45.25935440851081,0.0561740740593197,0,3.6909123118635216,2.2812150586587046,9,6,2,1
7,95,81,45.99884504480292,0.05187358599868902,0,4.4965002060487596,2.8043013466397078,1,3,2,1
5,98,31,45.324711650096205,0.11359384434048163,1,3.167470521604933,3.071191028625839,4,0,2,1
18,52,98,43.994796451291464,0.008036597470040195,0,3.735862978929127,3.426612461026032,10,0,3,1
8,84,14,37.51175119651735,0.1143533036247273,0,3.86460901248291,3.107904282145633,10,4,3,0
12,86,6,38.697728148561424,0.0694179799840701,0,3.3873164257961426,3.241092841857382,5,9,1,1
6,181,24,53.573129153269576,0.035361777036725016,0,3.2837819795425687,2.811807907108087,10,1,3,1
7,68,17,41.39762469678451,0.06686433059127914,0,3.4762626205377676,2.8355277377379737,0,10,2,1
5,115,2,50.524887070152104,0.07653497053791031,0,3.280589470590623,2.6392334463629217,7,2,3,1
15,99,26,46.42486132562377,0.013294376360638628,1,4.609700091567744,2.350677496375819,4,7,2,0
9,33,88,33.41685940818682,0.08039094472118044,0,3.451738093842585,2.772642370791901,5,8,2,1
19,92,30,38.69948763544999,0.10830946868987597,0,3.7626402393314216,3.1871404484089396,2,10,3,0
9,40,5,40.96124032533885,0.11655537908624522,0,3.313866493959618,3.2962356829812722,2,2,3,0
10,32,44,48.57942887061062,0.07197463855271909,0,4.482908269918584,3.189161434053531,7,5,2,1
17,192,75,43.730674784631944,0.03924538225514563,0,3.521858449794084,3.0948238485632515,8,10,3,1
17,165,19,48.63291549535193,0.06761669783522231,0,2.8631004391895907,2.791343389563006,6,10,3,1
10,8,38,43.56910153122841,0.0003417105229428641,0,3.0793932161751694,3.754613754276403,3,5,3,1
6,234,47,48.112031764380404,0.11030868904720112,0,3.9514349158108817,3.0829494572895784,7,1,3,0
16,14,26,39.668463511258686,0.09415667917896263,0,3.5959704257405813,2.9072398449775676,5,5,3,1
7,149,44,42.53795901669108,0.019972739425268,0,3.991191631187036,3.381556938633266,7,4,2,1
18,252,0,46.55186420954575,0.07312401990136987,0,4.03676580764566,3.771764067850921,2,1,3,1
6,121,36,43.50747746975584,0.002472137581004223,0,3.3822380717074494,3.424137254598778,5,6,3,1
17,81,42,45.13482942788052,0.025925016719553436,0,3.4985451942566708,3.4077199395084348,1,3,3,1
19,46,5,45.22151720670978,0.020401443509635932,0,3.3342934555595996,2.84386752478622,10,9,3,1