accident_hours,rainfall,wind_speed,driving_speeds,alcohol_levels,traffic_violations,lane_widths,road_conditions,mental_states,riding_skills,accident_types,falses
18,63,6,48.90977804481138,0.018737986508868907,0,3.7423973176204037,3.82515968022046,10,1,2,1
6,154,29,45.223753922792106,0.06625218987430831,0,2.80688960017953,3.6981932205991717,4,1,2,1
20,196,20,44.43429332129094,0.11573118222999361,0,3.4415235005327265,3.079291499405838,4,6,2,0
9,76,4,46.64793979030149,0.01564045368015248,0,3.2982362621516836,3.0144040352700086,4,8,1,1
9,19,20,47.67606822343166,0.10473788727534543,0,3.5698925015025904,3.390198258804051,2,4,2,0
5,12,9,45.59828493446237,0.009870877096997516,1,3.3490110654319176,3.036607056981818,2,8,3,0
17,91,7,39.50641880317753,0.00994102788227316,0,3.7373964444871346,3.974520905995993,10,8,3,1
23,94,16,49.13243877590628,0.07536929724427174,1,4.128519488348989,3.70142460355745,3,9,3,0
16,0,98,48.20479505262549,0.0689407040899591,0,4.203087999941799,2.7924012538278085,9,1,2,1
9,78,32,43.35171241333431,0.04130738649045665,0,3.350537398919496,2.9097759369926983,0,9,3,1
18,143,41,47.62453288749974,0.06400661863092151,0,4.041014004049066,2.4256119640044105,6,1,3,1
20,94,22,54.517228649587885,0.0905899461515593,0,2.336605412125926,3.820077761014408,2,7,3,1
15,183,34,43.670746031605184,0.0927953654578771,0,3.796226363480616,3.3489649723105153,6,5,3,1
19,255,37,44.799180196438684,0.0014381867941300852,0,2.8472008737439136,2.2866766155188243,7,7,3,1
7,83,45,46.315326894877636,0.009369987338384983,0,4.035962488755222,2.775948644005458,8,9,3,1
16,76,11,59.6048954913197,0.0004116639187919846,0,4.146748624581863,2.293272268729359,2,2,3,1
15,41,5,45.91536540387023,0.0018769888991187855,0,3.8579229222692466,3.1154700448241432,6,6,2,1
9,33,8,41.79834569332156,0.10075663728089951,0,3.345224324611066,2.76021496153518,0,3,3,0
16,58,70,38.51888628275227,0.010026344789056747,0,3.0238097433423223,2.835215049695485,10,3,1,1
18,87,17,43.27797398090115,0.08532074578169827,0,3.5339532034236854,3.6805733515699517,4,5,3,1
20,30,28,44.76522518991478,0.11760393936482205,0,3.425285530735513,3.146947991216583,2,0,2,0
18,63,15,48.03917322459876,0.09850913855467584,0,3.527506804331955,3.13680196116875,6,1,3,1
16,8,33,45.08152246973261,0.00796749554445697,0,3.618324525983283,2.8253597237240293,5,7,2,1
8,35,65,45.29829969660287,0.10726551231842493,0,4.083128703474983,2.9873374137419404,0,10,3,0
15,88,70,45.957829813031495,0.11498016829919826,1,3.15614152016604,3.266267899324946,4,7,2,1
7,208,24,45.7879010854584,0.08476475519541675,1,2.9308320180508907,3.7912577272528014,9,1,3,0
10,98,73,51.11356302139588,0.07395729270728202,0,3.512730321362387,3.1053186693758943,2,4,3,1
19,85,23,40.29367153750973,0.07221548360021049,0,3.47544614546253,2.7749135553317332,10,6,2,1
19,52,6,54.39987313319134,0.09843027780732504,0,3.5847639838740073,3.144264655422993,9,1,3,1
19,283,43,51.82640210126732,0.06641424084136338,0,3.6717410377150657,3.0574381359955614,3,2,2,1
4,40,26,50.08140025378472,0.040053428370873896,0,3.5337349214165794,4.419930021471254,4,5,3,1
7,41,9,40.78156070758698,0.11645216494513981,0,3.1112095652232585,2.893220252222026,4,0,2,0
6,46,40,44.277353720617285,0.005814978214890236,0,3.6420057884096946,3.095933386079331,6,0,3,1
7,114,18,41.335509391035,0.07984178831264549,0,4.267845691167166,3.39026874049426,3,2,3,1
17,20,62,40.74444148879578,0.07027520677250203,0,3.515139243568555,3.1431769014551136,0,10,3,1
17,76,42,43.611326855355685,0.07669796181287729,1,3.6222131690980537,3.543999954481749,4,6,3,0
9,150,67,44.31223310000627,0.07706480989471357,1,4.128560436795764,3.0777683343779563,5,9,3,0
7,59,19,43.1830113786844,0.014823493489214171,0,3.0553238603856547,2.8359391501408044,7,7,3,1
21,11,4,45.150813891715096,0.016021368844996893,0,3.4619849064523236,3.25454095682619,0,6,3,1
6,91,29,49.140977853526046,0.008084667931068096,0,4.068135091042616,3.178951231866716,6,7,3,1
17,186,25,48.8167902343582,0.11260593052349317,0,3.9164642050655156,3.372895380673497,0,5,3,0
7,73,70,46.90511280832003,0.07318843724813573,0,3.8963415932934087,2.788670915068842,5,2,3,1
7,2,33,44.5941394949909,0.00925311835782249,0,2.3588237288933853,3.3233355970354754,2,1,2,1
8,67,1,43.02920384268321,0.052038891394922446,0,3.1757762512597694,3.6917101391156617,9,1,1,1
19,15,29,46.47335316586376,0.04311875190841101,0,2.7867141004729508,2.1833893284825834,4,5,2,1
10,75,29,49.92907092310479,0.017784435858507457,0,4.22559186926601,3.0362961531778074,1,10,1,1
19,47,79,51.55254865850389,0.09864216187056887,0,3.7648292956219804,2.624345844194152,0,6,3,1
17,81,39,38.6815217410234,0.09307273734376875,0,3.494961500997239,3.4457322541047923,9,1,3,1
10,22,27,44.59333708930368,0.05568894094012693,1,3.14338828285059,3.052749732929212,10,2,3,0
18,0,10,40.559785934763205,0.06269613274380259,1,3.3424858593598303,2.6955987607711096,7,6,2,0
19,75,31,37.68615012882766,0.05237169513043741,0,4.609974179544716,2.764071770474108,7,0,3,1
16,67,66,50.74274943452437,0.06612239653902062,0,3.5179581214818,3.886622586189662,2,9,3,1
5,293,45,51.25269665462181,0.08790760908534795,0,3.207999356058319,2.931108918904396,7,1,2,1
17,71,13,44.017228398204885,0.10511644116501956,0,2.9294360083443403,3.0323678837787083,1,0,2,0
9,6,8,42.70349176371121,0.07107838890337612,0,4.432371126842018,3.212753541948429,8,9,3,1
8,111,31,43.11539162277305,0.015095668256765199,0,3.5064023705882734,2.525470124633799,4,0,3,1
9,97,46,36.18581700423479,0.09264664980860589,0,3.3418720532369464,3.482871957579245,9,6,3,1
7,7,95,50.45863740062714,0.044673465748937456,0,2.848219287148736,2.433658649958116,3,8,3,1
10,227,31,42.593465775086564,0.07558534346155815,0,3.0562672577048096,3.3881955606849967,0,3,3,1
19,37,5,43.851902345002685,0.023830685494261646,1,4.112231914591423,2.687433327565744,8,0,3,0
18,262,38,46.49461139049933,0.01960911098200455,0,2.7209895153174606,2.9969512707221884,9,4,3,1
20,45,20,34.77192043362151,0.006320895345851949,1,2.884843895711094,3.541330379736467,0,7,3,0
8,90,17,45.08711284399276,0.037734676231763506,0,3.3305631087204532,2.6609498171160424,2,5,2,1
16,55,1,45.65613392463574,0.07165726075171457,0,3.7543084340253827,2.901599792056106,3,8,2,1
10,37,19,42.226408475385455,0.03825304753400856,0,3.571406135199203,2.765670984315108,6,2,3,1
6,21,35,55.64367048784079,0.028905537273938253,1,3.250848434024638,3.2128994146969623,2,10,3,0
6,27,28,38.95252775241229,0.11938387573126744,1,3.2335279068178675,2.450002942884878,10,5,3,1
17,4,23,47.38025304203568,0.11986100485154293,0,3.200962782204828,2.7550952741746757,10,9,3,0
19,126,8,39.83532696523314,0.07259372769713222,0,3.4681251198020004,3.153048179473099,6,7,2,1
7,59,42,46.368746071274565,0.03883093856363578,0,3.095083582818581,3.994852093667219,10,2,3,1
17,49,24,39.47643483102563,0.10339546348626392,0,3.6489060083698828,3.1260011150758538,1,4,3,0
21,5,33,49.69565906013723,0.08841480424667059,0,4.148284610980954,2.931210962104206,1,10,3,1
17,162,6,46.74172630659088,0.07391259311261346,0,4.058614338781278,2.87883364386211,4,3,3,1
7,0,32,36.83298665243326,0.1089905286341922,0,2.716681907609585,4.008472987257616,8,6,3,0
8,80,31,45.70379224795252,0.05343748491577265,0,3.0004769625674994,3.4599846901883087,6,5,2,1
19,130,22,42.39357864386946,0.030654757925715394,1,3.7614424331863727,2.457586694207213,6,9,2,0
19,29,42,44.21051772590673,0.11604539868118013,0,3.5936507757957026,2.0040123995118426,10,7,3,0
9,155,20,36.65931063896406,0.10322932439162472,0,3.6274137677288882,2.4032486470930934,6,7,3,0
7,92,18,51.989465858188304,0.10944781924292103,0,4.267526338064259,3.0829995779870276,4,4,2,0
19,249,84,40.19181114831813,0.11018474830100118,0,4.63336207062432,3.040830393700692,8,2,3,0
8,122,22,43.808855312500114,0.045913551607351936,0,3.904687193315146,3.1088918245571304,8,6,3,1
19,15,62,40.58956898277208,0.10329695723179122,0,2.765838336793769,3.8701911557276762,10,1,3,0
19,58,19,43.75046563935073,0.10671353017536787,0,3.427022171178514,3.0795817175089693,6,1,3,0
17,85,74,44.437434500556265,0.06571035537854181,1,4.205240518440052,3.0695715745528203,0,10,3,0
6,257,35,44.57534541405721,0.07503092588259194,0,4.397411244995772,2.90266944283399,3,1,2,1
17,23,29,52.028784295192786,0.06929955409551812,0,3.4061614528834436,3.1742662635961785,4,10,3,1
5,41,85,44.49262382168061,0.0019232949276797662,0,3.7680151723474844,3.330962853699827,7,8,3,1
21,41,28,52.97197246928019,0.06426394260987221,0,3.865101542155386,3.026851507969924,6,6,3,1
6,33,31,37.91783716039885,0.004540407787626898,0,3.950561366322628,2.412838903878357,6,4,2,1
9,80,18,50.953224335136476,0.05412885897593112,0,4.0801875209105365,2.5037049309159918,2,6,1,1
17,28,49,49.92500564366221,0.00548232857302537,0,2.2019462814190662,3.2796076938421197,9,9,3,1
11,175,27,50.47143125629755,0.05464291012909806,0,3.865893735651178,2.564098733283285,3,1,3,1
9,125,48,55.6752850066021,0.03656987345406336,0,3.467670157502008,2.87441838007678,7,8,3,1
19,64,100,32.322829682247615,0.09287101577374841,0,3.6095952180369246,2.091969464804664,2,6,3,1
7,59,25,34.61862693725913,0.05749213232939833,0,3.036466371061417,3.468023284909892,6,10,3,1
17,103,149,45.28448201237354,0.06145138650210218,0,3.1023911071917465,2.7140538663240674,5,0,3,1
20,59,29,34.53563586923134,0.10844231250353195,0,3.385731171793097,1.9489623991658502,1,4,3,0
8,51,28,35.00820226092364,0.05787582949275749,1,3.8090273890270363,3.332269032265692,3,4,2,0
16,97,4,43.84116299548048,0.018764597074299585,0,2.803890035040213,2.2974103198551923,5,10,2,1
8,36,44,42.53535960526938,0.013509291545837016,0,3.538475601911307,2.416138573924326,4,5,2,1
9,265,36,35.91256674904815,0.03669865498397087,0,4.334654981472401,3.4025955616766526,4,0,2,1
7,8,121,41.88234790710581,0.031845240682714,0,4.6121312478978815,2.6937875910418425,7,8,2,1
18,83,29,48.74482627628624,0.09821943348285375,0,3.5597930272555462,3.899807108688634,7,10,3,1
10,64,37,47.398991405682864,0.09106605627338908,0,3.3496849153281003,2.312314665163455,10,3,2,1
8,20,2,48.69975689691481,0.00703485549473898,0,3.3354145197410903,3.8208774147250106,1,10,3,1
17,68,42,42.643093747622515,0.024119932533523562,0,3.8409528129734767,2.4965803741858665,2,4,3,1
20,81,21,51.00713574039198,0.053859057924855604,1,3.824013514559981,2.82727735107784,3,0,3,0
9,20,38,54.10018416001101,0.010463797617713436,0,3.379573554128782,2.4978693211159233,3,8,2,1
16,88,48,45.96837980846267,0.019946132631268477,0,3.1211792834922982,3.534612813311762,3,0,2,1
19,52,28,42.690044096678314,0.10901343151867923,0,2.9305548985355983,3.7637177691185815,6,10,2,0
19,85,82,44.813265015141,0.06494358728255484,0,3.427140784764086,2.7939148968199827,0,6,2,1
18,111,72,38.75965063942529,0.09559747064365968,0,4.102163775941774,2.8610845253181463,5,7,3,1
16,39,48,43.27151893275201,0.03966584559940692,0,3.1261429406044545,2.2381535161012605,7,6,3,1
18,63,3,48.066246576225296,0.04497476721797431,1,3.254770783790783,3.581060468301027,7,1,1,1
10,23,86,46.76738395826468,0.10300229343708381,0,3.433659126200906,2.5119524647078646,5,5,2,0
8,8,18,47.47536281854003,0.0788617039613332,0,3.104751686348322,2.357794196555223,10,7,3,1
9,84,14,36.890224188227656,0.08140576561659708,1,4.521557088460762,2.9942681773522057,2,7,3,0
17,102,31,48.47653190064635,0.0766728863182553,1,3.7764091793991157,2.7534638615456357,10,7,3,0
8,12,7,42.255729290886165,0.06493609351783339,0,3.9087134727509247,2.628560555602383,1,8,3,1
8,46,26,43.87661010064467,0.11893551422010791,0,2.936778299603972,2.91604294061039,3,2,3,0
16,95,13,41.358604330065646,0.10730507724517852,0,3.383499876341903,2.6591976822318575,0,1,2,0
8,47,106,52.554694230177915,0.08530839593838947,0,3.882674068018508,3.078308618355585,10,1,3,1
8,57,39,38.37335710522875,0.08137889438254395,0,3.6606722486610677,3.6143744048396713,6,2,3,1
19,87,1,44.487691981202175,0.010111776578835942,0,4.899650151267059,1.8099928826971372,7,8,3,1
17,28,18,38.403966842452036,0.05822206024846788,0,3.878419326163783,3.1671409868063334,10,4,3,1
9,27,8,49.82993886842741,0.05952082938717356,1,3.1996825376478166,3.6652674319491707,8,3,2,0
12,55,26,45.64310686380862,0.00623270701937352,0,3.527913595947388,3.17038540793627,10,0,3,1
16,71,0,39.50347748563487,0.09067217183841689,0,3.715686144337564,3.624896691407549,5,0,2,1
20,100,27,45.39800142814921,0.00023596591549608802,0,4.033139355880243,3.3535182410672557,7,5,3,1
18,75,41,40.86216506506175,0.05102507592071118,0,2.280977071239918,3.1485379325629634,1,6,2,1
16,40,22,49.17218136155857,0.10839014046896865,0,3.074678393328324,2.30125677837195,0,9,3,0
7,69,35,55.148955100056284,0.04084305502927444,0,3.6730973149215744,2.265399818353268,4,2,2,1
17,57,44,38.35739557504913,0.0699176392244864,1,2.344670622970254,2.427524595793124,0,8,3,0
6,80,42,52.00367674111729,0.03695455842519398,1,4.115283306826637,3.5160184540111565,5,10,3,0
8,93,26,51.11172775458409,0.021477786316367285,0,3.569148928280163,2.8952447907164673,3,10,3,1
7,1,128,43.3524832461685,0.08760226753068395,0,3.4420088505261757,3.1178081594035136,1,5,3,1
6,95,16,48.56627339952462,0.024548424201658505,0,2.7969228524420275,3.1573093039819575,10,10,2,1
8,60,42,46.22368603548464,0.00866332143207866,0,4.33289633604247,2.873493476709937,10,3,3,1
5,50,64,44.78608478851465,0.052215611124503104,0,2.862645638641723,2.9669855009267483,3,2,2,1
19,21,5,42.56911252356477,0.08506518101708385,1,4.080930925430581,3.549266505798453,4,4,3,0
19,123,25,48.50437387494217,0.06960083134575598,1,4.632534526030959,2.775770815510939,7,5,3,0
20,48,15,42.36747328275293,0.02932857701044006,0,4.392731353632309,3.1433172814603227,5,6,3,1
11,58,10,49.98872424509312,0.09813049660187874,0,3.641526677971024,2.6581908759378354,9,6,3,1
7,89,11,40.69705687430167,0.0116510637144881,0,3.388139883637858,2.9489989311305713,10,6,3,1
20,40,28,55.44735935063335,0.08043805635535493,0,3.979996085709272,3.5700993094969444,0,3,2,1
6,73,20,39.31132106899239,0.07280135747631758,0,3.465051861961497,3.0019942377834044,4,6,3,1
19,89,118,59.15527165651376,0.10787064488358859,1,3.6711134087788553,2.702816487880344,4,8,3,1
17,60,13,43.237292572692176,0.06323119758839317,0,2.914962524573661,3.5278880967594572,0,5,3,1
17,46,8,48.88967179547627,0.0982781032829309,0,3.9502628893318534,3.6496510890329716,9,10,1,1
7,59,45,49.93528749818529,0.02583546716500733,0,3.1787143380798764,4.246526321846254,1,2,3,1
21,39,42,45.90813977073458,0.06543783318824803,1,4.212112384086923,3.144544568589648,0,0,2,0
21,58,61,50.6221286656828,0.06391550590726473,0,2.88043361201875,2.555120142042952,1,8,3,1
6,60,41,41.990677077994754,0.03543983113450243,0,3.255197701443604,2.654749755155637,4,1,3,1
8,56,30,38.85533909290107,0.0006103823847970658,0,3.3993865388193503,2.8291825415795557,4,2,3,1
7,52,45,45.258018898877395,0.08930994343483431,0,3.2131811938152524,3.3121765809219417,9,7,2,1
9,88,33,48.86668807549026,0.04760081772603018,0,3.2365971395702733,2.5314617103506785,0,5,2,1
18,94,43,42.083716296596506,0.03601119043842641,0,3.5579104635476257,3.2851912370800926,10,9,3,1
18,32,98,46.43182202838082,0.02329089898350247,0,3.201047395722269,2.449436879875301,4,3,2,1
6,36,48,38.436152411931246,0.10220611667156372,0,3.1372417773357326,2.892501841998323,2,6,3,0
18,15,18,46.248989652283875,0.04006510209186291,0,3.3847191912371994,2.5606449389831676,10,5,3,1
19,36,51,42.84638669448625,0.02447424203167764,0,3.9511750721221772,2.7185386424736855,10,8,1,1
10,60,12,45.920613676705116,0.0628147421838408,0,4.132497945970534,3.6199624056225126,6,1,3,1
19,57,29,45.58723339717419,0.0938219813806396,0,3.2019239412238174,2.270245337319571,0,4,3,1
5,75,7,40.28858382695298,0.07229568692597918,0,3.624243456841942,3.3699868540021165,8,10,3,1
18,73,3,45.73455825664671,0.11522317988301206,0,3.6983354001578514,3.0962294667143975,0,1,2,0
8,30,139,42.375227453373604,0.1148122865759443,0,4.229437381014058,3.026646273615035,2,0,3,0
9,26,115,49.62268638676256,0.10828468173956832,1,4.540581174073921,3.3233863077621444,6,0,1,1
9,62,38,49.68185336902577,0.06781852273070013,0,2.3559970558337184,3.002454596622914,0,1,2,1
18,62,11,46.027728518625345,0.09219249358416413,0,2.5819238360665326,2.4865934492396673,3,6,3,1
10,5,8,45.47983972756837,0.034620287107289406,0,3.450311601571285,4.435720498684626,3,9,3,1
16,111,18,48.729607519772465,0.0690433127168088,0,2.923028608620108,2.521767953803188,0,8,2,1
20,72,109,49.733270854584376,0.00797929817240167,0,3.0764604970461327,3.674625937328739,6,3,3,1
8,42,49,52.77376995285967,0.03161184849229712,0,2.7653995877698474,2.410062085886339,7,8,3,1
8,39,2,43.76762205677966,0.03904096484902425,0,3.6481622160847427,4.216072796395013,1,6,3,1
7,88,35,38.71093938052916,0.04334899773551792,0,3.3272258869326943,2.399171363068671,4,3,3,1
18,114,116,49.808215916087626,0.019321965867426315,0,4.067880708197283,2.729119158103405,3,9,3,1
7,42,14,52.90916608984622,0.009991686408995774,0,3.4074053156884236,2.1009445615688795,5,9,3,1
8,21,47,45.35408039088701,0.0694044863055648,0,3.557766553412053,2.705577076694656,10,9,1,1
6,36,7,44.7538108109664,0.05895872636952018,0,4.305665053894176,3.1599790989479275,5,8,2,1
21,7,14,52.9996692447948,0.07014389733293946,0,3.6317494730715882,2.829448558589195,0,5,2,1
8,8,71,39.60635536152954,0.015516636173996678,1,3.5661979531368657,3.6680794560296075,0,6,3,0
9,85,42,43.494892634325836,0.11372297452093247,0,2.913605074744215,3.014504012121486,3,10,1,1
19,60,48,41.821261568279866,0.049602472894355244,1,3.564108726594875,3.2205364734775404,1,7,3,0
9,32,1,45.14293387173105,0.05393673262688119,0,3.2077877359650016,3.0087353881843026,3,2,3,1
7,179,20,50.18133054682748,0.06563594241128211,1,3.5440367915420845,2.6532781645367267,6,10,2,0
18,32,80,38.77988353393856,0.08281517929305322,0,2.7507008739662355,4.026097931395399,2,6,2,1
17,21,131,50.165223497810814,0.04618301183758151,0,3.3749378621368837,3.1798718172008615,1,10,2,1
9,32,19,40.839848105266526,0.017178011354669738,0,2.9200192044780917,2.956292867401429,7,9,3,1
8,224,93,47.205359101417635,0.09397451257801229,0,4.338109602003297,2.3714352435611947,10,9,2,1
5,19,31,33.597788513271546,0.031266900819399895,0,3.9929093599505636,3.3675728192847494,9,10,3,1
19,47,35,34.75774413474632,0.05314396848623425,0,3.518461249809493,2.9005833755349784,7,9,2,1
19,53,10,44.244136076957425,0.07587945162551037,0,3.544917924978764,3.2780386989537686,1,6,3,1
8,192,55,51.3390809076058,0.11584394629746436,0,3.4963350471749006,2.9983693906484934,9,10,3,0
9,92,101,50.287551998100824,0.004030200002383291,0,4.0948607931240675,3.5927386363422116,8,8,2,1
18,37,33,37.05263226809131,0.062264152577684674,0,3.2248300840406117,3.8374501716758784,9,3,3,1
7,94,22,50.54462179248398,0.11233489781764179,0,5.2503890208148185,2.850472289263612,1,3,2,0
18,28,80,47.63113650078837,0.030617610394539224,0,3.4061412605325625,3.1440849598790033,5,2,3,1
9,92,40,47.190048963582,0.01347590004396701,0,2.6988736878768775,2.416019914899133,5,6,1,1
6,1,33,56.43069336446064,0.0716207361125938,0,3.602201054580542,2.7071301881905185,8,0,3,1
9,52,38,41.877585036080816,0.018263153607941864,0,3.5776412673358826,2.715685209302619,3,5,2,1
20,76,21,49.86794544113282,0.10546458783952464,0,3.273832437297037,2.925835648212641,3,3,2,0
18,71,19,45.192407850709984,0.08678064295563052,0,3.0200554052388604,2.452306712199055,9,1,3,1
16,3,39,53.131825220391605,0.014522855398523852,0,2.685885983631172,2.8606297241081404,8,5,3,1
17,14,14,46.74420475987306,0.06929374954118638,0,3.1880912258412675,2.809260186827206,6,10,2,1
5,47,27,42.404048457265645,0.003253805888626413,0,3.72594191339545,4.171115988384933,1,2,3,1
8,80,34,41.72764267444263,0.10142038980008355,0,3.958601020369792,2.6649780899811075,0,5,2,0
18,60,10,46.163492573936594,0.024652530116154387,0,4.443828943246365,3.9610739891477085,6,1,3,1
18,30,139,41.04034217002024,0.08781797783680188,0,4.41410483426165,2.6007763732915716,5,8,3,1
19,49,24,30.44843278415115,0.012758669076235915,0,2.8960354458031685,3.125917142657673,10,5,3,1
10,57,17,51.57995101599255,0.056690927791439,0,2.832991989595713,3.103910995669815,9,7,3,1
9,93,42,50.65921149340246,0.11150773289170883,0,3.104040917557824,3.5995886052677064,6,8,2,0
8,47,46,45.0064480722342,0.00893735069629613,0,3.589650220925731,3.5320957725562,1,9,3,1
10,97,42,48.553454217607545,0.03544456944885837,1,3.0936954997300403,3.908295837604321,1,9,3,0
18,290,44,48.82844775417723,0.09391511241346065,0,3.4345114292948336,3.111818419209981,4,2,3,1
7,233,12,45.257255337593165,0.05560361894635086,0,3.4052559237368367,3.499863982270082,1,0,2,1
9,13,92,36.275994206201275,0.07803626043412754,0,3.7094596544534033,2.6603311072887648,7,9,1,1
11,15,1,46.73221811780564,0.09744097644132307,0,3.527886180059882,2.666846449224968,0,10,3,1
17,174,12,43.709460308351716,0.09408607575089666,0,3.889809859170731,3.369568420024767,10,3,2,1
18,253,48,55.051345973783185,0.047444829124494214,0,3.35352021318243,3.258587937354777,10,4,3,1
8,91,39,48.29554840776672,0.05167481580074338,0,3.97405766842621,3.6982578777019253,6,5,3,1
15,58,4,48.3152493956324,0.06853432740081251,1,2.581547672106722,2.968319365187198,2,5,3,0
7,51,25,52.43805305251511,0.014731140332427301,0,3.300302936864683,3.0562924078105302,3,2,2,1
5,54,32,45.55500105380847,0.10434275623476663,1,3.712354440314544,2.393664582397408,3,4,3,1
17,94,42,54.96272536453674,0.011218193876210649,0,3.42408906639257,3.6430844727842313,2,6,3,1
9,22,43,39.883851148511475,0.022177752603469266,0,2.6451553294366983,2.9568804397903103,1,7,3,1
17,74,6,44.43712654188136,0.11337602975522242,0,2.9036930022743137,2.1432250427796875,7,7,2,0
16,80,15,51.70016140669526,0.03382065999098631,0,3.0776879803890256,3.843390774094104,8,10,3,1
8,105,33,38.85739258156673,0.029305837838443292,0,2.9862352178624447,3.6314601767135586,2,2,3,1
8,99,106,43.23633723884553,0.051041684750682985,0,3.506825194075173,2.9564270594378073,8,1,3,1
17,47,113,47.427321550788236,0.08691429921944747,0,2.9281756555011653,3.0486115799733335,1,10,2,1
6,60,39,47.66343135197376,0.04394673713687965,0,4.013852522471495,4.0345342386042224,2,5,2,1
16,74,86,41.8036027382345,0.10496696935754911,0,3.1268376649643104,3.5650997980230503,8,8,3,0
8,2,71,52.28511382262413,0.017923294219649593,0,2.984180768338639,3.098452447587505,10,7,3,1
10,86,11,40.01095363921679,0.01415316392089613,0,3.9964123845823902,2.7697001580710845,8,2,3,1
11,5,8,46.103796377372205,0.009288023212564273,0,3.4479342675802687,3.4920812918858375,2,1,3,1
4,34,9,41.70572441973573,0.03580301827723424,1,3.032123441539,3.0569959303050647,3,3,2,0
8,47,16,35.778243254036546,0.02394682101615044,0,3.7717669777551386,2.9782561365263844,6,0,3,1
17,24,40,41.507794882381305,0.05535962655721031,0,3.0479339740902973,2.952747295893909,10,2,3,1
19,84,140,43.41924457809524,0.11948400866726837,1,3.7250210049691463,4.434386468753755,10,1,3,1
17,25,29,38.52169792355912,0.10422493397530051,0,3.3014666384935585,3.4031560758282327,6,0,3,0
7,87,38,51.207355123022154,0.10739572329607883,0,2.523067072073589,2.4329375894549647,4,8,2,0
7,91,34,45.85418576993182,0.09968866076956183,0,3.257437533782589,2.6074390855963085,2,9,3,1
8,1,10,46.47647998152001,0.03260521527857129,0,4.6038032595829534,3.3996872598159915,0,0,3,1
18,99,105,44.56339919010191,0.027158931486108397,0,4.3683527972185665,2.2781216923350582,3,5,3,1
19,99,13,44.44602530276403,0.08785328270825625,0,3.896906989811187,3.199316831005144,6,5,3,1
19,30,34,47.84903206374309,0.07187592361432041,0,4.349414358989268,2.541877869801491,6,5,1,1
8,137,32,42.5224696937933,0.024734822937770014,0,3.52290809403417,2.660466674925279,3,8,3,1
9,18,18,33.68698556497876,0.11608060829044846,0,3.746420370181349,3.0855149812356015,10,5,3,0
16,92,56,35.72759419880413,0.05090539765607485,0,3.4676059164313124,2.8567286185308083,1,6,2,1
10,272,7,46.5623353384891,0.09773100646732767,0,3.0606553211242713,2.118269684355506,7,2,3,1
18,54,30,43.575692561596036,0.008856773739666307,0,3.01348844935016,2.913179691789768,4,9,3,1
7,181,7,58.27944485278114,0.004219953523713769,0,3.852134388299095,3.3268465821407958,8,1,3,1
9,162,20,49.509333208299516,0.05469666171025377,0,2.7414330711950474,3.2057492644909265,9,7,3,1
9,248,52,46.987700099038385,0.014326959420201759,1,3.2397314361545937,3.6713561073390544,7,3,2,0
5,56,25,36.88328829808983,0.11751167196188284,0,3.932516923093826,2.4562603682348403,6,1,3,1
7,14,91,41.70812996942526,0.09744250261593572,0,4.375796314219201,3.281638322847785,0,9,3,1
20,71,38,49.9367447656271,0.05448891937196712,0,3.992703587871978,2.9362338611631724,1,3,2,1
9,36,8,46.02701254317013,0.11754184285335566,0,3.0606709776349197,2.894658940911435,6,4,2,0
8,132,24,40.27427527333567,0.02859285975992882,1,3.5670339093501946,3.195753538928535,10,8,3,0
7,7,96,39.07999360405979,0.08147702726116597,0,3.134833796520955,2.7339806350445266,5,7,3,1
17,39,32,47.698962489233416,0.0021035329162292006,0,3.486567937540882,2.676846201943633,9,1,3,1
10,73,94,41.82312106716041,0.04467180516003698,1,4.023228236727428,2.6234690383546027,10,0,3,0
6,62,39,42.6952035163257,0.009519052207095178,0,2.9318311619807993,3.031223430639202,1,0,3,1
10,10,43,44.00680771476273,0.04408485009566075,0,3.389356572986602,3.0349278303454765,4,0,3,1
6,65,29,51.92886210160094,0.04567179984865526,0,2.296991302289176,2.8085027405820298,8,2,2,1
6,99,56,43.81072566459047,0.04502049179852951,0,3.2835375411860013,3.455485430404671,4,5,3,1
6,56,42,52.01437934699064,0.049731799775276676,1,3.5457156587153436,2.92765335759249,3,7,3,0
8,47,49,43.05778170626725,0.07402240099242688,1,3.048372088079832,4.029073592381958,10,5,3,0
8,98,90,37.764219210471154,0.022731159394723494,1,2.5608511014686295,3.7387972983774196,6,3,3,0
20,62,148,43.665795803338206,0.02812758411914284,0,3.13595558955873,1.8547697254101296,6,2,3,1
20,180,9,44.964333007915705,0.07745174029584126,0,2.8011495038950738,2.5107205636220224,7,5,3,1
7,69,11,36.92995557511598,0.0559484687529248,0,4.81129553176154,2.799461387867984,10,8,3,1
17,73,32,39.8488873256139,0.019430339675112415,0,3.3990403277487657,3.704808171906459,6,3,3,1
8,40,44,47.86736364123849,0.09446927185289351,0,4.009788292522123,1.5637601254406381,0,2,3,1
9,200,47,42.525540465330394,0.11170574583097029,1,2.9604427920567793,2.187305627496513,10,4,3,1
19,199,2,49.215031362636154,0.05584023261643204,1,3.022090674294756,3.3176756403785843,2,5,1,1
5,77,14,38.02899736523909,0.073683600528345,0,2.8479882865286004,3.5366474952635696,10,10,3,1
20,75,101,40.781717861450566,0.09784134111151967,0,3.620886660117911,2.6311274482120126,4,6,3,1