accident_hours,rainfall,wind_speed,driving_speeds,alcohol_levels,traffic_violations,lane_widths,road_conditions,mental_states,riding_skills,accident_types,falses
7,50,15,48.644626108707484,0.11565024651583006,0,3.0714748029632224,2.936982162141797,9,3,3,0
9,60,46,45.553517856620545,0.11629784169209574,0,3.5301711341670843,2.78027647435983,4,1,3,0
19,82,27,36.62366553936923,0.11074050259555679,0,3.478550869306101,3.7962452217432947,6,10,2,0
9,2,86,46.319382245565095,0.09792134253353793,0,3.7106003874617306,3.75349901401147,4,7,3,1
19,36,19,52.09008905009811,0.05109339958151789,0,3.163549167075899,2.1791453780365955,8,10,2,1
7,78,3,44.030426341518,0.08035710128998133,0,3.291114616880094,2.743098706261117,8,5,3,1
22,94,40,42.18764216779774,0.09161050923779636,0,4.54533161403009,2.7858125078417713,9,10,1,1
9,16,6,50.207661264430214,0.011028236176464236,0,2.8816073628994907,3.341160562615519,2,8,3,1
10,135,74,42.132720666020965,0.013963751320656264,0,3.529803567086563,3.9831362112484223,9,7,3,1
15,7,143,47.782435487887035,0.08464794010299269,0,3.5398996351464302,2.8286537453602216,4,6,2,1
11,29,12,43.541321355883376,0.0800296833302817,0,3.2558833372241773,3.3832498899542016,6,6,3,1
19,93,56,39.69257959576776,0.09646292530112568,0,2.7411177374907476,2.4255452149762027,0,2,3,1
7,135,41,42.13686936604219,0.022149455248953686,1,3.0425678920164962,3.015748454072337,6,3,2,0
8,200,7,33.7440054945736,0.11240159456992008,1,3.2397088342381086,3.4243734550746265,8,1,3,1
20,39,39,48.95698142342135,0.028602714336871154,0,3.2732223327133254,3.113246772309613,3,8,3,1
7,42,50,48.33520776020286,0.016211959161448446,0,2.996986033064515,3.231100498285049,4,7,3,1
7,13,12,46.18409694856763,0.03892023124752729,0,3.326079949799224,3.7813604555102907,8,1,3,1
20,5,28,42.02303930738424,0.09702768099899367,0,3.606144504442531,4.228971306593193,3,10,3,1
11,143,16,48.90260852398093,0.003388669661017145,0,2.8131023500621875,3.247533268662007,10,4,3,1
19,92,74,48.1114071741781,0.02721970647387297,0,3.4288497970161917,3.6819028213586753,1,0,3,1
9,98,36,48.93619212798354,0.11467210536357239,0,3.456187412166076,3.779793135309698,5,5,3,0
19,216,43,46.94547636799271,0.002041169897117423,0,3.401847882917484,4.1220802995747565,6,4,3,1
10,192,60,43.81848745516368,0.03339092632006349,0,4.03755178881805,2.70507570636248,5,10,3,1
8,36,46,43.88045403330849,0.03909266035470222,0,4.055860063873538,1.6949122232654477,4,1,3,1
17,44,12,34.93498355377516,0.11086937361055894,0,3.739015710814338,3.3505510165931627,6,2,3,0
19,10,28,38.86791896242225,0.10214502597370186,0,3.920630691849817,3.6640640611141633,9,3,2,0
10,2,13,47.17013551542438,0.055210643277135193,0,3.740714918984798,3.045354933323637,7,1,3,1
21,71,26,52.660614210989316,0.03810682367437797,0,3.704847323377488,3.1248079512578433,6,3,2,1
9,33,72,49.133060288454146,0.11333133254469474,0,2.9813444027905285,3.3667829708724537,8,10,2,0
8,17,38,43.759725565576886,0.022596068497574787,0,3.455695439648956,2.7814042628397715,4,1,2,1
9,163,108,40.90398485687903,0.05721850135915652,0,4.183908995216852,2.353848887470914,0,2,3,1
9,47,28,48.43623674267834,0.05021259834536459,0,3.3119288634934096,2.0001292832260704,10,0,1,1
19,1,9,45.903444513273165,0.11222458282356854,0,3.422989607046335,2.139082141893473,3,2,3,0
17,19,46,40.88902707215657,0.09069725962368752,0,4.037470952150411,2.8554574734342606,8,7,3,1
10,9,21,46.13013711192781,0.0556051884473908,0,3.4697607003345614,3.024800403206916,6,0,2,1
16,95,28,48.782708311545264,0.07284634754887666,0,3.449649701843911,2.791902166230392,7,9,3,1
9,41,9,36.98423019183266,0.10890260414510262,0,3.4980842009184125,2.3100209397624125,8,4,2,0
7,83,79,44.4804323527638,0.09974742720036606,0,3.320054959613569,2.835641168388216,5,3,2,1
17,17,80,51.42358821811327,0.07385441827940273,0,3.643287421980488,2.8425639028356278,0,0,3,1
18,141,29,50.20092862089151,0.10983821811238496,0,3.255362775782531,3.47981740978609,10,6,3,0
19,161,2,44.88754665589293,0.04563443581441233,0,3.1917428663603915,3.1615202449703843,8,10,2,1
7,102,16,39.98774600723708,0.08798165412315458,0,3.810604000424861,2.94122833962992,6,4,3,1
17,78,149,37.90398880005527,0.0019338138266850225,0,3.061755768531947,2.9922972930814895,9,9,3,1
9,51,42,49.43701137049632,0.06995685307303903,0,4.244612003966456,2.407205772931074,10,1,3,1
18,42,13,42.33608626013104,0.016437468848986923,0,2.6924892788404655,3.1482192339665045,9,4,3,1
8,35,80,48.15223700164158,0.06291609314490261,0,2.430274563669909,3.4656126970564087,1,1,3,1
19,9,3,50.789771329298425,0.02958135764810842,0,3.3059656018578103,3.0906511224885422,7,3,3,1
18,40,44,41.16197482809865,0.04568196505066073,0,3.6423658721694285,2.580743183735616,3,6,3,1
10,79,36,43.27843278455592,0.0950597514394807,0,2.7554103496667284,3.433719955799515,0,9,3,1
19,256,36,50.7525819922789,0.007032577386466409,0,3.6309705419600204,3.302787648710055,3,7,3,1
7,104,27,44.030929828192356,0.06448817342052039,0,3.5022046982777186,3.443357397248991,7,4,1,1
5,26,3,47.87811397571723,0.017384830391697553,0,4.005875319480916,3.085382383555059,10,6,3,1
17,204,33,43.36897004805242,0.06878892879399945,0,3.4522902406724194,3.306905271800522,7,4,3,1
7,31,68,39.20741124493014,0.07603118108086493,0,3.4205314288937627,3.011149670927888,6,8,2,1
15,85,73,47.57698074548669,0.0218503125120799,0,3.7056668441289187,3.1931981834516603,3,9,2,1
12,128,12,52.58357621886276,0.0007160049132500479,0,3.6553327209825865,2.807116562351077,2,8,3,1
18,50,85,47.05132504258054,0.01025439750009166,0,3.429389458429287,3.0100798360911054,5,7,3,1
21,73,37,48.07693523778357,0.08275354543838205,0,2.847133328555442,2.945101068155324,5,1,3,1
8,72,36,48.15608437020943,0.045611859202702415,1,3.664913571551248,3.347059701001944,7,5,3,0
18,66,113,53.31583867505493,0.04474739964197925,0,4.0163311347493,2.8490091036848297,5,8,3,1
15,120,26,43.4203549414305,0.0830268533466702,0,2.740800711124288,3.4868287932590407,4,5,3,1
18,58,82,33.909126779587766,0.05965588777847667,0,2.971012758384178,2.3989689789084507,9,6,2,1
9,86,43,51.307055483417685,0.07645022513283362,0,3.133178930462184,1.8858735796119215,8,6,2,1
19,46,14,37.62757403276312,0.11031946386667008,0,3.852936733483488,2.394934642643749,8,3,2,0
18,0,5,42.591295135286636,0.06082369535299976,0,3.6272451097506737,2.945319034943173,0,9,3,1
6,74,47,41.02461621528257,0.07656421883775152,0,2.94131831353536,3.451532949560533,1,7,1,1
18,96,12,41.02781446031328,0.07676560503836008,0,3.535824940839902,2.5866590001226473,2,9,3,1
17,29,34,49.55515894556324,0.06416382051667624,0,3.1893530461645936,2.360065656284506,9,10,3,1
18,1,30,48.49424505875148,0.07973201170592611,0,3.282942910516062,2.5988190232450634,3,1,3,1
5,81,55,40.76521316127119,0.10012143788591843,1,3.1279868620542115,3.3683272006171987,7,2,1,1
8,99,4,51.19100105277947,0.09693973697169246,0,3.071062618925346,2.848938778545047,0,9,1,1
11,59,78,43.7608073226303,0.006872347287907407,0,2.720040482963658,2.9242099386839224,7,7,3,1
11,14,22,54.3452522927751,0.11421447832563286,0,3.7718978377440657,3.4768460207774208,8,2,3,0
7,74,72,43.08575069160253,0.10166409314881407,0,4.618851829652682,2.8195790456420013,8,8,2,0
9,92,55,42.77382927977149,0.11647229471873913,1,3.432534031443973,3.486152946839325,0,5,2,1
9,75,2,43.19265697506509,0.02328952620185092,0,3.688763036378138,2.95569658620858,1,9,2,1
5,268,8,40.48602800734345,0.06436899737543737,0,3.6372751947631237,2.597475893386013,8,8,3,1
9,62,18,47.79308683000208,0.0527872282967334,0,3.713318449951204,3.3516577231929046,6,1,3,1
18,59,48,41.590088036601024,0.04523489542256355,0,2.9953550315389705,3.293577677319023,3,1,3,1
17,178,3,43.64902831383186,0.04878191005291677,0,3.357422240037676,3.1888919547839523,5,10,3,1
9,92,57,47.386070735012744,0.10843448104228852,1,3.2920911456151827,4.065577885338105,0,2,3,1
9,70,7,54.909032842836616,0.08381351047695833,0,3.811172357003258,3.424561877958884,4,10,3,1
20,57,14,41.65286079693,0.038969987066981564,1,3.548720076520072,2.4251119554027327,1,3,2,0
19,21,37,42.28204136384671,0.045465398303756475,0,3.9756716740683764,3.1182216372068137,10,7,3,1
20,165,12,41.96228967021561,0.05622255039029666,0,3.6375026260215773,3.3520071524813946,3,2,3,1
18,75,86,47.25911093892221,0.04403160015989812,0,4.083270258824118,3.1528652202338128,8,0,3,1
19,51,39,42.5894890948415,0.02520878522991835,0,3.9018871353916063,2.618260979474517,1,7,3,1
6,65,118,40.53878141087,0.05224164225615873,0,3.4621661728731703,2.5930574812929597,1,2,3,1
14,199,130,45.51283272610293,0.00954316047970396,0,2.7368328824349106,2.3924825691097396,7,3,3,1
10,144,9,47.90614443108974,0.1025304439683774,0,3.7850905151799727,3.159654087802707,8,0,2,0
18,61,3,42.57521948240778,0.09898438958700724,0,4.04064124321076,2.7253961568749596,9,10,3,1
7,12,6,45.48942526516262,0.10703050415903802,0,3.520926760088186,2.606088823119662,7,4,3,0
18,85,113,46.31967935775209,0.05350926542699944,0,3.4416318423277827,2.7590699636056764,7,0,3,1
20,88,48,44.98793010513863,0.07814751063921743,0,3.398193297051782,2.5296279843477523,2,9,2,1
20,68,50,46.608417384078706,0.09719922404037741,1,3.419608589308635,3.157548904706744,10,0,3,0
17,61,42,40.75088584594271,0.037782847781383265,0,3.477999352865654,2.97326335990944,7,10,3,1
6,43,60,39.7588196046621,0.07600615758236581,1,3.994861667903311,3.291488843103151,1,8,3,0
9,71,54,40.97501197952277,0.05258786743587712,1,3.3030863504520154,2.70832300168847,6,8,3,0
18,69,19,33.32054906032098,0.04484527866717472,1,3.763447634228699,3.0695317728341367,8,0,3,0
10,101,20,39.061977152561795,0.10313681997143563,0,3.7467224716873835,3.078695046757798,4,9,3,0
10,34,1,48.50383750224809,0.07488936451019189,0,3.589311844643861,3.2146209394328196,3,2,3,1
19,88,82,48.32780261416148,0.07480746216189069,0,4.113933620209201,3.0420445588831204,9,4,3,1
18,47,14,38.44199383403362,0.01882365386623329,1,2.865202777045281,2.427511472500913,9,0,3,0
15,22,30,36.46986035022945,0.04163018453471561,0,2.819409884038653,3.255402846339945,8,3,2,1
6,70,3,45.1196847491951,0.10095099097515516,0,3.1137932341655485,3.342573613213263,2,3,2,0
16,47,26,47.63899941929512,0.025619056515033354,0,3.2534443774040303,3.0449320240227107,6,3,3,1
11,117,56,41.0672880644248,0.11645563564226592,1,3.7493589930858175,2.8490843183555414,4,1,1,1
16,15,43,42.038543555947456,0.09982514604306032,0,3.3410355337879403,3.642295623473777,7,6,3,1
7,24,35,48.88622130760529,0.03211374727095499,0,3.2238837208903792,3.2510474837590433,9,3,3,1
7,5,40,53.39916580668815,0.012986276271184684,0,4.193758358827367,3.2214185915849365,2,9,3,1
5,235,75,42.04634463978751,0.02034668269171782,0,3.3777849707224354,3.086127386307559,3,5,2,1
11,237,36,47.79434443393314,0.029064243238008356,0,3.636907443142217,2.7753510815643576,2,8,2,1
18,68,3,44.8135419563074,0.028529672242766035,0,3.410301320993314,3.363986213125415,8,4,1,1
7,29,26,50.458781402889855,0.0019535174265511435,1,4.384612038489275,2.8141401365733003,5,4,3,0
17,31,5,39.34044191672836,0.08583619428955139,0,3.706713378389571,3.317281750591597,5,4,3,1
6,249,29,45.09780449595435,0.11724801062331887,0,3.829234231389765,2.394509320330749,5,4,1,1
16,118,25,41.75795690130362,0.0343721079534082,1,3.2611166254244224,3.378539228739825,3,4,2,0
7,98,12,44.67685478690984,0.001953455202030061,1,4.286964180827829,3.0764780095876234,2,8,3,0
18,61,36,49.39845530883027,0.11019721288813776,0,3.8284320399703975,3.1631834125127596,8,1,2,0
9,42,20,44.901253963393145,0.02474397966255814,1,3.0490726153310637,3.705223794211491,6,8,3,0
19,211,13,41.18728235042799,0.000858494267404164,0,3.582492045713082,2.9524909390961076,7,8,3,1
9,15,34,49.54837413275708,0.02689469553491426,0,4.325350810107458,3.035098455016806,3,8,2,1
16,23,2,47.55260977395151,0.012481909865507793,0,4.229746736581562,2.8778280516256296,1,9,2,1
19,47,114,46.19207408963572,0.08712562082869503,0,2.366764870186228,3.548024998293841,2,5,3,1
17,53,0,38.987526837871116,0.00019698939952141002,0,3.3762953945430736,2.5900016258658054,9,7,3,1
8,60,49,47.47130243770117,0.052962181179426596,0,3.41331631491248,2.8917097039141906,3,9,3,1
18,32,26,41.73832164104417,0.059034253251967275,0,3.447482483209746,3.3453977947663063,0,3,3,1
9,176,8,40.042704726116064,0.09410432578734,0,2.9120006851342666,3.654556870999837,5,10,3,1
5,71,139,40.38191706682865,0.06268372661862005,0,3.5426035092785817,3.278516964939984,3,4,3,1
16,172,3,47.91491461627203,0.01496850429931527,0,3.1755311093038765,2.7879639702335357,5,7,3,1
16,25,3,47.29950882420105,0.05117762495484215,0,4.145634653983665,2.888110510655892,7,9,3,1
9,13,33,45.07580919222606,0.11215090989126553,1,3.334415233334531,2.9403950844548903,10,0,3,1
7,27,39,34.22769958013052,0.028416517069493434,0,2.5985497110187707,3.227451636057517,8,7,3,1
18,131,9,50.38546207485859,0.03593619941323941,0,4.060750885699942,2.572012628706461,5,8,2,1
8,15,41,49.249597287444736,0.10479105766710164,0,2.96200334690442,2.8512263253860137,8,8,2,0
8,98,9,42.238071274599115,0.09431577283282423,0,3.9441833257854713,2.905118004217443,2,4,3,1
20,133,23,51.80623488425447,0.03546200697946844,0,2.755287303996943,3.639765800824783,9,3,3,1
8,241,135,40.09183443207575,0.08500475478682742,0,2.8663554152674235,3.44354983328989,5,8,3,1
18,159,80,45.45683327973594,0.010213869026015522,0,2.623005387331269,2.7323930111296404,8,10,3,1
18,26,46,45.53004925576538,0.06515928267911086,0,3.5494428868445467,3.2255623319041913,6,0,3,1
20,44,23,46.18041571492767,0.10451711178851596,0,4.251259799131027,3.373074776926214,3,5,2,0
11,30,56,38.03866609691286,0.10110207966935675,0,2.6523649419404265,2.136859117883778,1,9,3,0
10,43,146,37.1520218337262,0.024341440950083917,0,3.034405182403043,2.6779563825902195,5,5,3,1
7,15,32,44.53907516777224,0.06397985349041366,0,4.103402387608744,4.41060620761407,7,2,3,1
6,68,23,40.61815381699751,0.047815320819229824,0,4.240956259971086,3.3617394570110237,3,4,3,1
19,96,5,46.65739767387029,0.06730267292841921,1,3.6230760155595174,3.7892056192396084,3,8,3,0
14,33,28,45.63366834614257,0.009008741857286435,1,3.2063883122350862,3.213237743825002,8,9,3,0
11,115,44,51.637451699063234,0.11776267725646494,0,3.7188244226140887,3.086739779808581,2,8,3,0
8,95,85,51.499820520869974,0.0676217326643642,0,3.477888026405058,2.7428918696927034,4,10,2,1
7,21,27,45.25525081975285,0.014314758277302957,0,3.842240048293311,3.9311648910687316,6,6,3,1
17,79,148,52.45609088930025,0.07707221063339507,0,3.4756324880542917,3.2663956587484213,3,4,2,1
7,63,108,46.04227688494748,0.0009256187701000228,0,3.190702408415731,3.2926489629919855,10,6,3,1
6,14,12,44.79026360447281,0.000776048666235769,0,2.9575155690105226,3.8010871986126524,10,9,3,1
18,96,29,53.53548627898659,0.021497588233635997,0,3.0708388516659615,2.792812969703132,10,1,3,1
8,76,42,40.25284238526293,0.03251145890447908,0,3.5941750721070083,2.9269079322809715,10,10,3,1
18,11,17,37.25040319074849,0.03157925383838169,1,2.9953349278249033,3.49016594422699,10,7,3,0
18,54,35,43.83786753896942,0.05318059984628358,0,3.962129905607903,2.7435838641406005,3,6,3,1
20,84,143,45.92731773084541,0.06158336185571069,0,2.994816162843712,2.3665806215791614,5,7,2,1
17,229,80,48.14066503799672,0.05065821216282624,0,3.38483437517677,3.31402034971187,8,1,3,1
17,68,41,39.305243355140846,0.04486664497611849,0,2.194621992802574,3.2811985785573317,7,5,2,1
7,175,60,44.20814757295819,0.08041678492168253,0,3.486116041110465,2.688836717621088,2,1,2,1
10,54,10,38.89684604626296,0.029800443277781863,0,3.7155549990036887,3.057193359447207,3,7,2,1
9,254,111,43.56562158256751,0.0753367830839234,0,3.8606767359176706,3.0511080555041596,10,1,3,1
18,251,26,51.695420787009446,0.11480010479021507,0,3.571723071144425,2.8395958491915754,10,0,3,0
6,102,18,45.72996571424383,0.056612783323928134,0,3.5220351323232206,3.0915876588052615,7,9,3,1
18,64,26,40.24309796395006,0.06134371440480313,1,3.493246866207649,3.806068010337038,0,8,3,0
10,76,46,35.1662175979893,0.08739344633947455,0,3.1785900475116735,2.9990009325589835,5,5,3,1
9,92,4,43.152074367436114,0.06088749485617603,0,3.6301906421177086,4.125241563040063,2,5,2,1
8,47,21,44.897618005696316,0.017268900706913656,0,4.366954786296215,3.0340984926982713,8,10,3,1
8,37,73,45.018603476529826,0.07328440121057096,0,3.946075741740043,2.66830920183147,0,5,2,1
19,31,19,38.38883314723163,0.061052815706135695,0,3.6856143421051586,4.03205331897842,8,0,1,1
9,17,42,45.94778184934698,0.11417718621728051,0,3.4639587034850385,2.5676882112181154,3,7,3,0
10,46,12,36.035142028237644,0.011160412991837645,0,3.517529250252087,2.0202208783085425,4,3,3,1
17,21,13,45.59672459236777,0.0643762009246602,0,4.025724225947688,3.4217595268212424,7,0,3,1
8,109,19,44.227726175362854,0.07403171185933642,0,3.9449067972585663,4.2602914324399395,2,0,2,1
7,82,48,48.30244506320329,0.07438730944815852,0,3.975731212867859,2.7856886747565683,9,0,2,1
6,34,11,50.51663560070948,0.007164086685571437,0,4.373260117170649,3.0670203035044588,10,6,2,1
8,4,45,33.326123841351475,0.039339686292923,1,3.8245532090709244,2.6172925683699626,10,5,2,0
9,41,29,48.333064429177774,0.03150515828167064,0,4.358504997607391,2.9643738667360164,7,6,2,1
18,52,13,50.29399367651435,0.08159843543760044,1,4.865064398299215,2.590228764419687,6,6,3,0
8,86,84,48.43115767156802,0.08824946157258312,0,2.715922633382234,3.4505489005381538,9,4,3,1
18,34,11,42.29378596283704,0.025112327377225574,0,3.523374806640782,3.644188280880532,3,6,3,1
7,28,2,50.47907835142863,0.09912964757541246,0,3.108429553881712,2.3558506927924796,5,1,2,1
10,88,74,42.19789694926587,0.05820406297486612,0,3.4707782343926277,3.6406602595948696,2,10,2,1
9,97,6,39.57803477155074,0.0315552993527351,0,4.447140685191594,2.5722387418175687,3,0,3,1
16,173,90,44.908117598435865,0.035970364645009516,0,4.267053893294501,3.179157225629251,7,9,2,1
20,18,38,44.410839896246024,0.03162447173143123,0,3.6655268203006357,3.473693220029294,1,4,3,1
18,34,37,49.36317711780164,0.07253301504774763,0,3.709590073743098,2.9123836656228868,5,0,3,1
22,64,46,41.59240776663126,0.06324790178464262,0,3.1991588958597763,2.402929701164856,9,6,3,1
19,95,78,45.68020001477086,0.11264759531613791,0,4.127305732663465,2.54162703653912,5,1,3,0
16,6,142,39.26526701392944,0.032842681597366113,0,3.222267844524051,3.4684168139878406,2,4,2,1
5,104,5,51.67898365265484,0.03830128178392407,0,3.82973683619373,3.5550937442601143,3,2,2,1
21,35,34,47.93354365730397,0.0007772807442932139,1,3.1857176262194895,2.2128498080909416,6,0,3,0
9,95,74,33.64715317627029,0.035800642640641554,0,3.1777686942068564,3.7418373410592665,6,9,3,1
7,97,49,50.95627994727262,0.030105603780375863,0,4.025522954483382,2.6334295510873384,0,2,2,1
20,96,42,45.812535067285005,0.04823948878383222,1,3.3357727566697966,2.7407961885576144,1,3,3,0
17,17,21,45.44517427116803,0.059476868644865774,1,3.629258573607969,3.2278400602416335,7,8,3,0
19,76,78,53.97610346817494,0.08043014349693887,0,3.3122882521182166,1.9279592704366757,0,3,3,1
8,63,25,36.823797281361145,0.023026621713248784,0,3.664304650012597,3.143103940447246,9,6,3,1
18,175,9,47.16908290635215,0.06677026155020546,1,3.5204590492141077,2.944557406888299,3,5,3,0
6,30,48,43.222306292212444,0.08743714382822637,0,3.6137343437022604,3.3066368679966156,8,10,3,1
17,96,80,40.42765860191913,0.028941853259692715,0,3.6627443054204027,2.9490265184533593,9,0,3,1
7,0,98,51.71965433736683,0.04214539171655791,0,4.222895454700527,3.533376554392771,10,4,2,1
7,37,35,40.617214014376906,0.024614234123684926,0,3.212968729945236,2.5890286677154988,7,4,3,1
8,8,68,42.042250073462874,0.01332384767564868,1,4.819900830552288,3.3119274707471336,9,9,3,0
18,74,3,46.48562570837947,0.09074448773303087,0,3.2891020441110657,2.8678413878723306,2,3,3,1
15,44,25,50.98162559836517,0.028807631869032634,0,3.1654844931437944,2.1524709970937326,0,1,3,1
18,133,22,43.39295114327859,0.04410824274842466,0,3.412939098200667,2.672399204053329,7,8,3,1
17,94,41,49.05095771896565,0.029722421801061282,1,3.7979398452291613,3.0642019495157533,2,0,3,0
8,15,144,53.42342101110141,0.005258960145680609,0,3.0013083002878744,2.9726371757286483,8,7,3,1
19,69,0,53.86440081571062,0.08747883832296457,0,4.052566237218874,2.706721528852703,4,5,2,1
8,97,14,51.19655889289919,0.07719959302661078,0,3.421143105909564,2.585616231823033,8,8,3,1
6,66,83,51.19331007541275,0.057135131070724966,1,2.3392403977796583,3.0232092184108845,8,3,3,0
10,171,27,49.91470811632086,0.08092030936576902,0,4.000498773499634,3.754778954691466,4,8,3,1
10,35,13,38.36140778817478,0.10157998757827261,0,3.3293253080222254,2.9340040710623536,9,2,3,0
10,96,42,47.047191931860915,0.07421549896531458,0,3.2309340841006278,2.3840421475851583,5,3,3,1
8,1,4,47.17435546230283,0.10881422702362199,0,3.8762055528763577,4.359413669348066,10,8,3,0
9,93,96,47.88694200868708,0.02417942328916486,0,3.4499748016638336,1.8935841428570106,0,1,3,1
20,52,10,40.643220228936514,0.10600291438628809,0,3.0970893197181715,3.9014901453208948,5,10,3,0
15,76,32,47.89998475305535,0.06498417867045232,0,3.223435717587255,3.077131293130194,0,1,3,1
10,259,12,50.11982701930304,0.10099508886566895,1,2.8561253027806544,2.861066890019459,3,10,3,1
8,14,24,46.4127216205299,0.08925714490773372,0,3.5788595969282784,2.804184259180239,4,6,3,1
17,243,34,39.68614523658075,0.006916783362118544,0,3.8884318921554537,2.895327084588776,1,4,3,1
8,12,27,42.04553158336644,0.10053549155714354,0,4.415118123964902,2.9210786867767427,8,0,3,0
6,44,47,47.0214759361506,0.04047461769477423,0,2.740676736145606,3.9003861531014565,4,3,3,1
7,83,46,45.73988953699722,0.05077622990387446,0,3.628262278120733,2.4328291926748875,1,2,3,1
9,62,1,37.849216369363816,0.0013289443498727671,0,3.305174875031097,2.916192035546137,3,0,2,1
9,81,146,46.670017373397634,0.09104658330859274,0,3.725919973074206,2.941783365375598,1,4,2,1
9,105,67,39.50983730428166,0.056034877263203865,0,3.5318584346044,2.980068732570594,5,2,3,1
17,39,2,39.92735435497581,0.11275419729432049,1,2.8901277498140043,3.9050028371123213,5,3,2,1
8,259,2,39.39464833970095,0.03371975357786353,0,3.2940336256815317,2.901398746300532,2,2,3,1
7,237,18,37.597975924522736,0.05952861343845215,0,3.6500834314017205,2.5587974964911053,10,1,1,1
18,78,44,34.31406670326003,0.04933618044044038,0,3.365371550696601,4.013720216128241,7,4,3,1
19,35,15,38.20646647516878,0.0950532014098565,0,2.5893936560482365,2.7100064517348845,3,2,3,1
7,67,1,45.742739049489245,0.06427722471133533,1,3.328531036086046,3.0296438508943107,3,6,3,0
20,17,39,46.0840964660158,0.05518535178112178,0,3.842981385937473,2.647236595002249,10,2,3,1
8,94,23,43.355167298212656,0.11361837046892063,0,3.9172782164318765,2.84062834859622,6,4,3,0
15,37,22,43.37208148847504,0.04535319797839536,0,3.978710519789752,3.35407581282839,1,0,3,1
17,156,8,45.25922974387614,0.05880228077873528,0,3.4523242799776312,3.1092766844640525,8,2,3,1
8,77,22,41.748281587592174,0.06649690058159928,0,3.2138511055215986,2.7704139283091407,9,10,3,1
10,37,33,41.33534486531672,0.006463781830148263,1,3.6905485108504616,3.0982375360894907,7,0,3,0
17,91,46,46.32620527054854,0.06318145981902717,0,3.4212308627194656,3.729811330706118,0,5,2,1
9,77,8,50.60867403022071,0.04029599851572062,0,2.818667797548313,2.5973827660696474,3,6,3,1
6,50,80,40.71523363641253,0.07802961725546975,1,3.008736700645388,3.3521480082028265,7,9,3,0
17,151,40,45.429459042510295,0.07723497043686373,1,3.8038468558648124,2.3642654637561153,2,0,2,0
18,181,29,40.19286991130054,0.08535582918778739,0,3.3760456694688155,2.570420799559983,4,5,3,1
8,28,46,47.19247233411456,0.04789803314841685,1,2.991631823679473,3.089664908454043,3,7,3,0
17,8,2,57.53996805414086,0.012574514043533753,0,3.0947100837914254,2.785110901855171,1,2,3,1
9,13,46,47.9431070550659,0.052698383795086234,0,3.6990343187229624,3.8158428274220184,4,2,3,1
4,54,36,46.949438605431695,0.06626238192373746,0,2.576296647423937,3.4309850105009496,6,2,3,1
16,266,48,47.17481776919836,0.0029820301448974227,1,3.463550323802111,3.4731137551873164,3,3,3,0
9,87,9,45.74586876162668,0.0656835599741305,0,3.732763372732343,4.020167297748557,2,3,3,1
17,75,47,43.53626685212292,0.04791315927270319,0,3.979801834208536,2.6238335835166824,1,9,3,1
7,57,58,38.43793173484624,0.0574148889786238,0,3.5150863598333415,2.533717408848301,7,8,2,1
9,66,29,45.004540396236486,0.036400349220459774,0,2.5511471906543353,3.180732351065619,2,4,3,1
7,32,24,44.582549240510005,0.05905674347897166,0,3.7720533866014962,3.0645330523448946,4,3,3,1
8,72,17,44.367734665401834,0.10582088047646043,0,3.690300286822163,3.0772570200988723,1,8,3,0
8,58,50,46.170421771671755,0.09454188581561741,1,4.227194326886738,2.7968696154703836,6,9,2,0
22,20,8,47.77198715970072,0.07392530140838868,0,4.259024372699205,2.5842220192802694,6,3,3,1
9,81,44,47.05922570673598,0.07518925272296838,0,3.5256378957763967,2.8997713737162605,9,0,2,1
20,49,34,43.6519571634364,0.10744684502351994,0,3.021993391012264,2.7210178971025614,10,6,2,0
9,150,2,47.05721610767493,0.05756354127443636,0,3.7819065361294064,3.555278298289731,9,9,3,1
9,68,71,41.031620916188665,0.06472160160713607,0,3.987140562487835,3.0102554818751357,8,8,3,1
7,27,8,36.93317805659263,0.10322142766633842,0,3.542437553537051,3.559146288040796,9,7,3,0
7,21,54,42.38325179863912,0.09056607111704823,0,3.4037906521633614,2.5292264464295737,0,8,2,1
16,86,129,45.02914482895307,0.05196733886979714,0,4.327415443695773,3.0417794507672533,8,3,3,1
21,168,26,36.3766839583267,0.03663147802844317,0,3.062086553101839,2.6746784576745357,3,9,3,1
8,23,16,45.49671100256705,0.06213824284615375,0,3.2663348257941287,2.8804393053482515,2,10,3,1
7,98,0,45.8844659220588,0.014473341982275963,0,3.723385075406746,3.4891655245637527,4,3,3,1
8,56,66,49.114472938516215,0.08165258872184213,0,3.3723381740643608,3.7417099137423646,1,10,3,1
15,119,24,46.776288088922776,0.05573373475903434,0,3.6549209779316056,3.6790924900852953,2,0,2,1
16,82,144,38.39578584125293,0.07139854915219301,0,3.9941392183854965,2.5588885051111525,4,5,3,1
17,15,54,46.50784571651889,0.10154386020180986,1,2.9176220411830176,3.3766997000330656,6,1,3,1
17,205,96,45.152500561439574,0.04275846220684671,0,3.233504347629925,2.5851433497022938,10,10,3,1
19,1,27,47.09441028792567,0.05966015402516286,0,4.316483524439817,3.3919076309753615,0,8,2,1
4,34,97,50.293369526324376,0.06668286620693757,0,3.62255148007054,2.4346782013402164,6,0,3,1
8,29,123,41.485169574924754,0.033620982450040214,0,3.459786350091017,3.1628501766647323,0,6,3,1
9,29,28,43.503415811556586,0.032980286938851376,0,3.26755092752601,2.5497396279338798,6,10,3,1