accident_hours,rainfall,wind_speed,driving_speeds,alcohol_levels,traffic_violations,lane_widths,road_conditions,mental_states,riding_skills,accident_types,falses
10,90,36,44.88947831439251,0.06314669832451875,0,3.89674779054885,3.5002476354393766,6,9,3,1
17,75,36,42.69416821734151,0.030859577775427107,1,3.0745717506240595,2.510669595063802,4,7,3,0
10,87,30,35.30106211593572,0.10334427998975902,0,3.965374660670547,3.215451976404013,0,4,3,0
17,21,30,49.276388692772336,0.11938501958366556,1,3.2552112936188236,3.327442886208946,8,0,3,1
7,62,47,34.4729293628776,0.025302261538147963,0,3.067050276800826,2.7224440801284557,3,0,2,1
15,76,47,46.464600907157816,0.06903100668669707,0,2.9044044535745392,2.7846744606459852,0,4,2,1
8,81,44,38.59776389177641,0.017445365277828775,0,3.462241617046314,3.156626985217213,0,0,3,1
17,37,6,39.950696362265276,0.02226855691156016,1,3.509919918100551,3.44847431168945,0,8,3,0
17,1,12,48.112480512145346,0.09191627801452333,0,3.0364484400678635,3.8264638551944716,9,9,1,1
16,6,41,51.24568380324877,0.023961612877162586,0,3.149521385984214,3.4647768852647025,5,10,3,1
7,10,89,46.59766616386912,0.08988014119104813,0,2.4959017197203996,3.543031194412352,9,8,1,1
15,58,38,43.67255338338652,0.04848344633598779,0,3.307378011086387,3.254292887202801,8,8,3,1
10,8,81,44.16680537220467,0.05753512252234191,0,4.735609580552707,2.9233943482116653,0,6,2,1
9,76,46,51.316134778139755,0.03112940388199028,0,2.420075437169364,3.240239283860717,3,9,3,1
19,67,46,50.885929794431554,0.06587775383628273,0,3.6690249310506147,3.004250790290162,5,8,3,1
18,74,29,47.51708102468658,0.03978659012035437,1,3.6964698534358718,3.26502853565581,0,6,3,0
16,16,0,50.91342914556013,0.02094793730342076,1,3.2877158674364475,1.8424709958271182,10,10,2,0
15,44,9,42.660865233813695,0.01668876676505971,0,3.570441616628801,3.7502709610031646,9,10,3,1
19,68,7,48.48084638890003,0.11995883543419697,1,3.130960967518293,3.99771892055334,2,0,3,1
9,47,27,38.60742839959377,0.041475957353563124,0,3.152787259244973,2.3702621952590497,3,9,3,1
8,45,5,42.48893090686435,0.0965909679066576,0,3.797430616342411,3.476623290853498,7,4,3,1
6,92,34,43.03622975545741,0.040966212322857416,0,2.2714333835938705,3.55869096591527,0,2,3,1
8,34,1,50.77437662153906,0.07475511152795629,0,3.270482643818448,3.094074582986379,2,10,3,1
19,1,44,43.95584996851935,0.10093949678805246,0,3.663541175630696,2.000518522543772,5,0,3,0
8,56,43,49.76170927163071,0.08352408775173588,0,3.3760176802657145,2.8605238821551424,3,8,3,1
17,56,0,42.13022538631475,0.00828914419043398,0,4.076199931805389,2.6603444282470536,1,2,1,1
7,49,9,48.7392903170511,0.023133114258973114,0,3.552253105604301,3.7499843545140665,5,6,3,1
8,81,1,47.69552302762065,0.10483002168278512,0,3.598732361125876,2.9939373071962274,8,3,3,0
18,98,72,33.965718321134474,0.05654678142778439,0,3.678141140494566,3.159737690039316,2,9,2,1
9,55,21,50.00573827902427,0.07181635597953409,0,3.033395860022681,3.4172343619348013,2,6,3,1
20,22,26,42.31106788067386,0.002934339207444356,0,3.743626481586404,2.920942371199445,0,7,3,1
17,49,3,38.838824430609066,0.05847799785542674,0,4.362400645785565,2.66860394555134,5,1,2,1
9,177,43,40.610133241915996,0.05170277533146482,0,2.542331831882902,3.4290385959898395,4,1,3,1
8,38,11,42.20895787144088,0.08234352272485182,0,3.013365076344486,3.145098448285705,6,0,3,1
19,93,37,40.81670527421067,0.0329336890651339,0,3.694068456837559,2.891467700297049,0,6,1,1
18,73,36,40.583939989234274,0.08926690854210012,0,3.3666498427391867,2.731342462845581,6,1,3,1
18,81,17,43.767388771230586,0.0805075032065948,0,3.4534311133179667,1.8711567005626841,10,2,2,1
17,91,24,47.15022566891068,0.06116540343902642,0,3.6031088602647956,3.676581455942925,8,5,3,1
10,36,14,50.784506284104104,0.04507811012353504,0,2.874957500356061,3.5125804199732618,3,1,2,1
7,70,33,53.00487174341783,0.036238986431729826,1,3.1113940948982024,3.982801119061378,1,10,3,0
7,72,31,56.07397636109805,0.06421194340930994,1,3.638980319161142,3.678760333816717,5,8,2,0
17,68,88,46.55481246508984,0.06921887021167338,0,3.2140432001417945,3.486544131492054,3,0,3,1
20,95,5,44.25361684150248,0.053775847869898113,0,2.7913770229969255,3.1940125611081296,0,6,3,1
6,81,37,48.594674580791214,0.03846893616409382,0,3.2433316692535294,2.657372090843861,4,2,3,1
16,15,18,39.2830090575238,0.10558804697861103,0,3.610165844542257,3.348362047129155,5,3,3,0
17,15,15,43.858104657683874,0.03722555141655428,0,4.332128124555658,3.0103982563235485,8,4,2,1
7,94,41,46.996558185131306,0.0806599079402222,0,3.3203371716396357,3.7173867883065523,10,10,3,1
19,76,40,40.32233534918291,0.10857905658371955,1,3.571466508454108,3.0577379114752974,9,3,3,1
9,95,83,49.92481558087211,0.07762196552969916,0,2.9371479052382967,3.008858744690458,5,0,3,1
8,33,6,47.34817276873859,0.04391077320060301,1,2.4625724873497545,2.564395515452619,8,8,3,0
7,257,35,43.137358982542075,0.03566494655367893,0,2.9373952282527647,3.6483016647988338,9,10,1,1
5,80,47,47.02645537729152,0.10240820943626727,0,3.4210929325256916,2.5761490548697066,10,8,3,1
18,23,69,43.90890503090978,0.05879476690924647,0,3.827803351264381,3.3267837378061857,2,1,2,1
6,286,107,36.28147183131498,0.07120415539354684,1,3.1481036975444305,3.676166502448153,2,9,2,0
8,148,2,50.489554698903135,0.0715559767133775,0,3.4572178733371306,3.028737886175716,2,8,3,1
8,33,98,44.65895723905177,0.06405620774541812,0,3.696753872053691,3.1473731931820246,9,5,3,1
8,11,17,46.43293421573414,0.11175915908656583,0,2.3792040973309474,2.293038866784087,7,1,2,0
19,84,21,48.25127458760956,0.11172410111001908,1,3.8963583883983164,2.331339659741253,1,7,3,1
6,70,28,35.914719682198744,0.0048505787956302894,0,3.073126543887994,2.4193985490644954,10,9,2,1
8,84,14,44.330232506211736,0.060679926064228895,0,3.817031069871774,3.4343869178353543,6,10,1,1
6,86,32,41.41877171994133,0.06786812114321981,0,3.797868674248953,2.5165861325677787,0,0,3,1
17,271,39,51.98586134548796,0.11106701596728041,0,4.098755308494195,3.4578453675439564,4,9,3,0
20,136,16,44.75005867378237,0.008358919264535171,0,3.6306886964663527,2.3769595746318055,8,2,3,1
18,62,9,44.267427620928046,0.09468894241322971,0,3.705033785446047,2.9512698650052145,3,4,2,1
10,168,52,42.93657833238766,0.07709024283648933,0,4.130764209980914,2.6990782345000253,7,0,3,1
16,61,30,52.83530473952127,0.08789990603506274,0,3.0292259291866093,2.8425046815872315,7,5,2,1
17,122,21,41.410588138616966,0.035004644039729034,1,3.598119455184101,3.6605231114027643,9,1,3,0
18,91,22,39.901228883975946,0.08959352813062307,0,3.4958506087649956,1.9371196931513812,6,9,1,1
7,140,31,40.89495515128961,0.03392067442906792,0,4.2123507942693506,3.7685182264901727,2,5,3,1
11,43,45,41.85290201399834,0.08108010875223184,0,3.2277379210714088,3.2315641050462935,9,7,3,1
19,50,128,44.8026303660404,0.09444269581208023,0,3.9746432891093013,2.4039948728980924,1,10,2,1
8,62,69,48.429739439033156,0.09399679850552287,0,3.5040562405864644,3.39666493189032,4,4,3,1
18,63,31,40.88794657403673,0.06532473456803234,0,3.1722983438527104,2.7210325031671347,0,6,3,1
6,89,4,52.38427544834096,0.04962806748514297,0,4.087567035155215,2.893066887372494,1,6,2,1
10,89,4,46.56643827956594,0.02922648385214241,0,3.3445630697944333,3.7131898620761894,2,3,3,1
9,181,18,37.78533582517116,0.004019433749382042,1,3.1236417869738937,2.372654477260616,7,6,3,0
8,82,15,35.39813042634586,0.005867407888734442,0,3.0702475926988844,2.9565008877322048,2,9,3,1
21,3,11,45.08670410195075,0.050221876995174164,0,3.986768342583206,3.3791372559650283,5,3,3,1
21,158,43,41.640009859396656,0.011392391825827155,0,3.6620177987353952,2.6264445647669405,7,3,3,1
19,187,41,40.59116940355939,0.01343561311228652,0,3.0506316366377,2.0339195246856874,5,9,3,1
9,40,28,41.95086353910813,0.023364159651940664,0,3.586951287366645,2.5320104538981485,7,9,2,1
11,23,19,41.99727533459266,0.057756894027083394,0,3.5316421675820893,3.2370144312681304,9,0,3,1
19,37,44,46.235012367364654,0.07101007516091719,0,3.8845696619107835,1.8982779615997043,10,0,3,1
16,68,8,47.31550879692515,0.08331197598459018,0,4.110527856723951,2.007319762443274,7,0,2,1
11,264,18,44.50549345382979,0.05834640094210777,0,3.1211509388279377,3.1979977317885684,2,4,3,1
8,155,15,46.124818075117766,0.079768393740578,0,2.945011038984561,2.4514513895002805,10,3,3,1
8,208,61,40.00117527649558,0.10345298071674403,0,4.048057988352104,3.4990223770275746,0,2,2,0
8,71,20,43.32140002783243,0.044899562816189106,0,3.5387419524016503,3.2645837758753364,10,5,3,1
17,12,19,45.92134538185226,0.08258867236154015,0,3.7468920995432775,2.812542457550882,4,6,3,1
16,51,19,45.123818740524875,0.07902069658283528,1,3.331870109395368,3.3761622160350555,9,1,3,0
17,57,3,48.7576394831189,0.07637947905045485,0,3.3355811874284393,3.057884444248181,3,1,3,1
18,243,12,45.36895861294158,0.07001951512952335,0,2.9309276280442402,2.974816313664455,6,7,3,1
19,2,2,34.78313406364764,0.08713893798865249,0,3.9994689997704667,3.145319698385075,1,4,2,1
7,286,65,42.09485974742993,0.09822519655261744,0,3.5486611512710424,2.842954311661402,9,4,3,1
10,16,34,52.95167449354464,0.04705553745625904,1,3.8851871957457456,3.1720767119286806,3,6,3,0
8,74,143,41.878087700648415,0.07857158361069813,0,3.7686993366197266,2.3361201484136336,2,4,3,1
10,57,56,43.90580474124133,0.029821308890789305,0,3.284778339952227,4.124629516749432,4,5,3,1
7,90,7,34.26472991905552,0.0907207483921186,1,3.894045924472105,3.543423979720526,3,8,3,0
18,26,14,39.711704455148315,0.10564719811497805,0,3.71844369396739,3.201712444755127,1,8,3,0
19,39,0,41.39545666459112,0.09137671231876474,0,3.770110126515104,3.5711513155285535,0,8,3,1
8,88,35,54.60890485274008,0.05893088849494034,0,2.7531128526733344,3.584915471444596,3,5,3,1
8,54,56,44.97248807753348,0.016012508157006722,0,2.456597072102546,2.9805997567410496,7,10,3,1
8,54,35,44.12791231821255,0.10477237011757308,1,2.672912324635413,2.586743214314881,2,8,3,1
5,2,23,43.346722731527926,0.0977545947123945,1,4.448703962797267,2.3802432293939155,1,9,3,0
7,36,75,38.446910154636065,0.08376045725663935,1,3.2437959187223697,3.406089028972274,5,2,3,0
11,156,134,50.3068508007587,0.10217818501577727,0,2.9711268298819267,3.728395036151115,7,5,3,0
18,47,136,36.25410832994771,0.06396321579069963,1,4.250035355586918,2.7385872765305854,10,10,3,0
17,40,26,44.27795370715068,0.11889388424799047,0,3.7384625985220508,3.1768385196182267,0,7,3,0
9,220,79,34.286433194933764,0.10044872716264017,0,3.064834160714389,3.5756136230883513,4,1,3,0
18,30,108,42.05069754021561,0.019631553078343727,0,2.6185255946016106,3.3759674053988786,10,1,3,1
9,1,27,33.378434663176314,0.04825845597130032,0,3.545396586169718,3.2981209659043964,6,7,2,1
18,37,20,40.97039169640716,0.02041620319318781,0,3.2094715365662445,4.168803686945378,7,0,3,1
9,32,123,49.49164721268113,0.026911287214961332,0,3.825148551325315,2.8184526653414825,9,8,2,1
17,85,43,37.639287891193746,0.06011669637813253,0,4.096545823790905,2.974695905978033,3,2,3,1
17,54,30,41.975966085911104,0.04336791741523695,1,3.930589237547183,2.575751906465457,5,0,3,0
18,12,51,49.37910602589094,0.10916885742747476,0,3.266439787071717,2.4505197826490166,5,0,3,0
17,11,41,55.83000123308612,1.3936774105345327e-05,1,3.450820173446391,3.1229723858523486,3,6,3,0
7,39,41,46.15788800518907,0.0012426407660039729,0,4.000113817825891,2.4071073688585103,9,1,3,1
17,37,46,42.624363059170435,0.11044402130933482,0,3.2087147045941897,1.8803527717120534,4,1,2,0
18,42,44,43.41628435081599,0.028682189033565716,0,3.4117421640608736,2.7673730083901265,1,1,3,1
10,47,88,41.48290038402028,0.00029659760434315175,0,4.52472296488406,2.873828764527912,1,1,1,1
8,84,63,43.84794805021781,0.05251394882968588,0,3.0294765586361896,3.5859614993116145,1,8,3,1
20,45,95,59.80087410517754,0.023477825253677333,1,3.8508723456075638,2.2033570887036285,8,5,3,0
17,187,1,49.75249071580839,0.006399587851254668,1,3.5242466983892884,2.345309001751435,10,5,3,0
8,82,122,47.963669664913176,0.06365638548397728,0,3.433165584357564,2.682357850895851,2,9,3,1
7,6,38,46.797320406310924,0.016821359462334384,1,3.4827091032486672,2.80077555521309,0,1,2,0
6,39,34,45.55182654667353,0.10042542476208567,0,2.6006667230971696,2.3513998844004007,1,3,1,1
8,248,6,45.63699377555906,0.0362594959576901,0,3.8161136231061197,3.045322401057023,8,5,2,1
6,46,1,53.161914770830464,0.026598877606250817,0,3.090746364347774,3.1623784403417665,8,5,2,1
12,18,20,45.71677863018815,0.0887708266463611,0,3.5345084049308024,2.264370648630013,3,5,3,1
17,89,14,43.89907912396241,0.10183780172373162,0,3.2067536260921257,3.2786980733097506,0,3,2,0
18,10,15,39.77823751119087,0.01117206985405423,0,3.3345489734127804,3.329238922275745,9,8,3,1
8,82,27,45.691661976643616,0.01818862676489683,0,3.16514622035094,2.3555962040266234,0,9,3,1
11,54,95,41.98614478631026,0.056946015027909344,0,3.35579027666921,3.6427917787056847,1,6,3,1
6,57,8,44.137525588390325,0.07082649669175767,0,2.8327440943709035,3.471564931981408,2,0,3,1
20,263,3,40.20288647196517,0.009991690181676048,0,4.559624689065348,2.6778361998856672,6,7,2,1
7,2,28,45.32010934065907,0.04500136405394032,1,3.375769525510883,2.600208300283222,3,2,3,0
8,13,54,41.70895281676643,0.10771222358505539,0,4.35931999921955,2.202234642041206,0,0,3,0
20,25,11,38.64873096786473,0.10512976310470658,0,3.3075705384534997,2.280860657870843,8,3,2,0
19,90,45,51.31209292675993,0.03734697147949533,0,3.3811419241934697,2.7322718409416558,5,3,2,1
10,16,16,37.73970706257783,0.027291606562462933,1,3.00846359641302,2.910370575655079,9,1,2,0
9,176,35,41.08418119547973,0.06993197281186941,0,3.930095239102722,3.1963386986953677,0,8,3,1
10,64,83,46.89164732117267,0.011534913296923457,1,3.0295875565113093,3.4357861666023943,10,10,3,0
6,27,6,50.000032100811744,0.028004475002928957,0,2.9993303047303472,2.4442986149550388,1,1,3,1
9,12,42,44.85431753517809,0.0200108240048747,0,3.520231548504356,2.9840170096453447,6,4,3,1
9,28,145,44.38522774922523,0.024929070779328908,1,3.5006859087023274,3.259004574216055,5,4,3,0
9,66,15,38.43801471527684,0.025777700229613964,0,3.133666867273744,3.3556000151759613,9,10,2,1
15,31,9,41.55163905918304,0.07529809796344732,0,3.6927994926436996,2.7006881925671156,6,5,1,1
8,138,22,36.53617367203101,0.05857351217935029,0,2.424933495470798,3.2368187589792443,3,2,3,1
20,96,25,44.136045370733505,0.10347514307474971,0,3.184605086584375,3.26735240374042,1,6,3,0
9,218,0,47.40098551631663,0.08827399529255649,0,2.794691981820998,3.7357150799538448,2,4,3,1
10,208,28,46.93838456980467,0.05986245941992081,0,3.396365430919955,2.958545582917704,2,5,3,1
17,77,89,36.151515991380556,0.03689045057848959,0,4.190951594011927,2.9103741948641293,2,10,3,1
17,37,36,48.093998277161354,0.09983548233927854,0,2.4748304020779566,2.6413442466715256,2,5,1,1
18,74,24,51.44398095901269,0.009544398681256143,0,3.702202668277984,2.5197080371483334,9,6,3,1
7,8,47,43.11585284364937,0.08171998807855048,0,3.2813364562713403,2.782644679852904,9,6,1,1
20,70,17,52.879811668126706,0.013560393606240173,1,3.163597626827478,2.3611657475537298,5,3,3,0
7,15,40,42.738107663596764,0.06393556967596799,0,3.896386127300557,2.7548489234307,10,0,3,1
7,78,37,37.25750480144765,0.10819372746522073,0,2.4851249567907088,2.3322608351391985,5,0,1,1
19,288,57,44.25150942411929,0.028568084886316118,0,3.02043448773963,2.3471550082082766,6,0,3,1
17,88,43,43.49519168885735,0.009423623608868566,0,2.9101687374118366,2.530035059974736,10,2,3,1
15,71,33,50.28269770114681,0.04073987442446543,0,2.6221328683625726,3.209637017896142,4,1,2,1
8,6,42,40.01397131980843,0.057390882976473795,0,3.694118476356053,3.302546147549564,6,4,3,1
21,62,36,46.97883957949169,0.08697704701045599,0,3.4744062085344716,2.9512002231898244,7,4,2,1
16,2,3,36.393159472155084,0.0035679803155130195,0,3.7251839766436845,3.025331253263035,6,4,2,1
9,22,33,42.26549778936933,0.01570594473239884,0,3.793575842002876,3.286973419852598,3,2,2,1
8,20,34,43.1006834633763,0.04928808904395608,0,4.000785819389982,2.8011968598577814,10,3,3,1
7,96,103,42.47441915079657,0.011402548773976165,0,3.6743387962191316,3.099881154833526,9,9,2,1
8,64,23,37.1753401124597,0.11470686779249202,0,3.274407330877599,2.51252824274482,10,4,3,0
18,4,41,42.27570352358326,0.06131865637845182,0,3.7254137672277325,3.2031315537968124,4,2,3,1
7,24,83,45.149765963773355,0.045232022841916054,0,3.3546908485653506,2.9166636439622855,9,5,3,1
17,204,3,50.31684036497588,0.11756727776870908,0,3.9828912066534015,3.144749795632468,6,7,3,0
16,64,28,41.172116141790724,0.0775313771006601,0,3.993265100850483,2.8266877015812244,10,5,2,1
7,7,11,39.902309936521746,0.06189874701215079,0,3.0642259006806576,3.675185854718315,4,6,3,1
19,67,61,56.31972803624714,0.028936143926454924,0,2.7104916131928665,3.6385590970856154,0,2,2,1
18,250,25,34.35856608355926,0.030369436322487547,0,3.099789931644284,3.6323097113194116,5,1,2,1
9,229,27,41.18270488177273,0.043472080153918166,0,4.178655194735699,2.1674605232101998,5,1,2,1
11,97,49,39.713825097762886,0.09008710532864055,0,4.574290363031249,3.18508318614864,4,0,3,1
5,43,36,36.59672392739651,0.09792059142895822,0,2.6413761875171304,3.8285327287236344,4,6,3,1
18,225,39,44.53947921348999,0.02304895057544559,0,4.008641588682312,3.0266523170565973,2,0,3,1
19,229,21,50.455076781454295,0.09808939097069838,0,3.1104049235698414,3.148140916287967,7,0,2,1
21,101,38,50.20566048059985,0.03971258812357623,0,3.2210164977535705,3.1207404524255495,5,0,3,1
8,184,18,47.862346118546604,0.024035449058643667,0,4.121505557690953,4.0792186434224735,1,0,3,1
15,97,23,50.9510277089062,0.023373908790448497,0,3.6869613847786633,3.3527290164560024,1,10,3,1
10,8,91,43.80627865066836,0.055611656793669965,0,4.022839349126007,3.517393783013733,8,9,3,1
19,65,1,45.010242120786216,0.09205566287981334,0,3.299983622677167,2.97424923628249,6,5,3,1
21,70,30,46.21265548803906,0.06848585941529527,0,4.058692566154179,3.322693684451548,5,2,3,1
8,39,37,51.346454850442484,0.055757637789555545,0,3.3658998912508333,2.82495282275243,2,1,3,1
8,64,4,42.98161365738578,0.0021619643715989722,1,3.5163761463463294,3.9027276993418356,3,2,2,0
6,256,89,50.990696025979965,0.06762735731188423,1,3.7824495225070267,2.5285384981952017,8,7,3,0
6,16,48,52.894595742282796,0.08096471999829036,0,3.316782977666851,2.420304854800161,3,10,3,1
16,70,30,46.56779572516699,0.011768549076801062,0,4.510952814363874,2.3862620997063315,1,9,3,1
8,74,14,49.050504869393286,0.1147412530055948,0,3.0596466254998997,3.176744605475131,7,3,1,1
8,43,49,39.10051569091932,0.010984971408838516,0,3.864664910116744,3.9740286486798233,8,6,3,1
19,67,8,47.84968105810041,0.0828811951991101,0,3.2723427140691976,3.0271492593690112,1,1,3,1
19,15,20,47.831092568531936,0.06294658083724147,0,3.911029672076657,4.2010767929506665,2,9,2,1
17,45,43,46.29029964447643,0.10610269680873338,0,3.594234573521287,3.700165222280403,0,1,3,0
11,291,8,49.362716269206295,0.04969126314615025,0,3.90776232412412,3.312361256039016,0,6,3,1
7,10,7,45.825684667333945,0.061025178788851574,0,3.0401464885125726,2.430418233721819,0,1,3,1
17,39,63,43.33847358544188,0.06635083818823576,0,3.5292814899172473,3.408087483551967,0,2,3,1
8,7,92,44.41725706935406,0.10498163503931664,0,3.3564217837794206,4.188845147522708,8,0,3,0
6,27,48,44.57084901121742,0.09595768669598168,0,3.145709298273276,3.543696266858774,6,3,3,1
6,66,46,44.952527948030855,0.03361316541539756,0,3.313318948204853,3.5304454757738943,2,8,3,1
18,41,44,43.16380308965766,0.11463069959948968,0,3.3472949399226986,2.6010407665642914,1,10,3,0
11,40,39,42.95149487262265,0.09036843597899737,0,3.541102582607964,3.2131453454619434,10,9,2,1
5,60,7,48.195615573196534,0.0014453380462184783,0,3.3044475371918836,3.832052578777024,4,5,3,1
7,169,29,45.240314574748254,0.022049474688542767,0,2.979991554832826,3.3725038331096875,0,7,3,1
8,91,11,39.20078629335229,0.10269673871682973,0,3.937078513105617,2.382504400827754,0,6,3,0
9,8,52,47.81494138183773,0.07750360138226166,0,3.44306641978831,3.217897191046473,2,7,3,1
16,6,34,40.47595356932905,0.03097548038643878,1,3.3017923348796425,3.0340942078312487,8,10,3,0
6,118,20,54.42807237088667,0.02057065760205385,0,3.427169355048728,2.85037418148463,8,0,3,1
8,202,92,39.94920531857045,0.017610231342674157,0,3.543951262225993,3.2939089866953273,0,0,1,1
16,27,40,54.6323796153335,0.038172653654274205,0,2.7233417380665736,2.749222881199591,2,7,3,1
17,11,16,47.28195467035009,0.10782360445925546,1,2.0666950355017244,3.20522245461172,8,5,2,1
8,87,43,42.88637056337985,0.04224556009826731,1,4.321555217748714,2.7876665066554724,0,9,3,0
8,83,41,41.08347425810309,0.07928406775126605,0,3.4311172784063864,2.7209025144302825,4,5,3,1
20,55,22,47.95572540075382,0.013387878148915542,0,3.561056616865817,2.555463025597245,10,7,2,1
16,106,1,43.17539938913592,0.06376794816077712,0,3.950956993244321,2.8646881497546226,6,3,3,1
17,32,133,41.34030177405688,0.04114493121054888,0,3.0432134652112435,3.1251985807212908,4,0,3,1
9,94,28,41.875513849726026,0.01926252356302485,0,2.9552864546458713,3.1987738201267195,10,6,3,1
20,99,90,44.874958235504224,0.09573344868168521,0,3.6820599097099063,2.82019150326751,5,1,3,1
16,67,78,45.366880561355124,0.09786474479857567,0,3.6707453911115477,3.3856529421630204,6,6,2,1
17,52,7,51.05126073412738,0.036752532372023056,0,3.3699442305722145,4.115450998320462,5,7,3,1
19,36,78,43.81143283019866,0.07845191954355843,0,3.552176535355254,3.59001542186032,8,5,3,1
8,39,45,47.86058133580744,0.04728867071454629,0,3.788441138422178,2.9154896157999644,3,9,3,1
9,79,43,42.85067256483775,0.005337140537163698,0,2.4156374072025764,3.007218526510607,1,1,3,1
6,91,16,40.41801183795426,0.0513333035773464,0,3.284007783016722,3.5019976922258085,5,6,3,1
8,66,40,41.43710985852602,0.06910328709344496,0,3.4486496596829395,3.0493960797839637,7,8,1,1
19,154,99,29.224167739287324,0.035884409520863546,1,2.321371409138029,3.3401521478380016,5,9,3,0
8,3,114,45.120862438403044,0.11386748574251743,0,3.299680285510242,2.826390851867232,2,0,3,0
7,34,5,42.84634114911949,0.06696518620091285,0,3.3426737363203554,3.7754927231807205,1,5,3,1
10,96,35,43.864422654879036,0.0445763686530466,0,2.6668373578930975,3.038762002949952,10,6,3,1
19,34,46,42.22617597707215,0.08820241018891928,0,4.58524126861525,3.0768358032618304,10,3,3,1
7,78,6,45.22556386974956,0.040910429219562915,1,3.457881494966048,3.528033179691627,3,6,3,0
7,45,0,51.83931038380101,0.002964739022561407,0,4.51780735221095,2.866624563697859,10,2,3,1
6,257,28,48.262367819101684,0.000991289333302201,0,2.689181904187437,2.9688317985795907,6,9,2,1
20,14,30,40.62562387231845,0.03623635471898567,1,2.9424396999609748,3.366040915436024,3,8,1,1
17,28,1,52.36074997655223,0.018718085825083497,0,2.6784188516301577,2.7844324782637355,3,0,3,1
18,26,7,57.28656257042606,0.04229558978199705,0,3.7872876715038504,2.7785470161755494,9,3,2,1
9,7,24,44.82336254114452,0.09235927888408736,0,3.758272000810905,2.8311436507930834,3,7,3,1
6,41,129,44.50024386360751,0.037086066644798646,1,3.779469620309689,2.9413958739595345,0,2,3,0
6,10,78,49.147944557476805,0.0671576827028876,0,2.8778591984189488,2.715481796026817,8,5,3,1
18,208,137,48.28805690714616,0.11035747861181161,0,4.283498037040415,2.864652827803559,1,2,3,0
6,68,90,42.88815686775056,0.08379514317233264,0,4.320173056819827,3.3727608097709867,7,1,2,1
6,34,11,42.46452190362641,0.06741097762691471,0,4.187668345565366,3.8926012026530645,7,7,2,1
7,38,84,42.78767554218167,0.10404668807095784,0,2.9874822999845674,3.070601755165394,6,3,3,0
6,74,29,51.28273798581001,0.039677272270223544,1,4.267327603485112,2.8954437693674255,6,8,2,0
17,46,1,43.25097300935395,0.023741369666275047,0,3.912544655443658,2.5699928430593713,3,6,2,1
20,61,25,44.98911663798756,0.08966033964656638,0,3.4173811055060095,3.2339800781032486,4,6,3,1
19,29,0,49.95620389053505,0.007055263224092844,0,2.9847862344870664,3.1317187948873992,1,9,3,1
17,17,99,51.32963902009297,0.05090188854722436,0,3.4439733238891748,2.5427029996064068,5,6,2,1
15,75,51,40.4707939953348,0.03444917988868604,0,4.1109442201792525,2.936893619971539,8,3,3,1
8,49,31,38.83817305220259,0.11655900031394245,1,3.8190593289641304,2.8501980077506253,0,10,3,1
8,121,35,46.69138840298886,0.045251475666289294,0,3.1823594563263624,2.6544488888482207,7,0,3,1
19,154,19,45.48771462172403,0.07961149526445681,0,3.521978720767531,2.8824100724460027,1,2,3,1
7,181,117,48.810948120036436,0.03221815169585651,0,2.8970815774206127,3.404116574165546,8,9,3,1
8,89,28,37.824714310908185,0.11798070729751638,0,3.518482828542841,2.0436281263274303,0,9,3,0
16,69,55,43.33821627311225,0.02164700440585843,0,2.6338406793836686,3.2455016838072406,0,3,2,1
7,142,146,46.061834821183076,0.10880433427254918,0,3.2179211923953273,2.8986421933201485,8,8,3,0
16,28,40,40.115426609427686,0.05344459458077483,0,4.202529630050155,3.4634136361683128,2,1,3,1
17,239,0,47.464386302658525,0.05127306530860233,0,4.454532002161345,2.3429061000373728,9,10,2,1
7,6,36,51.02958164977041,0.08415566775647561,0,3.312248520147449,1.8936295330304915,8,7,2,1
17,12,80,40.20436490456508,0.011198100973399194,1,3.804450664144246,3.3430632549102297,6,7,3,0
18,239,20,48.9794347383035,0.06560307222746597,0,5.222886075413889,2.8690469070618057,3,0,1,1
7,57,74,44.43368927535814,0.02639647882677348,0,4.592389474230406,2.632952632697394,9,0,3,1
7,30,44,41.94378967707546,0.018854602635401917,0,3.3047627164604263,2.739451831660208,2,3,3,1
18,33,46,42.715489391582096,0.10529694228802479,0,2.9014079981446033,2.9207858406651384,9,6,3,0
19,268,27,49.57582273747607,0.11967441436667506,0,3.504389564045502,2.578601827695248,8,0,2,0
8,174,62,42.882855835040274,0.11654362290396511,0,4.6354451154259415,3.5717316839695714,3,4,3,0
16,8,19,43.078326028154194,0.09853935840619467,0,2.973290498644682,2.6496110109504,1,7,3,1
18,25,93,50.10837972270586,0.1103964761056236,0,2.4787460643669768,3.1732219190084354,4,4,3,0
18,73,22,48.981478169222626,0.11090550512016555,0,3.8245844288962245,3.7477606345037944,1,5,3,0
7,20,12,42.70278211054386,0.021163375164718713,0,3.6104292622356287,3.045110864444628,5,0,3,1
10,218,101,54.27810423266434,0.010283816068696905,1,3.6133798970008426,2.9301661626215734,2,3,2,0
8,103,37,49.40567796973113,0.015214271438622315,0,3.4882002090934563,3.398140408660299,0,7,2,1
18,22,38,52.7144988028154,0.01951252624524223,0,3.4319568145720485,2.524588639756022,5,5,2,1
7,25,16,53.86295880116135,0.09869363830679498,0,2.8905287782926385,3.088799822757493,3,2,3,1
18,95,25,42.15470942775955,0.11295298296255571,0,3.7248347326691924,3.4221845515709,6,1,3,0