accident_hours,rainfall,wind_speed,driving_speeds,alcohol_levels,traffic_violations,lane_widths,road_conditions,mental_states,riding_skills,accident_types,falses
8,12,45,41.60496267113771,0.04222065764998676,0,3.51908830842556,3.9836202736291515,3,2,3,1
18,64,30,35.9120167532308,0.004123639240741865,0,4.57738598368234,4.356847505980237,7,8,2,1
18,74,45,52.37896819176949,0.03689762365657904,0,3.3663812322521496,2.288562268160186,7,8,2,1
10,57,26,36.790293770544814,0.08473662574492871,1,3.569075990284992,2.52101003613186,0,3,3,0
8,228,19,46.37439165823088,0.11314858140552574,0,2.71004047250152,3.318192173434374,7,3,2,0
7,257,5,39.259832929987816,0.05396327980650823,0,2.910060051167303,2.9096040113944177,1,10,2,1
8,17,47,44.4176479669158,0.040328073676191234,0,3.8416266318665673,2.643534012501001,8,1,3,1
10,31,39,44.92201940347523,0.07838680488663363,0,4.55892041705347,2.711471294202435,1,6,2,1
19,76,91,53.98382205472425,0.025335207489099155,0,3.6465906381689663,3.709906401400101,2,0,3,1
15,57,97,48.216045565001025,0.09189768062613506,0,3.3639023998175652,3.45591505971747,6,4,2,1
21,26,48,59.68226763146639,0.04968401718937463,1,2.618139417314767,3.3671839681156657,4,1,3,0
9,110,10,46.03127542204366,0.11727256739860627,0,3.581536301743661,2.9404107570345777,10,8,3,0
17,21,25,46.50301330997677,0.11209425527527005,0,4.17105214161009,2.7413407307415683,7,6,2,0
10,65,27,39.55567816490195,0.07984425320249089,0,3.1717726975141662,3.268768896079332,2,10,3,1
8,49,41,41.62194884990938,0.07775776640224827,1,3.17297726867048,3.0660453246493615,7,9,3,0
7,42,14,37.80073995032046,0.014778043316484996,0,2.981836606904871,2.3981489575237402,3,3,2,1
20,136,46,44.75943062306501,0.03371343684342871,0,3.991973072355978,3.2252098500927904,0,10,2,1
20,11,26,41.080100572445865,0.10343152099952088,0,3.518404471072788,3.5302945539684885,3,2,2,0
19,60,30,42.994394976394574,0.04355807464982351,0,3.3195318786005927,2.097900689245076,10,5,3,1
8,31,5,38.579976210648574,0.050895123400430654,0,3.848786510973331,3.1713716099242477,1,7,3,1
19,76,22,41.06616877344217,0.10077876850906177,0,3.151059516682429,3.64289709316736,6,5,3,0
19,1,47,45.12123405328779,0.05123109612365178,0,2.8887842589223975,3.13035372065181,10,9,3,1
8,52,36,35.06756940226005,0.1020014003382595,0,3.6304948099083223,3.280607156596241,5,2,2,0
9,141,28,54.08825638331654,0.008331482352454227,0,3.3917883776708937,2.2935590018256455,3,2,1,1
20,169,30,51.7953537089271,0.08292903060971457,0,3.534151341218398,3.1271755119493614,6,4,3,1
8,33,19,56.61340726964097,0.007561116220257404,0,4.238192071408434,2.65582826393124,2,9,2,1
18,81,15,40.08140966846477,0.09480149760795566,0,3.80271743891897,3.498035420442253,8,2,2,1
11,148,53,42.514131502388366,0.06626616315587916,0,2.907545180829352,2.6541109774872202,9,0,3,1
19,88,24,55.335426845677816,0.06670470266192684,0,3.4660151582827825,2.8427443390585125,3,3,3,1
10,50,43,53.83256206210784,0.04520259977874891,0,3.2967226370484926,2.9682931083110655,8,2,3,1
10,35,41,42.6684919204206,0.10840035714753635,0,3.3261222113577125,2.6816125484114433,9,10,2,0
20,10,26,39.17188670065788,0.06109139397681243,1,2.8972040044524476,2.825163796981921,4,10,3,0
8,199,16,54.299634547509676,0.03125245690733246,0,3.321013840427091,2.591327579076527,10,5,2,1
8,82,40,41.43663756928498,0.09889558444811511,1,3.1212015856778064,2.7621068781708726,7,4,3,0
18,69,31,48.24220863139414,0.11377600966778594,0,3.2909767833172996,3.471247217858971,4,1,1,1
20,11,9,48.01369377800824,0.029074937464455084,0,3.5079220546617482,3.516480591367683,6,1,3,1
19,25,42,43.40907044755782,0.07263173330862809,0,3.333020971591442,3.177377417543082,5,9,2,1
22,46,91,38.62579958036548,0.07062861472654271,1,2.6584219939970604,3.822500541908447,1,1,3,0
8,35,71,50.41702960031765,0.07315441754321392,0,3.2342733684828997,3.210147449820904,4,7,3,1
9,12,1,38.308107752707436,0.06770805043752108,0,3.19351297614991,3.190819535900975,6,1,3,1
7,60,94,37.495891542355835,0.012021279866394726,0,3.8252148682229388,3.244930574290185,1,0,2,1
9,7,41,45.24276033939539,0.049498391774452845,0,3.661084656428244,2.6012159284900216,9,5,3,1
17,86,57,38.181400643308635,0.11828588077718734,0,3.845627721685056,2.5853250436613573,6,4,3,0
7,92,38,46.82307978219034,0.010584445941092698,0,3.6283370658070737,2.760812596666111,4,2,3,1
7,58,42,52.55786544770123,0.0803561817589015,0,3.545470840425645,2.7476167945297645,8,3,3,1
19,68,0,50.2341928714883,0.10731591630989677,1,3.4807535899255013,3.134266650849581,8,9,3,1
9,99,3,53.55709350065661,0.024078925988799797,0,4.058898229321743,3.6770982130968974,4,7,3,1
18,82,6,48.976410325628564,0.09629035080986884,0,4.218819530601697,2.805847359335732,4,1,2,1
18,21,41,43.471165192004605,0.029012963275457295,1,3.7010432456541893,2.622530186111119,5,4,3,0
8,48,5,38.364150871351725,0.0036454700643171155,0,3.7873306881806643,2.446252539755617,1,4,3,1
16,92,20,39.19228797878076,0.06253586111542886,0,2.9193004402943554,3.190395791006897,7,3,3,1
7,87,21,48.52837503257108,0.08530484396643974,1,3.355183330976543,2.9890923003204652,1,1,3,0
17,76,19,48.69585211082477,0.023632911850511425,0,3.4234531150571583,3.9429209694276066,0,4,3,1
7,105,24,41.47357308334722,0.008451571041597895,0,3.2407200731654116,2.715093469869358,7,0,1,1
17,25,46,44.027338015382405,0.06641498086238984,0,4.385244115921505,3.664843507069392,0,5,3,1
9,36,25,48.35365507249111,0.017726570245862574,0,3.6135013414649855,1.9443687254499566,9,3,3,1
19,23,36,42.75269977288782,0.02211782595838996,0,3.410787368519118,2.2109184403681166,3,5,2,1
7,23,80,53.99963110920139,0.08441472360696647,0,2.8312093347852474,3.508012784811566,2,7,3,1
20,54,23,46.499872540021215,0.0734528399805442,0,3.8482683816466112,2.9954420159130346,4,5,2,1
20,76,38,48.71700188960877,0.11363675845131276,0,3.7536316990525935,2.8778350197796563,5,5,3,0
8,169,46,44.601408080291755,0.038809896595408455,0,3.1477005158717186,2.7592061030408304,1,6,2,1
18,65,128,47.10261839557668,0.02572685394124621,0,3.242304555582297,3.4174339435029095,9,0,3,1
17,143,64,37.44272736008605,0.07868877882974035,0,3.205382490616987,3.439667130453431,1,9,3,1
18,228,47,44.82558211051002,0.11663970095361904,0,3.6299218700288893,3.911756456044449,5,9,3,0
15,24,44,41.160281736976565,0.06641747432064041,1,3.2945743953733255,3.2667115161854965,6,6,2,0
6,156,43,57.56052994799609,0.0352579773381957,0,2.9539886501501744,3.4537695477950097,7,7,3,1
8,142,110,45.82541159249934,0.10925636965309962,0,4.445823523855577,2.337081566783858,5,5,3,0
17,134,124,44.07639386173797,0.07324750082209493,0,3.608169383025373,2.4528551494592423,2,8,3,1
18,71,40,46.968366625106306,0.025527416607229174,0,2.860956838643232,3.2393869366768744,0,1,3,1
8,93,27,46.61005390631465,0.11395386340757134,0,2.8649599765110314,3.428827427966236,10,6,3,0
6,51,83,45.00971802755126,0.03276124718472655,0,3.8673616582313657,3.6813057786631807,8,1,3,1
18,16,74,48.350606146368065,0.1078180489511082,0,2.972449698595273,2.260829238617255,2,7,2,0
19,46,54,47.903783468752735,0.07375036432117142,1,3.166207588724857,2.7712396686006904,1,10,3,0
14,66,40,45.41153401641068,0.06031768542418574,0,2.861849213734816,2.8058520394993485,10,6,3,1
15,176,47,52.58175181271019,0.03990806019855375,0,3.141461897241163,2.6232239779047357,9,3,2,1
8,32,54,37.0462385859486,0.014262229103008579,0,3.8640256762007885,2.1217446876667663,6,10,3,1
9,36,44,42.87047248352425,0.02937750095437803,0,3.4886560689167982,3.254251212997006,5,7,3,1
18,38,148,43.021128036357936,0.039721026300682076,0,3.1809457460449497,2.0861861286780767,3,4,2,1
17,98,41,44.859546199785974,0.03464846097806045,0,2.690098166461578,3.299091807997609,3,0,3,1
8,4,5,43.576213183278085,0.00879924056586236,0,2.901109292213947,3.398503360922937,9,3,3,1
18,36,24,42.30364953579292,0.06957377640500832,0,3.2466803987720585,3.428894525591172,6,3,3,1
19,11,30,51.19868840812603,0.05702155290359536,1,3.509053841804108,3.1969650334095756,9,10,3,0
17,94,30,40.030398749322714,0.012775544690311546,1,3.732588937009678,3.1951021786171543,9,0,3,0
11,31,38,47.35084963484896,0.055662474910240504,0,2.897125602186717,2.2400483831206612,4,9,3,1
15,5,28,42.3898435943178,0.009475746427390313,0,3.693015269491225,2.5213515640730395,1,2,3,1
15,27,34,46.9013794853316,0.11178351981437082,0,3.638562416819778,2.8506590821413895,10,10,3,0
18,43,31,51.57117250197577,0.03108944978110229,0,3.6135627035669007,2.262498452017713,8,5,2,1
20,43,8,29.108088088934046,0.08697892175638518,0,2.4964626979619005,2.357158611138653,3,8,3,1
17,203,61,40.85484923704609,0.03014991403645142,0,3.551201119395366,2.7146987420729403,9,5,3,1
8,32,1,40.873053392229096,0.05694155323159512,0,3.316850277524617,3.000259392546337,3,1,3,1
15,238,119,44.202939407147284,0.11199195036146196,1,3.3914004338569987,3.358831643618573,6,1,3,1
18,52,38,49.57950522559577,0.10460245615299583,0,4.3751569733756,2.1756930593378945,3,9,3,0
9,142,33,54.209381801782186,0.09346568429280429,0,2.666378575752539,3.1812180199793656,9,0,3,1
19,78,39,49.49836292766316,0.0948229440803595,1,4.486914398166347,2.5991935639450636,0,3,3,0
19,15,45,44.286242422814404,0.09881544888197515,0,2.235972492432464,3.0738405055922984,7,10,3,1
8,32,77,42.42385145255574,0.08911630572817801,0,3.3418633335200116,3.5266960967371803,2,0,2,1
8,0,23,52.58145158880558,0.1076226781302167,0,3.7691332698669946,2.793613697139299,1,6,2,0
10,30,19,37.5597821567185,0.04202823235002087,0,2.937430987018082,3.23108625605902,6,8,3,1
17,116,5,46.97574490476687,0.06313531909924508,0,3.6375866514056705,3.4402643380151825,7,7,3,1
8,268,8,50.98974901860288,0.07756971004280906,0,3.126596734640087,3.124448086589929,10,6,3,1
16,94,143,43.504129181456875,0.023735506925395132,1,3.6171193452081685,3.1963176703610214,1,1,3,0
6,97,16,46.57510235938779,0.060391581397520475,0,3.418022426987254,1.9958442516585724,2,1,2,1
17,77,8,38.29092660435496,0.01488952156964773,0,3.414354654873311,3.0718225531497407,10,2,2,1
15,83,0,47.48030603633627,0.07339688153853276,0,4.244054915605223,2.2431941318483,2,7,3,1
7,51,21,45.322245303150616,0.011714554535975688,0,4.005497699996191,3.393037314608289,6,1,3,1
15,41,21,47.72001200328745,0.060402360690590774,0,3.1985076190553765,2.978645857476634,7,9,3,1
18,50,21,42.77333545073387,0.05539757959717334,1,3.8195275652557252,2.4225093488834974,8,1,3,0
20,41,0,39.44105762816286,0.013414913688398741,0,3.5827965413205014,3.2332331697721375,3,3,3,1
17,85,6,50.51644476329184,0.05272029056529809,0,3.087266630750883,3.435825203262806,1,5,1,1
8,127,97,50.632149349056775,0.08133681759463195,0,3.320818257186177,2.7079282321687934,0,10,3,1
15,29,30,47.82630839890579,0.0713656972910253,0,3.9433009530966885,3.259040952088436,0,1,3,1
10,77,24,46.97248898456625,0.05496564978215123,0,3.0375097563440927,1.8374976712490012,6,8,3,1
7,71,16,32.960245275612564,0.04379341113280807,0,3.3083548585877223,3.094501434113161,3,8,3,1
14,232,10,51.03116244812131,0.006886596729509286,0,3.9407698258116475,3.3165674884942873,9,0,3,1
7,39,40,47.36267005371866,0.11470770471038276,0,3.9915616206200273,3.06625813465026,4,0,2,0
21,51,131,51.33128898133358,0.04832492752503481,0,3.581743247225945,3.5932411891138094,5,9,2,1
19,0,7,39.079220054523034,0.0499772630705597,1,3.1320280431105254,2.3062438696548524,10,8,1,1
10,66,38,48.28099305510232,0.015401138313906503,0,3.7503507244225975,3.3073651521345337,5,0,3,1
8,77,21,47.964060455959576,0.06392018567151596,1,2.635399585304262,3.304096856704809,8,6,3,0
6,248,34,27.88405994815471,0.11750651965537409,0,2.9566204035796217,2.5766040047049183,8,10,3,0
18,60,133,44.5123781032726,0.03036305747790215,0,4.166874220833445,3.8541271291485355,2,4,2,1
9,295,31,44.97214227718034,0.037600346639644615,1,4.128170745046047,3.9591300750446394,5,9,3,0
18,296,12,40.1573145949897,0.028345741521649523,1,3.116960946498579,3.6144964870532013,1,5,2,0
15,71,20,47.3720623291004,0.1039902701602378,0,2.8329285861005786,2.4475294372511307,2,3,3,0
17,61,28,46.138878674677436,0.057025192076524456,0,2.848596574674701,3.3714712161450913,10,1,3,1
7,44,41,41.75559661575596,0.09882281861104837,0,3.157779925013476,3.055578438829076,1,2,2,1
17,157,108,42.3382112071598,0.10201042124583662,0,3.5813102867904996,3.0017428843180576,10,9,2,0
18,35,52,36.65892128690999,0.08989076053586538,0,3.0691736868429973,3.1015353623095874,7,7,2,1
18,21,127,47.218658103989746,0.03132530067135143,1,3.315401398369535,2.738124760297605,9,1,3,0
8,63,27,46.57102553770034,0.004231644165710726,0,3.3264384421091986,2.71439169071915,2,6,3,1
7,85,34,44.363364869373775,0.017194726258414766,0,3.888847920186236,3.342156706928437,4,2,3,1
17,42,56,43.606685845225385,0.0836339577223486,0,3.067034888797367,2.57443917903523,9,10,3,1
16,136,39,48.714804887530725,0.08886601645306097,0,3.4662829505843074,3.445361935293517,8,1,3,1
18,39,16,45.75532419210296,0.09196520477729934,0,4.5723495572993595,3.1585793892469898,7,9,3,1
9,89,2,49.10968238458062,0.029276314894164636,0,3.463904453665002,1.884174801470143,3,3,3,1
5,48,33,46.03343125811141,0.018364321432355002,1,3.440283596243454,2.9512717956468855,5,8,3,0
16,59,63,49.62211488177332,0.11076737976737504,0,3.337812353314176,3.0662073150996534,5,6,3,0
18,74,15,49.28574404249806,0.07970539102370792,0,3.529769293203902,3.1141747270564277,10,8,3,1
17,76,17,49.774309752215416,0.08903553619991014,0,3.5034003672812837,2.485392308169845,6,4,3,1
18,65,30,41.96711634558773,0.011268588582080085,0,3.688717921781779,2.47946957363412,3,0,3,1
16,52,49,48.38873544590776,0.049495059959666965,1,4.251052811188708,3.811821797850489,5,2,3,0
9,74,127,45.01283582985953,0.007596947610683204,0,3.2712198022062764,2.566013170339504,9,1,3,1
9,258,88,44.35452340377398,0.07893020715695907,0,3.302309750314835,2.639329409134273,7,8,3,1
18,242,11,42.62539449923622,0.05872299352008946,1,4.292383097101234,3.201950647285044,6,1,1,1
17,39,76,46.682091866689035,0.05417567037813455,0,3.25489344850979,2.0347477383013426,5,6,3,1
18,95,43,35.27289249035971,0.10834888024816433,1,3.3767490203968205,2.752372083058483,5,4,3,1
18,62,10,46.71842887385263,0.08881423251189227,0,3.532306744607138,3.224066170689512,4,1,2,1
17,39,10,46.70121490800719,0.11571038736415457,0,3.2438080050094222,2.802598028071963,9,10,3,0
17,91,16,50.34312063759277,0.005552322718497407,0,3.5941978023290937,2.0773705875310133,0,2,3,1
9,42,44,45.67004285781593,0.07388130632257721,0,2.9140815366278057,3.2443888724131007,3,7,3,1
18,38,30,51.873464624819654,0.07562606285469303,0,2.5939317561832853,2.6811304358528285,7,1,3,1
20,6,38,43.03787172622497,0.003185176302742354,1,2.811261352411798,2.967753837341352,9,4,3,0
8,77,15,42.44571707344528,0.09444972452422801,0,4.080840906791175,2.7871682580913326,10,4,2,1
7,140,8,52.98667661873477,0.018433786186148795,0,4.511327155733316,2.47660543898971,10,7,3,1
9,85,14,42.13175632028442,0.08415264368858111,0,2.6889645402969204,3.065139593036375,4,4,3,1
9,69,19,33.90911058999346,0.004538872955783293,0,3.5449339153281723,2.6885710149458246,9,2,3,1
8,59,23,53.06305185210077,0.07364249346062215,1,3.8568784114890007,3.1451710265255226,5,2,3,0
9,46,43,53.469224877689356,0.06249369560680743,0,3.037911153914693,3.465087947937133,3,3,3,1
20,32,21,44.21210298870277,0.05799323392876968,0,3.7991007800604115,3.065837420003295,9,2,3,1
7,271,12,44.69148995224227,0.043999843883262196,0,3.8171906214862927,3.1275049536907797,6,0,3,1
19,50,48,42.49593751188837,0.05042855272622963,1,3.544731878883544,2.398091786467379,8,8,2,0
10,67,14,54.38486911121507,0.057227313315211165,1,3.9590469161944,2.7469833166326993,2,7,3,0
10,17,46,52.69117063787593,0.03572274125003925,0,3.4622338218660933,3.288234933020838,4,2,3,1
9,44,30,42.284888816750374,0.11223466331035974,0,4.049943622624856,3.410250806439717,0,0,2,0
9,196,21,45.721639791813786,0.11580018853154128,0,3.6364474581896373,2.515758127765234,1,7,3,0
16,59,19,53.99442564750817,0.035988337474866364,1,3.8354336605147625,2.8648447520003892,6,0,2,0
6,37,33,55.31086694145041,0.09344300869114384,0,4.312861367022174,1.9474506726821053,2,2,3,1
8,11,39,47.11438668419551,0.09019425809736796,1,3.325254322382788,3.678087019320325,4,10,2,0
8,39,55,47.88490717909851,0.10506988847681893,0,3.178581797359966,2.7880142759966344,4,1,3,0
19,27,11,45.28382523341221,0.0004614928325712819,0,3.5652442160691247,2.143232879279747,8,10,3,1
8,4,91,42.62051623797908,0.0405741593701101,1,2.9853283982444667,3.0050660483614897,6,2,2,0
19,69,0,48.63359814545029,0.01739853712160173,0,2.5318864349224044,2.9595024997123773,7,8,2,1
7,229,32,53.65717725078288,0.04690299034358125,0,2.6388708683100206,3.9151781377769783,1,6,2,1
7,247,34,41.25790900949223,0.06907537237907534,1,3.9227752689934703,3.7517064115292507,6,6,3,0
18,91,37,46.7216641815819,0.10906186991432652,1,3.2107525801492827,3.3238959319133183,6,8,3,1
7,21,4,46.501548851213684,0.10075368477131487,0,2.670518109332667,3.132875986428967,5,8,3,0
8,107,12,38.99726749122943,0.05988268452115633,0,3.216635826663056,2.7119946370468053,1,1,3,1
9,136,3,45.86991089258582,0.0028202548978513552,0,3.054828220367195,3.3634374797062656,8,0,3,1
8,2,28,44.88727794430255,0.03610723443189041,0,2.9540291464091695,2.9386783783357533,5,6,2,1
20,44,27,43.555394744580354,0.012793210162278216,0,3.28008646519776,3.1702272351609784,5,6,3,1
7,96,41,52.706701091209474,0.07807596799791702,1,4.042301984205222,3.2550861074694213,9,7,3,0
8,15,88,43.67594730656547,0.08345138149805818,0,3.72170564170386,3.277827572966235,2,1,2,1
8,96,35,41.22052716221167,0.07785629372649736,0,3.3540605225732887,3.168305523989878,5,0,3,1
20,44,34,49.15886941584956,0.03296603620127761,0,3.6556731515451446,2.800709361461322,8,2,3,1
6,74,21,47.17058233617566,0.11034104633826458,0,3.839614458616958,3.42454361767133,9,10,3,0
8,126,39,46.145602992058436,0.07062074958402163,1,3.692087985269501,3.3772028078348346,9,10,3,0
10,15,37,49.25986762393806,0.07166984098212599,0,3.6888276003662,3.2040187063681036,8,2,3,1
17,32,22,45.093581484349706,0.09786687780373098,1,3.3335871479568793,3.234007959973103,9,9,2,0
17,49,25,44.17653730952791,0.008309359408417292,0,4.443032390893692,3.5916724202844588,2,4,3,1
19,16,129,41.9385982247468,0.02515293683726563,1,3.4227465929588026,2.5728383086167903,4,7,1,1
20,49,33,49.9919537215406,0.07074977511970604,0,3.7005280397142615,3.0037156062950703,10,0,3,1
5,2,26,52.84993048658844,0.07325193639336142,0,3.175999433359848,3.4733142613799455,0,2,2,1
8,99,0,57.378251578180794,0.05601185345687687,0,3.8465621994948,2.19217176296932,10,5,2,1
13,152,21,49.096261066252175,0.09359261000534526,0,4.0141854244228155,3.768492950764147,1,3,2,1
22,78,13,54.58256660117945,0.041474814040569484,0,3.736064804062923,3.240102352073195,9,9,3,1
17,24,23,42.50210991581762,0.0013480681903398127,0,3.9785752055200687,3.084491216337251,6,8,3,1
9,54,46,41.29455390248674,0.0407951134270793,0,4.014171333331101,3.514076639759174,3,1,3,1
7,182,125,39.770260330078465,0.1159056544997647,0,3.9667946274907813,2.5091145483644035,10,2,1,1
17,46,15,45.76860509849778,0.09348427336466482,0,3.4600106211559907,3.9450110526718585,6,1,3,1
19,225,45,44.003417235112224,0.03819018434553031,0,3.8035018998179675,2.9157018670032206,9,1,1,1
8,170,18,54.148985280204975,0.02669392552809596,0,3.360533141347164,2.784875688738003,4,10,3,1
20,17,58,43.6954316537544,0.09723216226693121,0,3.549106864603813,2.7222757208224486,7,9,3,1
20,99,45,44.107000133706734,0.023987725046775953,0,3.272839166897845,4.563728286226164,3,3,2,1
20,4,82,49.85364577776528,0.06962379245483383,0,2.796579176873697,4.006342944807443,10,2,3,1
17,8,15,51.23464286629973,0.06095526374923813,0,3.8636306780557224,3.5071231317527634,5,7,1,1
20,43,29,48.36006630862373,0.050720294611853706,0,3.1343418641964633,3.107307529094138,7,5,2,1
8,69,3,49.56421684250748,0.05111536371493108,0,3.8018757233765665,2.233629782415978,3,0,2,1
10,65,85,49.64900745444892,0.0842832979774562,0,3.938917046701381,3.46047872241492,8,5,3,1
17,85,31,55.57241551654677,0.012340439326535177,0,3.4045027123556957,2.098435797606659,4,2,3,1
8,49,27,36.40376059015665,0.04742710011210041,0,4.083937996109987,2.457496084952862,9,2,1,1
8,83,13,42.524834552862515,0.11620575870278504,0,3.3107602009103214,3.2302234467069404,5,3,2,0
10,125,37,53.40935231489079,0.09337913283955109,0,3.3046862299660305,2.9475163176409334,4,7,2,1
9,200,31,45.309885900225986,0.0025239682784309104,0,3.312318786845556,3.1653899671695314,8,6,3,1
9,136,13,49.38443172223853,0.05364676979269122,0,3.365459039086213,2.593219780952109,6,2,3,1
20,80,119,33.33529739737852,0.014063301420046699,0,3.35688414321673,3.389021377252705,8,0,3,1
20,169,36,41.885164135421945,0.05816547216339712,0,3.4040848832766626,2.618709834249499,7,5,3,1
8,213,9,36.327303789245676,0.012429971120973153,0,4.769948881264094,2.0700505432653107,5,0,3,1
7,161,24,42.04785287874061,0.04670573243275429,0,3.0524383382117617,3.7769342331232147,7,4,3,1
18,77,27,43.70737230903463,0.06539949776620105,0,4.136433144048331,2.2616523263686785,8,3,2,1
18,28,90,46.86207343549636,0.044077044588408484,0,3.4432067150913124,3.2590117171435864,7,5,3,1
17,87,33,51.94876320570475,0.06942911435526244,0,3.3305609271451586,3.144892165344663,3,1,3,1
9,14,102,48.99393345484161,0.11820578191240716,0,3.821078227313984,2.7716103845014937,4,1,3,0
18,177,70,48.509316626861946,0.029494396247866612,0,3.7797195506600403,2.4495822254790074,10,4,3,1
18,58,30,43.034460616347275,0.06774095273519093,1,3.142861769866454,3.4160694235046885,3,0,3,0
17,257,31,39.3842081768411,0.05655899924738429,0,4.294314432507251,3.52989270558818,8,2,3,1
8,3,29,44.60486057014655,0.09711172486512754,1,2.9835288296007434,3.150647540256931,1,9,2,0
16,64,35,41.10268550495489,0.037785862064080904,0,3.6598048174636726,3.2868174447336216,4,5,2,1
19,36,11,40.60075613232199,0.07656173284102909,0,3.0813107075512036,3.172582071345486,3,0,3,1
7,73,116,38.056629169452435,0.08315501735208579,0,3.089459830499684,2.698007340692665,6,10,3,1
11,68,45,45.490753968294435,0.11707920459129346,0,4.01475983165086,3.02997524067249,10,10,2,0
20,180,7,45.963621353341125,0.018151767678891206,0,3.405814040249896,2.7720520768805117,7,1,2,1
17,83,28,51.304022011239944,0.11979488948542587,0,3.8524795196635635,3.4932348442274934,1,1,3,0
18,56,79,51.49264303432164,0.08654516015523928,0,3.1339091138903066,3.257625136842925,7,9,3,1
16,48,15,48.36440643080118,0.05476056248928514,0,2.651584596262755,3.836574514920003,0,8,2,1
8,161,63,59.354230469819875,0.03162758817608959,1,3.7709745924842566,3.6228006959902936,7,6,3,0
19,82,25,42.10152644373138,0.07544423424146446,1,3.738680521415476,2.88964399208086,9,1,2,0
8,10,100,43.45160096777517,0.017015158983658237,0,3.264250417107304,2.837350949910302,3,0,3,1
9,58,99,44.11233469098777,0.1136133617829051,0,3.7141868227841055,1.9279057834789464,7,0,3,0
17,13,47,43.840884135609365,0.022131016571204615,1,3.309077756608473,2.469433891227865,6,10,2,0
20,49,49,37.02084150506065,0.09291641004056957,0,4.257650897181325,3.3292257260849207,0,8,3,1
8,11,130,42.19852791227865,0.04141757487987325,0,4.078396184098523,2.8316673494429336,3,4,3,1
18,62,140,47.25629775582698,0.025901468903846727,0,3.245588223824761,2.4743396594800933,7,7,3,1
18,0,2,50.788096473905206,0.09703982631818785,0,3.465709099504589,2.9077469784226735,0,4,3,1
7,17,4,38.80308540718037,0.10654046540922049,0,4.376125093887026,2.514660296405494,5,1,3,0
19,22,23,39.33108849145077,0.0006745342999582692,0,3.724298598045997,2.992917369208823,5,10,3,1
17,50,27,40.36140727163233,0.11689817960993898,0,3.637977977712847,2.2543015771131065,8,0,3,0
8,114,78,47.58731449325524,0.050630301516742166,0,3.8114297272155406,2.6006252184592973,10,6,3,1
19,61,39,40.56017983252768,0.011529183431112502,0,4.236410019977113,3.5645383448227244,0,6,3,1
17,196,17,38.35223697624154,0.05438943187312273,0,3.20408720094066,3.5337050181239715,0,8,3,1
18,79,43,38.22310577096658,0.014228168563921065,0,3.9893745079815517,3.230146630213126,3,5,3,1
19,249,1,44.006807920598334,0.031053777696490936,0,3.511019034678557,2.928742238153778,6,5,3,1
9,116,25,45.24812430231409,0.06690127466366341,0,3.986842585434396,2.171344019032385,0,0,3,1
8,184,17,49.340904732294774,0.04310369531700373,1,3.2458125654174252,2.311126330573827,3,10,3,0
16,76,48,48.69368056414398,0.027341292573385696,0,4.0110727050334285,3.312100802655196,1,1,3,1
19,57,134,50.63699280942826,0.02357789973148953,0,2.9875552787679984,3.274454999257545,6,2,3,1
18,40,11,45.169339953373516,0.07639071258663328,0,2.707738783899957,3.498593551674295,7,0,3,1
17,67,19,40.979865372776814,0.10916269389930074,0,3.766614625986474,2.4389399399492966,0,9,3,0
8,18,15,46.674380067329025,0.006771011376331204,0,3.9670552802724894,2.8425557888688737,10,4,2,1
20,30,92,38.70390620872608,0.029307029581554275,1,3.597658592298984,3.0470120537614847,7,9,3,0
17,20,70,47.66273831063333,0.07984908450314378,0,4.4497936072426825,2.731579792592997,3,7,2,1
16,11,20,47.18542345602734,0.11848176305533172,0,3.351751082927815,3.461787920642087,7,5,3,0
18,26,42,51.398190577151475,0.0817619383400869,0,4.148764947288552,2.623116555963911,4,7,3,1
8,39,39,50.07545237800282,0.006314854603119575,0,3.0285801366058553,3.1857638799862804,7,7,3,1
10,231,42,47.93399376192662,0.0214636066149748,1,3.5967568958662244,3.3656462923114647,4,8,3,0
6,23,85,36.60908968410012,0.04171999711199173,0,4.032511580619118,3.015105559950001,4,7,3,1
18,15,148,43.055697354809304,0.018888332921977436,1,4.198031777194349,2.744153707565314,2,4,3,0
7,56,7,48.43417431484974,0.02187316815521095,0,3.187469001991638,2.9533375382325486,9,5,3,1
8,36,24,52.6143487390496,0.03283850287066233,1,2.8291409638231,3.5928405834571375,10,5,2,0
17,195,28,48.68597526265896,0.04473311800140864,0,3.534605334691264,3.1707890032624233,4,8,3,1
17,53,8,38.59994801142797,0.047021335792597124,1,3.9126225592502575,2.5075779275514654,4,5,3,0
18,273,69,53.623957496606465,0.05992525557166237,1,2.81510728202888,2.423322859753759,1,2,3,0
8,181,58,45.71873559113723,0.11138829854951991,0,3.903108757100061,3.5213733563447867,3,3,3,0
7,206,14,47.8462405737223,0.11920190790737098,1,4.682658879130019,3.293749110862889,8,9,3,1
10,88,4,48.27099365254486,0.002365720278654906,1,2.685697498980274,2.5773837744660777,4,2,3,0
18,55,14,42.054786847273654,0.059252217285969966,0,2.194120128284474,2.932211199257535,8,7,3,1
21,143,55,41.133877914790084,0.09024967846045023,0,2.6524786095637745,2.76724742028721,9,6,3,1
9,17,34,46.543324611028865,0.008795381484056435,0,4.254970634497682,3.781144492728214,3,7,2,1