accident_hours,rainfall,wind_speed,driving_speeds,alcohol_levels,traffic_violations,lane_widths,road_conditions,mental_states,riding_skills,accident_types,falses
8,48,20,41.206966633444466,0.11294260669095278,0,3.232758653621258,2.892457357992868,10,5,3,0
7,10,20,42.53843853252088,0.11252534367580944,0,3.1352234797694605,3.1786923094705775,6,10,3,0
17,21,4,43.664495339935385,0.025007147135272814,0,3.1779133400779678,3.9138668744672156,3,2,3,1
10,17,125,36.14865435473854,0.0942894419958769,0,3.7455710304253023,2.838788159709084,1,4,2,1
7,200,98,48.65670407546099,0.0697759045088115,1,4.078766494634543,2.6051744376168524,3,2,3,0
17,88,38,51.33154906483461,0.004068002630239272,0,4.082022230861672,2.631651038498326,1,9,3,1
17,116,7,48.048429923331845,0.03567627850241939,0,3.993926374444667,2.6013949898280297,8,4,2,1
6,5,75,35.30090639875308,0.03160510537589407,0,3.408592083122404,3.28472848964172,2,8,3,1
7,90,45,47.30008057650663,0.10556618510156197,0,3.467592356438412,2.827726864221487,3,4,3,0
21,98,6,50.83321360354017,0.10770009516150854,0,2.9763197062820157,2.7278174628203193,3,5,3,0
17,12,45,42.97301410925345,0.004136036437177046,0,4.212444973858475,3.132103663761793,6,6,2,1
16,41,28,46.80463668448133,0.08896940472271295,0,3.779819700560383,3.116309291633542,3,0,3,1
19,62,42,48.06908082359541,0.014382393800856272,1,3.555997079088368,3.5971314349388197,1,7,2,0
7,63,65,41.079975493667675,0.09491086028961965,0,2.927199141769653,2.9661346758398,6,1,2,1
8,77,126,40.90743053764015,0.10147325899741591,0,2.365342545922939,2.8532264661626896,5,7,3,0
7,84,38,35.28599900150607,0.007109975406684405,0,2.888590328911773,3.4103581789528175,8,10,3,1
8,84,69,42.38588359443128,0.039151246737591926,0,3.7614335862019566,4.392726429039319,2,3,3,1
7,8,19,40.74933294607683,0.045563323414037904,0,3.1590858183061026,3.0901471286560085,9,0,2,1
10,60,42,43.83189842669352,0.11461783486926712,1,4.251681812297125,2.8875143163242343,4,6,2,1
8,97,72,49.709455831826496,0.04451026846473925,0,2.8793880466246393,3.758200691912807,6,8,3,1
8,179,106,49.101370468354965,0.030719626276886423,0,3.4931476051398906,2.598567600003095,10,8,3,1
6,51,91,39.301919858703236,0.07436370703198736,1,3.650318670860436,3.0069715066766056,7,3,2,0
18,81,1,43.513641732522665,0.01906720665252493,0,2.4465628714178784,2.5569940600703776,5,7,3,1
8,62,35,45.66111129310961,0.07501024626360014,0,3.988110926012358,2.9808481067519264,2,6,3,1
17,66,44,32.15119329116522,0.05502894616507851,0,3.3447686338607605,3.385185909955723,4,3,2,1
20,292,41,44.735763503403234,0.08777266853325859,1,2.007193904236079,2.4371299808036726,0,7,3,0
7,98,39,43.81738283365548,0.06945843972745369,0,3.320823493791368,3.7277923106252926,2,0,3,1
20,155,8,43.83137933983268,0.021189896807029936,1,4.035533159218823,3.0117919866797065,3,8,2,0
6,40,6,46.653050704100636,0.11248521855198908,0,3.011398639235222,2.5431962889856954,9,3,2,0
19,275,50,39.363875726741085,0.0538537141612276,0,2.709770090739004,2.8735392101911588,0,0,3,1
11,34,34,47.490910209019106,0.08934742910357386,0,2.700436940585682,2.733267294004473,4,8,2,1
8,100,85,45.93628328895834,0.06383299278685271,0,3.2974220579596096,2.8410535990445194,5,1,3,1
11,51,0,52.49498817899357,0.10383257707740182,0,3.894453222497941,1.680427514691251,10,1,3,0
19,101,14,45.06149594622048,0.04044304268074022,0,3.6676401387298703,2.00191376324411,4,10,2,1
19,1,17,52.065999170368855,0.07666364525524592,0,2.4828569970380916,2.54100608527797,10,1,3,1
9,50,13,52.566403401544065,0.009526350059300803,0,3.164942468061672,2.7967400607767487,5,7,3,1
19,82,10,46.88004615946817,0.009328791664962996,0,3.829788327118076,3.9101699501240805,7,5,2,1
6,13,32,44.56915302275778,0.101224530703357,0,2.944536403376041,2.873618275993802,0,7,1,1
10,134,33,41.5741866857501,0.09820525521309693,0,3.276371580858251,2.8601202675561,7,2,3,1
18,122,69,46.47562267524551,0.04311520688804403,0,2.708702134796919,2.4240868653651226,1,8,2,1
17,59,95,54.016672214780236,0.08112164882782308,0,3.4379249504233815,3.107708621285168,5,2,2,1
7,198,0,46.54976288157391,0.0994781837184395,0,3.614547367790629,2.6329777430535186,3,3,3,1
18,70,8,46.84488682180826,0.017262503848542145,0,4.363362811296868,3.6797525802721873,3,1,2,1
5,6,19,52.761311069739634,0.11816840889231035,1,3.538942083692738,2.8426731741092377,0,1,3,1
22,3,11,54.214881755617675,0.10630219296778291,1,3.641462021731753,2.838941892019204,7,8,3,1
20,254,24,45.02715535254045,0.08290991712591364,0,3.5828139136355635,3.2395955087474557,5,1,3,1
10,22,15,47.16286534533532,0.06518743509648713,0,3.259715381838803,2.9656927295962707,4,5,2,1
9,68,32,40.747301669315924,0.1073911411159636,0,3.5477768138862875,1.7283183647748999,10,4,3,0
8,15,43,46.19323025145186,0.08871983222256921,0,4.371387153847478,2.9814491089408706,0,9,3,1
8,65,27,47.737334090505406,0.07016594618161888,0,3.3095891550168144,3.2425304389509018,6,2,3,1
19,243,19,45.041220732600486,0.10699066996820386,0,2.907826422329871,2.9814892127178214,5,9,2,0
10,73,6,41.87723294442982,0.025274341064311992,0,3.758568896263825,3.196353758049062,9,5,2,1
10,96,5,41.044247973639855,0.029324941875270277,0,2.894455679169509,3.4234610406153894,8,2,3,1
20,89,22,49.74910561654663,0.11161348070734171,0,3.9429100402664545,3.082602232183429,1,8,3,0
8,85,28,47.237702147803105,0.008051577392780453,0,2.8468498078906728,3.7854789674003104,3,5,3,1
18,80,22,45.42596914676672,0.0055390598837040984,0,4.36274128928971,3.4439170945321207,7,4,3,1
18,70,94,38.37847172636623,0.09503305771193206,0,3.6316021159899865,2.528197139968572,4,6,3,1
10,50,137,44.82504062880507,0.04967960971434831,0,3.240770539408684,3.338964958379487,7,5,3,1
10,114,0,43.314776109636185,0.10995068890166458,0,3.7741593351917286,2.9078182383352926,9,10,3,0
18,24,20,38.05758434013771,0.0360827648580441,0,3.743818051258115,2.6797290914820597,7,8,3,1
11,287,33,50.02563712174283,0.03446781976157791,0,3.721705967474696,3.4197836765614724,5,6,3,1
18,165,22,48.774994278409004,0.11486602781431571,0,3.495335510876007,2.9438787968359224,8,0,3,0
8,73,11,45.96099534165353,0.06645213234461482,0,3.36260198035934,2.6964676843965862,9,3,2,1
17,65,45,37.45428881230462,0.07364504568767492,0,4.187861546620329,3.1766409989495688,4,4,3,1
19,98,45,49.50693763863575,0.10776928386592345,0,3.3696395164571564,3.6254267588135676,9,10,3,0
17,72,4,46.050321543863994,0.045698362016311556,0,3.28741431271464,2.6044508089670346,8,1,3,1
6,36,41,45.7994468779996,0.02974336662214209,1,3.7119758057038053,3.998237283554256,4,3,2,0
8,170,34,45.9481508308949,0.06852865736154241,0,3.6519449418424133,2.6623859405755237,0,0,3,1
9,27,13,41.27821711761372,0.04920260929348102,1,2.9524196602885096,2.8822926533313407,9,8,2,0
16,69,56,45.14258001049874,0.019630832242595927,0,4.293597465677028,3.316029521214382,2,3,3,1
9,89,48,50.586831846332124,0.014232126504280549,0,2.832917167977623,2.7484351374508496,9,8,2,1
9,67,23,37.40252083442797,0.08705504860864557,1,2.8196695891731944,3.5973239827335006,7,2,2,0
19,125,22,49.98486591799936,0.004104475023317508,0,4.390531753456617,2.7338258090816137,10,4,3,1
17,42,23,46.96507166729206,0.0633051595163087,1,3.466355697038049,3.0888143108060033,2,5,3,0
17,18,81,48.02940372548157,0.03955782185685305,0,3.6121565824769046,3.373846500273633,3,4,2,1
8,81,71,44.16320237017772,0.018109077059754015,0,3.2135721544330704,3.033645258599529,0,1,3,1
8,88,147,44.24162204035476,0.1068800213920942,1,3.352301779369976,2.93395537151578,10,9,2,1
17,96,114,38.49228131340246,0.0888649371405892,0,4.051270593105268,2.5743201213548654,6,7,2,1
16,129,24,43.28998498866192,0.0927718624252305,0,3.8015215946965086,2.685675857017339,2,0,2,1
17,95,20,46.59513669796241,0.0523065406167306,0,3.7652987875210533,2.2418254459298406,5,0,2,1
8,34,64,52.48409578257281,0.07780168351752899,0,2.9047558270744673,1.4332736345329142,10,3,3,1
9,60,45,46.303844123558065,0.010865185570480444,0,3.4017720574479053,3.740869425648281,3,7,3,1
8,8,36,38.26388119434071,0.01671317126180293,0,3.8454211220728753,2.8851326667607147,8,5,3,1
5,0,49,44.800289477201005,0.038708266657703876,0,2.5257753741495743,2.889676967921155,1,7,3,1
16,90,34,42.082223705885525,0.054933125685304125,0,3.0563257360586364,3.8495937761199364,7,9,3,1
11,277,19,44.683753921661776,0.011258256815348706,0,3.884226979494088,2.6155201866468305,4,5,3,1
16,79,30,45.51615215735437,0.06779689928798348,0,2.947572341114827,2.6032687321618324,2,9,3,1
9,214,2,54.90508188839498,0.028776308130176228,0,3.185402748750983,3.087475576314439,9,10,3,1
10,86,14,46.91381257462934,0.09294696042722302,0,4.0194601051157655,2.6808529723684758,5,5,3,1
6,177,23,46.86503500414731,5.630277570217057e-05,0,3.745816917538696,2.187605614184582,4,4,3,1
7,74,37,47.32963139727011,0.10392941678511193,0,3.873530388140667,2.6916456204545156,4,8,3,0
6,15,64,42.04095831058258,0.08790949983628724,0,3.734524864888464,2.02515738624879,0,6,2,1
9,8,10,52.59141444443533,0.06554069268270077,0,3.7430353613881855,3.6143482778575056,5,1,2,1
18,67,126,46.92905899338796,0.08850403223565459,0,3.539004172829417,2.887272052450363,7,1,3,1
19,89,0,43.81056359090426,0.04374958128107785,1,2.860794864846577,2.1109364207482284,8,2,3,0
6,13,39,48.02004205141585,0.01951034691231992,0,3.3072429230185754,3.0940620252896194,9,9,3,1
17,61,17,52.027550404950574,0.0010933639693008778,0,3.380853651403183,3.527959477143053,9,8,2,1
8,41,40,46.733440179534945,0.06582662643361321,0,2.7281838403819303,3.3837000995861555,9,5,3,1
17,73,28,45.06237996552955,0.03503309347755453,0,3.2214776114829355,3.5238740585295276,5,6,3,1
19,25,27,45.269724750006255,0.025522702949561545,0,3.315600430540167,2.755956194369094,4,0,3,1
6,96,44,48.731835251590475,0.10404116716066146,0,4.214918309250379,3.304927328512942,1,2,2,0
10,87,93,47.38371092035916,0.08702013519158243,0,2.5914004696227164,2.888359547298427,3,6,3,1
11,68,32,46.22949967509636,0.11882106592302963,0,3.5460144318499727,3.4437153297280405,2,5,1,1
18,94,47,44.18507659506071,0.07938776398106451,0,3.6786463872036372,2.8155269899937885,6,10,3,1
8,146,30,46.55112078653934,0.10744394207470828,0,3.858337045739905,3.319554886394638,3,8,2,0
11,56,32,38.02428161835013,0.014200332768613872,1,4.038722194713069,2.86537162089763,5,5,3,0
17,74,18,51.3809223249262,0.08673153739246509,0,2.899193943617574,2.976042985666896,4,2,3,1
8,197,96,45.44094982784661,0.010346934907772137,0,3.2771412546485035,2.8780468498971676,9,7,2,1
7,4,30,39.744649893251626,0.011348456600825245,0,3.8231649747814402,2.9412796917088855,4,10,3,1
6,62,39,43.50576162690311,0.10294025786337446,0,3.3131205597614874,2.7145172965479962,9,8,3,0
18,7,94,49.008458869024736,0.043210231973850655,0,3.5786361543658742,3.4231354581502993,0,1,3,1
6,60,15,52.773763987177105,0.0379719005411415,0,4.076254096707051,2.918744983580602,0,1,3,1
18,46,22,47.64318836981152,0.022053967753234045,0,3.9712924181104423,2.6780573568913213,7,4,3,1
18,44,21,48.34261473718196,0.058193102543263604,0,3.7639762144169024,3.413403341194879,7,10,3,1
6,35,32,43.212806309011484,0.024429914774474884,1,4.108192988686056,2.8075464364152682,0,5,2,0
17,88,130,54.6954553305967,0.06454170722629052,0,3.111009166733278,3.2025693907744763,5,6,3,1
7,53,21,44.18263412438539,0.07925256847719674,0,3.3847771210811795,2.4492881790009635,0,6,3,1
15,197,10,45.42217996274686,0.07858934425467853,1,3.5317609294100993,3.4761723710068733,1,4,2,0
7,53,1,45.519652027868766,0.04375795344848251,0,3.0467273594818667,2.492762053902971,10,10,3,1
19,137,35,53.13864741011625,0.08448453761470597,0,4.141422520995856,3.2215383964461477,3,8,3,1
7,74,24,46.8719563337694,0.03193008119860845,1,3.796776526729389,3.3579900505480498,5,2,3,0
8,179,6,49.30794621359728,0.09692174092411955,1,3.7200994227145734,3.0525456244151155,7,1,3,0
18,93,22,42.44472418457504,1.3813110852014532e-05,0,2.812308721942504,2.5704079210045507,10,0,3,1
18,68,14,47.32149909930761,0.11598781351816105,1,2.9306187264525625,2.3974344124989035,1,8,1,1
16,48,31,42.55837964969695,0.052028784659746495,0,2.9585296702507446,2.955842780691849,2,4,2,1
19,197,34,42.23573938786175,0.04007950449681466,1,2.2764525885247884,3.354271245574527,6,2,3,0
17,77,29,48.38045429405898,0.07493788494237692,0,3.561865021193312,2.7681661121640233,7,1,3,1
16,44,14,43.60671741106068,0.10549165977751504,0,2.3054843618328764,2.2728489321371037,4,5,3,0
7,43,102,41.8980314304239,0.042308555626902146,0,3.3827190099461655,3.5849513262737545,7,1,3,1
17,167,19,51.2862888614631,0.008405104707358156,0,4.2015623500878405,2.697111160121195,0,2,3,1
19,56,0,41.07238802246161,0.04246002384958721,0,3.5952287157539056,2.6265363457440576,2,10,3,1
18,61,4,54.662646122201394,0.0006104003147973902,1,3.15943149645502,2.921469490788498,9,3,3,0
6,27,35,50.321809369650495,0.022205058348389053,0,3.412423154012431,3.4486850209983,8,9,3,1
17,242,39,53.65722648453752,0.0062409067601218605,0,3.960642801511345,3.121882701607889,6,2,2,1
19,89,13,41.58392968646706,0.046510238977054884,0,3.630150949520452,2.981221856706828,5,9,3,1
9,18,44,48.50875357647577,0.007169900307594838,0,3.0324398618592467,3.4361862843417357,2,3,2,1
9,218,17,46.11700486257917,0.11807113002883615,1,3.5313093907682864,3.01523496923891,2,10,1,1
10,162,9,49.688063357128435,0.09382993835652052,0,3.4704014417213656,2.9262771436132073,10,1,3,1
22,61,3,42.260743690160275,0.05034399993701025,0,2.8617551221773083,3.3479493161409675,0,8,3,1
20,65,24,50.50298337266346,0.09485064381507166,1,4.015451857833483,2.9746101937021314,4,8,2,0
7,93,46,48.13618091864195,0.0500834160509395,0,2.219633761376273,2.648799469254203,0,0,2,1
18,227,39,44.22482123354192,0.07764978286378324,0,3.522079527246849,3.3968777702712085,3,0,3,1
18,78,12,37.45489848815438,0.09858193396744233,0,3.3964666801574412,3.5727487037181582,3,7,3,1
17,91,39,50.04855438833685,0.0821282986504824,0,3.139661291488359,3.1264762355183215,1,10,3,1
20,10,49,44.36514878118155,0.010141301116579826,1,3.0527118321184195,3.285733326883702,0,4,2,0
8,55,36,40.959189881284075,0.00521826850097769,0,4.676101515132181,3.2527464620694904,9,10,3,1
16,140,18,42.72208214868175,0.0683885917717255,0,3.167217109781078,2.1358121123220406,3,7,2,1
8,26,16,48.199049649352304,0.02357142866543216,0,3.2768676017527776,2.9172729918549076,6,4,2,1
10,90,17,44.264178948331285,0.11809116362411873,0,3.620693220899818,2.935308120297711,8,9,3,0
9,229,31,45.783521180735775,0.001955303439191298,0,3.2595455072972297,2.8723924913453875,5,3,3,1
20,82,47,46.40491467751867,0.08982312306761096,0,3.109521187235153,3.54951638122842,4,4,2,1
9,35,6,40.08086817615879,0.0050932061899946965,0,3.1175557699068572,2.8131112026039147,5,3,2,1
18,4,21,47.94390151422384,0.07330470190824706,0,3.321710459708103,3.0926890395117925,9,6,3,1
7,105,37,48.2023376710886,0.05040524035948784,0,4.021915424158829,2.4450892098788266,5,5,3,1
7,165,49,55.602275151425616,0.07593878493212519,0,3.5274416497972094,3.392231202044648,1,7,3,1
17,4,8,48.33365991998825,0.09143500691254251,0,4.285405970519648,2.617375323606681,2,9,3,1
19,87,33,46.739454314371635,0.00398404994104923,0,4.086402643900183,3.7368058700519584,5,3,2,1
18,39,35,36.78848479320925,0.06255126845982968,0,4.055196099314036,3.7434570752665515,2,6,3,1
10,22,35,48.36204356423015,0.11308077303571047,0,3.644064528795233,3.1235478749938332,8,4,3,0
7,4,117,54.260478233878324,0.02613398922154772,0,3.599363016532721,3.298243918652377,9,0,2,1
21,20,10,42.33125584134037,0.00929620136146196,0,3.83979672765008,2.8638426870784013,1,2,3,1
9,12,23,37.58625467009487,0.09251580101101949,0,3.9756278855595935,2.8527269064272263,4,0,3,1
19,155,57,41.4781193527817,0.08897301487015707,0,2.874143502709878,2.3352355474264206,8,2,3,1
16,18,8,48.78711248185034,0.046818540420559274,0,3.762460278292431,2.23378405405489,0,0,3,1
8,214,49,43.05228477642168,0.0996296648815912,0,3.3059327465634034,2.503559903589003,6,3,2,1
17,68,1,41.24762966285691,0.06526813086551927,0,3.400890412792544,3.605262738079362,5,4,1,1
18,129,1,46.46533872395012,0.057043235766863015,0,3.650251533500373,2.834207144005695,8,2,2,1
18,70,20,46.126292717341855,0.09862263165599024,0,2.6717591075928744,3.5104417459551236,10,0,3,1
9,24,16,51.971058094000504,0.011776790815783212,0,4.2947277934407175,2.999926008913853,5,5,3,1
17,58,55,42.87746901553034,0.02686798324656592,0,3.318756385080151,3.001482499391818,3,9,3,1
20,97,147,45.54642020560995,0.05329627615677296,0,3.2104247087473143,2.874548390286058,0,10,3,1
18,8,38,34.57108800140887,0.010251969121619431,0,3.7752481179032302,3.174108510010796,8,7,3,1
15,9,24,42.32815653401093,0.11950459112164659,0,3.7019217059381457,3.0021524236980874,1,9,3,0
16,10,22,46.46164792498554,0.03762372009385046,0,2.9132431202817193,2.918416593910419,9,5,3,1
10,90,35,43.701928814317434,0.11372934629798806,1,4.281525323823861,3.306108276695354,6,4,3,1
8,79,75,33.86054997839491,0.05693419313988611,0,2.929561951366945,3.010031026338347,1,4,3,1
20,257,27,48.096284486601746,0.1109422270160194,0,3.403782700443158,2.7254146769451335,5,1,3,0
20,290,32,47.62266504426262,0.052798191313938,0,2.6652457844375594,2.723729836912057,6,8,2,1
18,22,113,40.439486506535296,0.09776695399830732,1,4.585781124070013,3.2869624519520912,6,9,3,0
7,25,66,48.51738708410704,0.09013183277757933,0,3.7796457630260694,1.6885126943875644,0,6,1,1
10,57,32,38.597580179757124,0.11362743386795628,0,3.294835015716362,2.313972928019518,6,10,3,0
8,75,39,41.36020012829313,0.0764941848668643,0,3.456317251743015,3.4740218081421466,9,4,3,1
6,73,16,51.98067990480374,0.02725020461018315,0,2.9406285662290768,3.358100564404941,6,1,3,1
17,46,41,51.49914806572022,0.065028194735754,1,3.947706235892724,2.752778942090434,6,5,2,0
9,252,86,48.4170769010078,0.017504966308900752,0,2.7179758285899807,3.3836278295996447,8,9,3,1
8,53,38,41.9331206581673,0.04018440834812288,0,3.830917045009099,2.99569475367036,5,7,3,1
10,52,9,47.24972255493826,0.09470255249426626,0,3.011648236827435,2.7887348935135923,8,1,3,1
18,45,31,47.52121495545927,0.001676151094716247,0,4.194990361095434,3.0885571880142804,1,4,2,1
16,168,58,36.29228035563236,0.0745036995947922,0,3.1607729945580054,2.7314366631821057,10,6,2,1
17,87,13,39.72552441050869,0.08315836068969248,0,3.5441842689671152,2.765950536535921,4,2,1,1
16,90,75,50.42042259498807,0.10797490287516892,0,4.318469873850662,2.6277004532588153,4,3,3,0
8,104,42,32.08832010520398,0.09077592143274402,0,3.7142239428143093,3.1423503694906554,8,10,3,1
20,111,97,45.41544139627259,0.04833870130366492,0,3.786909162067564,3.031524358997972,6,8,2,1
7,22,31,44.75930292964422,0.09186936055222644,0,3.4808206775576775,2.8475538804065144,2,6,3,1
19,8,19,41.022238604843885,0.07505744990518813,0,3.2911211588808817,3.0375956231253793,2,9,3,1
6,77,74,45.0378850232372,0.0704101011503051,0,3.6512093358192073,2.6563605347955823,6,3,3,1
9,26,68,44.977178297239206,0.008849131539439812,0,3.5497301416061715,2.7901935141989216,4,4,3,1
18,131,1,45.71382908632234,0.0647618883896259,0,3.7957906926161966,2.9559270236146347,4,6,1,1
17,29,16,44.31396723966465,0.10405162920259892,0,4.213039393337149,3.563380766866159,7,1,3,0
9,97,131,47.794927076857306,0.05242211328416418,0,3.379124809885072,2.7311903557705737,6,8,2,1
17,71,27,48.6890532794209,0.08449896083844394,0,3.2413806140983823,2.93026443772406,1,3,1,1
17,289,43,40.713561331747584,0.10844854580036224,0,3.0776565769713233,3.192223670085259,9,7,2,0
8,14,11,49.97431496254758,0.0641002801011631,0,3.6239753277942146,3.1695865998429404,3,5,1,1
6,63,71,44.11970910903732,0.010574928329908072,0,3.945213273785087,2.8210395338279346,7,10,2,1
20,61,4,34.73027759374595,0.006509897941553375,0,3.3253672733938555,2.6211917442834953,10,8,2,1
7,94,121,42.74422800311458,0.09572450587357892,0,3.705912536305171,3.1347998074917185,4,7,3,1
17,6,0,44.72487566178559,0.003924376137853951,0,3.245670996802764,3.5861529828125125,5,5,2,1
16,99,41,37.73230843607195,0.11987009780695607,0,3.74023210862611,3.219100439500514,7,4,3,0
8,148,40,44.39224357242216,0.015301066488968836,0,3.164405100365251,1.9941166744599967,3,5,3,1
17,57,36,43.35979136907669,0.09301655226518346,0,3.7362794479417585,3.313095133702819,3,7,3,1
19,82,66,46.67417470552588,0.10412599398660426,0,3.3395859735847897,3.3444846515554216,6,3,1,1
16,50,38,42.816142673539666,0.03677142862727953,0,2.4411765004147132,2.6064609149956275,3,9,1,1
9,104,44,44.3447532609588,0.06499478457869214,0,3.6010976937929255,3.5785059124840357,3,4,2,1
18,177,50,49.83755286186659,0.11428505569884705,0,3.682726619584516,2.824283053556262,8,4,3,0
8,250,3,46.51255912261805,0.11461858828457532,1,3.2868911029390033,3.386893257822625,0,3,3,1
20,68,35,46.43242460550797,0.11161343212138236,0,2.6314606012208364,3.4049414177450066,0,3,3,0
17,30,35,43.31330970314211,0.0329888024948399,0,3.756048502577456,3.1332541783578973,3,7,3,1
7,33,43,40.0596779156518,0.007145199595833253,0,3.412705443641989,3.704191097302912,7,10,2,1
7,92,19,47.797357449487656,0.012334802240822347,0,3.4274704753860954,3.197339803611182,3,6,3,1
9,34,121,39.86802928499232,0.017025198503625414,0,3.5640429835001886,3.1456651552218546,6,4,3,1
7,0,28,52.90136028509674,0.08060137928588137,0,3.971101180894901,2.475462386950453,3,4,3,1
15,83,46,39.693854287159354,0.0962924776729957,0,2.9921004546754437,2.5793826444292614,0,4,2,1
19,85,28,43.849053702755874,0.00603908640454927,0,3.005226526835782,4.1174306710318795,7,6,3,1
18,28,27,49.95845308174128,0.10684863618176879,0,3.885112280903332,2.1273647173772066,5,7,2,0
9,93,2,44.62270978692425,0.08967644426276085,1,4.217197499571296,3.0247108091273476,6,5,3,0
9,63,43,46.94835488744501,0.06363429316062542,1,4.011120502739153,2.808671676003511,1,0,3,0
15,96,11,45.7561334483768,0.11879523831355426,0,3.4078415047226973,3.3115526742443118,6,10,2,0
9,68,149,37.60560759920374,0.031822337537707156,0,3.1686843407576823,3.2587277464068305,8,0,3,1
18,92,24,40.14595351575947,0.02616094019878738,0,4.11752254476648,2.723251949274879,1,1,3,1
6,90,104,43.69313701036956,0.04017634263656605,0,4.154484337251206,3.0352503914821742,3,5,1,1
8,96,18,44.499760977245145,0.063182487678623,0,3.2965195506924387,2.151293458418557,8,8,3,1
15,17,30,48.63765574106798,0.04642046769639744,0,3.958165786926123,3.765092743524395,6,7,2,1
18,275,42,45.38999541791077,0.09954013178589999,0,4.055219393767905,2.8524021916038125,2,2,3,1
22,27,31,44.29568210380208,0.10733885165243855,0,2.8963880463321345,3.551001146424309,2,5,3,0
10,5,22,43.038305245537856,0.11600012097232008,0,2.916096431846471,2.564122251289719,9,1,2,0
18,40,27,49.08333287456039,0.09819013749461333,0,3.4805550033330794,3.3115767199003625,4,5,3,1
18,93,2,41.64803283089419,0.0729734944889241,0,2.715164524349889,2.892186474050995,1,4,3,1
9,53,9,39.28147642551447,0.0736338238405591,0,3.230319045327836,3.222944607045327,7,7,3,1
15,152,117,44.15783793852037,0.022378972067143336,0,3.5060456275684753,2.6987390463756897,4,10,3,1
17,90,27,49.19152051562324,0.03158547111590243,0,3.375711820692,2.756267642332363,7,9,3,1
17,74,28,42.03600887195529,0.11967113428577646,0,2.601776371877171,3.1659499204261934,1,6,3,0
11,31,13,46.07348339971917,0.0313558072741855,0,3.7965095221052514,2.35174736952038,3,1,2,1
9,93,12,40.32238424030548,0.056024824593058735,1,3.2692231627520125,3.914716513915803,4,7,1,1
7,1,61,41.24274164558791,0.04623720813973753,0,2.6043087281700172,2.885093276792134,6,1,2,1
8,29,20,52.20846530152424,0.08259101414833578,0,3.679857330335753,3.0422389105942,1,5,3,1
6,27,10,34.63613005051619,0.040259600556049935,0,3.5451857160759923,3.73494636176254,3,3,3,1
18,111,8,41.28041218612975,0.08195399510111552,1,3.8752982913723946,3.6973401245933672,8,6,3,0
10,187,22,36.30933003051824,0.11529623557667007,0,3.480754345125163,3.2349208750708516,2,7,3,0
8,7,27,41.03909411392394,0.030286400845202385,0,3.5358751274219355,2.9315616716613326,4,0,3,1
9,245,36,49.065554407072426,0.04448125214198734,0,3.657375704291487,2.5748982679156804,4,3,2,1
8,85,1,52.51094819522187,0.04106101575576694,0,3.158271022745761,4.2110920020630065,2,7,3,1
19,76,53,38.743427647097796,0.03604287311846816,0,3.5471139855965785,3.3515619431557093,9,10,3,1
17,39,42,48.58448436662795,0.03243418415966473,1,3.9056176925391988,1.9595934282793324,5,6,3,0
19,146,6,38.37295212249772,0.07560512177471829,0,4.094247742719829,3.296279724304218,4,0,3,1
18,162,2,41.71157484589863,0.06577318842622563,0,4.412687608063613,2.757154637255257,8,3,3,1
8,128,3,46.315768478965566,0.06103999884455632,0,3.8327998473257123,2.128618055807134,0,3,2,1
9,74,48,36.1265442519163,0.0960704976455899,0,2.963227477142619,2.9750994493380403,10,10,2,1
18,76,43,41.57445916168058,0.017583626344850212,0,3.8484346692926508,2.6257133581295093,10,5,3,1
21,6,10,44.57501920430461,0.020367041025291206,0,3.4097822834024516,3.1923058503616795,0,6,3,1
9,79,39,34.60791464554153,0.06156732781997853,0,4.239890375603289,2.487986128828398,9,6,3,1
9,61,11,40.8534913924405,0.0424472584512683,0,3.0016816818459127,2.8893783664355004,3,7,2,1
18,49,15,42.41429420387906,0.02085466836250055,0,4.158729208702592,3.9277533448958626,1,5,3,1
9,37,18,41.330677331148166,0.08287591943287788,0,4.296313244977069,2.981348875857588,6,0,2,1
18,148,29,42.345972166861245,0.0595290042047018,0,3.7621943284649495,3.425025377817408,9,7,3,1
8,236,30,46.606395966514285,0.02426858791401494,0,4.287378551126892,2.9733924174413295,1,6,3,1
9,20,18,46.01653865778153,0.0317286344026545,0,4.160010312853268,2.5053712845803036,10,6,3,1
19,118,49,51.32893036701707,0.08676631917873666,0,3.512738368883579,1.6403474757484604,3,1,2,1
9,54,44,43.716310505037185,0.03929678666616245,0,2.8199783745251694,3.2809291035546417,6,0,2,1
19,72,7,37.401373179318014,0.02454221887219381,0,3.097231811275857,2.978415270900746,7,0,2,1
5,55,12,34.403670580239236,0.11587212709348017,0,2.799697017334152,3.430842299603899,3,8,3,1
19,108,43,51.65966779695037,0.01056536250895744,0,3.9063147867247165,3.04382790429778,9,3,1,1
18,87,39,44.69046399503161,0.01762968406652017,0,3.15920495008864,3.9756486813174,10,4,1,1
9,89,22,46.4999271104883,0.08607342575869796,0,3.292497649262266,2.724943925301489,4,10,3,1
9,76,44,49.08221338092477,0.05108535419234409,0,3.750385415304897,3.1593160571159564,1,4,3,1
6,71,65,46.01026787614729,0.0903517564325343,0,3.718592822461687,3.0715004322005095,9,3,3,1
16,47,17,51.03165526259183,0.06633336783774899,0,3.2554992339530036,3.2846570538054984,5,8,3,1
9,58,139,48.71575604176075,0.004825859165775306,1,3.748560284159887,2.474728546282969,8,1,2,0
9,79,5,49.93690980754215,0.08209775237309563,0,4.3548294449702505,2.6213466359937954,3,4,2,1
9,47,48,40.8960883126429,0.09669160375444603,0,4.026537630837982,2.553453915152308,1,9,2,1