accident_hours,rainfall,wind_speed,driving_speeds,alcohol_levels,traffic_violations,lane_widths,road_conditions,mental_states,riding_skills,accident_types,falses
20,66,21,48.851127577111654,0.06632098446682534,0,3.4410815656149687,3.456201152948966,9,6,3,1
19,2,93,47.132311379609554,0.036907115138610704,1,3.9423014743053257,4.071004079177214,5,9,3,0
17,78,1,40.17537106204179,0.0018626214804536544,0,2.838511473530429,2.5308323471686425,1,9,3,1
7,37,20,52.94629406649483,0.1088018908715762,0,3.385704713181643,3.1132684362202427,2,3,3,0
22,35,69,44.48619768961733,0.08483756796619082,0,3.408026530095884,3.1230744429408603,8,6,2,1
8,54,42,36.1964112979299,0.005375625649416729,0,3.740799833577373,2.3953628439246093,9,10,3,1
19,74,45,48.5957544924656,0.1008710179270464,1,2.685229287927759,3.42989320877102,2,0,3,1
9,75,22,47.4866127561253,0.006367338173842381,0,3.8313235005994413,3.082372799251645,3,7,2,1
17,234,6,43.60680629453165,0.08537713403182494,0,2.5469760157392844,2.387144800089684,1,9,3,1
18,95,40,47.878035294509154,0.08328806251394652,0,4.927165985088278,2.884974377620809,4,3,3,1
10,85,44,40.826751483935446,0.10993777334850477,0,2.7163412413164307,3.478698515677283,9,2,3,0
19,15,69,47.35227101485638,0.01985156323820324,0,3.3497133729645414,3.367155118413281,1,2,3,1
19,62,31,48.76389941785066,0.06807255000604809,0,4.520574033786803,3.2620649121992886,8,9,3,1
16,7,63,46.72882491537773,0.06536446398328116,0,3.953380795779378,3.2765284943431463,2,7,3,1
9,198,20,45.090277309402374,0.004197506208512638,0,4.329394083608423,2.2420473566825243,2,10,1,1
19,17,11,44.23089021397931,0.07659693217975115,0,3.606038933005028,3.3073145620600726,0,2,2,1
4,55,42,52.12905121575055,0.03048352166531963,1,4.305216496867025,3.974033121735958,7,1,3,1
10,76,14,42.264022918818824,0.039898988037630416,0,4.024930505940211,2.3699882712164175,4,7,3,1
10,28,18,45.50175591260247,0.02896247067569532,0,3.9501686668806153,3.26513686798881,10,6,1,1
5,173,46,44.49869331506471,0.006710783293855038,0,3.252840983614528,3.353347551667053,0,3,3,1
9,34,31,46.697310292093604,0.01999537602620672,0,3.6376625309757116,3.0906754767876086,0,5,2,1
16,13,27,51.292639224561654,0.02487696623518552,0,3.3534020864086838,3.5566126852610944,3,9,3,1
9,71,89,51.08792810093809,0.0692790678124032,1,3.6710704873935227,3.6657995906369503,5,7,3,0
9,87,11,48.320698546868144,0.016194753227336423,0,2.644927103268519,4.143125604613811,8,7,3,1
18,82,11,46.258418691041875,0.11048566740745122,0,3.895197606264892,3.3151871892099694,3,1,2,0
16,164,0,47.04050508935329,0.027814389114754763,0,3.9753239939275833,2.6342932131025507,3,2,3,1
19,15,32,52.09462576953222,0.0782093594366442,0,3.5927785381534845,3.233978588395651,7,7,3,1
9,2,84,39.54660087561586,0.0189097719828851,0,3.6058524676952985,2.640251221128288,3,10,3,1
8,37,81,43.49945078449071,0.09541592368562493,0,3.644567228202052,3.240373399373211,7,8,3,1
8,61,5,41.571140142751105,0.008581526791729192,0,3.516664242294206,2.503494859070687,3,2,3,1
9,37,20,48.35994439670405,0.08851119818203874,1,4.179959017451621,2.3646078636870116,10,1,2,0
8,16,43,43.83200339078157,0.04717985231347419,0,3.4511100632268317,3.104467933152304,10,4,3,1
18,267,63,37.04596819592868,0.05586231655652421,1,4.04691922081984,2.0892916229148852,6,2,3,0
17,34,35,41.90157685568624,0.043958301420018615,0,3.593044224915704,3.648405661933033,10,7,3,1
17,83,36,45.78486234700981,0.04824569369899655,0,3.4318058292866915,3.1118857684040284,6,5,3,1
19,23,20,47.34228843562628,0.0006390247375476266,1,4.64678837416085,3.542980329157624,9,9,3,0
7,18,100,44.17865371132965,0.003137921422434413,0,3.0397509973786905,3.460761151548588,10,4,3,1
5,170,51,40.28174569152896,0.09527234773123858,0,3.1471811988062384,3.4043482763974975,10,3,2,1
19,29,23,52.14966424333364,0.02561820199902816,0,3.606840860620678,3.152891276839156,10,0,3,1
7,34,24,47.55982223210205,0.07287568432876336,1,2.840217355648777,2.97223164540177,9,10,3,0
16,84,7,47.21472911225513,0.07839904993013548,0,2.8177469794618637,3.242905099210345,4,1,2,1
7,1,31,46.39003086921962,0.08375774272777158,0,3.982089017876633,2.563872305894755,10,4,2,1
20,93,1,39.41029344015104,0.07168100450808126,0,4.089522149128686,2.925620457721542,8,3,3,1
16,92,116,45.591231347092666,0.07545441858733935,0,3.1721416226505497,2.8618084714004324,9,1,2,1
6,43,18,33.521344651128544,0.06978056644888797,0,2.910695525324004,3.1934838218705486,8,4,3,1
7,90,22,47.04355793626638,0.11138143947842145,0,3.5944556460582278,3.1279940195093805,6,3,3,0
17,50,6,28.467270259659976,0.07975022580845102,0,3.4131278966718455,2.94339974984833,5,0,3,1
8,0,31,41.160521857294235,0.04235219543727957,0,2.875478280260614,3.776087644192204,4,3,3,1
11,37,27,45.19563613538457,0.042796365867842676,0,3.931650387785499,3.6697411368202566,1,5,1,1
8,41,31,46.30143633596005,0.009552812048004799,0,3.35124532885764,3.9103658841028492,6,0,2,1
9,3,26,38.663509484402304,0.1190142333857175,0,3.7596107504649585,2.3442022755480094,3,3,3,0
16,51,71,41.61041160375424,0.10689187452221231,0,3.3764167316444604,3.277289290117618,2,10,3,0
9,94,14,38.59357966451528,0.005168267933771439,1,3.4700370505288842,2.8200547467770862,2,7,3,0
7,117,46,50.78460194993055,0.1034134742924006,0,2.6949997479995003,2.481281004355119,4,1,3,0
10,239,52,41.46678424409131,0.01661089660737125,0,4.474563059070343,3.4090285573735466,0,8,3,1
18,36,25,44.67398545620433,0.028685873162822437,0,3.6302240240211527,3.9823397775354543,3,9,3,1
22,57,63,46.064655587530105,0.08169426669992201,1,3.541158995742471,2.4436538716958784,6,5,3,0
17,66,23,48.341680501029295,0.08762573528148866,0,3.655612008013347,2.9122067419601216,2,7,3,1
9,93,23,47.5308603931029,0.06068996859930577,0,2.5948921981823165,2.256621157203489,2,10,3,1
9,4,36,47.92782767819277,0.11612922353558203,1,3.5718864085305304,3.1626929754341604,1,8,3,1
18,58,13,39.14424996987108,0.05875379772648453,1,2.7836901473687554,2.6737771576811884,2,2,3,0
15,49,43,47.067068485490765,0.031003233831819577,0,3.273734200588836,3.2297983458217314,0,10,3,1
21,91,30,38.088575569757595,0.0010871870867172318,0,3.2781144128927364,3.709445117186309,10,8,3,1
6,27,31,46.99624315702178,0.10407609582307162,0,3.7403350827899082,3.432243333317791,0,5,3,0
8,225,146,51.30111541410379,0.047437146425702674,0,3.411810631480446,3.548988313727066,7,7,3,1
16,46,43,39.51994159833211,0.09390451859712155,0,2.907434561218453,2.9793598520710884,2,6,3,1
16,82,63,37.87063132980452,0.09286245020062497,0,4.236253071620977,3.4070271274036923,5,0,3,1
19,9,13,53.308251860944225,0.005228006328226459,0,2.916750948448268,1.8994850135823869,3,5,3,1
7,84,67,42.06607768096089,0.09858887433688414,0,3.769153188580409,3.3308012123516795,10,2,3,1
20,84,0,47.884709831169,0.03469773707064329,0,3.833239648461938,3.5415540201112443,3,4,3,1
19,91,37,36.91012178183761,0.10094770075674453,0,3.609005559934319,2.7491837102888432,4,1,3,0
18,70,66,49.57297825347054,0.05906063213694942,0,3.5660108756915685,2.8977067443795423,10,2,3,1
9,262,26,50.336717997901886,0.07099091380264311,0,3.833523790334185,3.2306028994534586,1,7,2,1
8,57,73,52.915287364184955,0.012164469155435505,0,3.3625485714163346,2.084071168065331,3,5,3,1
6,77,13,53.912223305982536,0.045514676519979855,0,3.9630029506553615,2.499867800578402,4,10,3,1
10,18,21,40.39564884254194,0.11650730812055902,1,3.334727855089991,1.8470784097347557,4,4,3,1
17,46,32,51.19213082745365,0.11110685615148898,0,3.884284373774263,3.2374077142248936,10,2,3,0
8,141,92,47.52324789817959,0.11930415975590165,1,3.740353272646095,3.603239613885002,4,5,3,1
6,17,10,44.73052536867312,0.061225876705078085,0,3.616551967937265,2.826765787063971,3,8,3,1
17,63,27,46.21776025685994,0.09819290858244747,0,2.664175344834855,3.2277173615860906,3,1,3,1
17,146,44,55.32146612931783,0.054605885329898365,1,3.7410555682548545,3.2166585409887842,1,4,3,0
10,8,45,40.45088696664885,0.11296815539165404,0,3.1674210360585664,3.302850861020885,1,10,3,0
8,26,74,45.900597677154174,0.11831886007104632,0,3.66999513542407,3.700280466289331,2,7,3,0
10,52,17,50.787458359100086,0.10533514388623595,0,3.8759910509460966,3.2818922290165484,1,5,3,0
4,29,4,46.58211805504471,0.07453959174583252,0,3.353502656462045,2.2498904218357474,3,4,3,1
8,102,22,38.42984619531834,0.11867447229409751,0,2.7293917301897768,3.348047504290751,1,7,3,0
8,93,19,45.48021551037238,0.11804912630163937,0,3.725812998113976,3.899770256529401,6,1,3,0
9,74,34,36.368766931778055,0.05700948805730297,0,3.252939768487269,2.370776458033075,10,4,3,1
7,79,26,42.98621539097173,0.03645256961939848,0,4.19335362300971,2.6369349042657606,5,0,2,1
8,7,129,38.813762402862835,0.02249048935662144,1,2.785287310579,2.380443745109856,4,9,3,0
17,68,48,41.84470942964496,0.08124148996922889,0,3.6978178469232215,2.652997224128549,2,8,1,1
16,74,44,50.04876547807086,0.004175718034412488,0,3.4249181439307677,4.429551807358115,2,7,3,1
8,81,29,42.39338748330532,0.09165933941225962,1,3.4437707857736313,2.8808325506890387,6,3,3,0
8,30,86,44.701474755819646,0.006158452278327124,0,3.964691909033569,2.2668887456881044,1,0,3,1
18,210,107,53.13156478242018,0.031844633183887874,0,3.6368669037257533,2.2636603400185047,1,1,3,1
10,66,9,46.45856869353231,0.05975967449084834,0,3.525206971009875,2.2585161905739035,6,3,3,1
21,93,42,44.714795129960464,0.01169195175462728,0,3.303935217883078,3.2524072088224765,7,6,3,1
17,124,7,43.48809807413327,0.004355720317098788,0,3.5075067876392994,3.3202728720228687,10,6,2,1
20,80,4,46.83132217800488,0.05757628291015919,1,2.6164305233284266,2.4619567266866174,1,8,3,0
18,96,31,51.62386548083255,0.10641074835284789,0,3.3645091873775157,3.0071956678040834,7,4,3,0
6,73,75,40.21637531280134,0.04899773104826397,0,3.2575470455721285,3.3825901266093643,2,10,3,1
17,43,33,46.87561263186887,0.0240335213022724,0,3.5064352194181128,3.6293184134052967,1,2,1,1
17,98,42,38.623398782673625,0.049002081736398445,1,3.537203751748393,2.666152098999828,8,9,2,0
17,77,31,35.83921333082528,0.08671613718662531,0,3.466072685396456,3.6714523985987597,3,9,2,1
8,35,30,46.532056585705845,0.004963516628013149,0,3.609469106122081,3.0904864797570837,3,2,3,1
8,98,31,45.77974245050503,0.0036894538672746302,1,3.3216842426136672,2.517503264776072,4,3,1,1
10,65,31,35.462965183822746,0.055533835269142254,0,2.4424684591757755,3.7045719901816616,0,1,3,1
9,205,18,40.50060574653186,0.0812033080864558,0,2.3644133615491905,2.908758434176176,9,1,2,1
17,18,36,42.18351938362623,0.07365085998160918,0,3.3822340156421236,2.8080668374621083,10,2,3,1
10,16,40,47.14627340267881,0.07653855276198628,0,2.6320733090783173,2.926068631948244,2,2,3,1
19,26,47,52.17577103341835,0.019886150663426264,1,4.999341086974622,3.6334890828370328,0,3,3,0
8,82,69,38.554024374137384,0.06464823695690396,0,3.430069522696386,3.2778711719036293,5,0,3,1
9,60,13,43.738843869507534,0.04535072821454674,0,4.511024861193647,3.4516689524626245,7,6,3,1
20,225,7,53.61768687052995,0.01325944434806157,0,2.799556636660574,2.7183019097660286,5,4,3,1
15,51,35,51.32325404519912,0.015367519549215308,0,3.9048218668359236,2.084932119143537,7,0,3,1
6,105,20,33.5003868879903,0.07744120978925002,0,3.3719137988039143,3.415308002796022,10,4,3,1
18,85,14,43.170662816395236,0.11486647646988617,0,2.712914870913159,3.172639829901657,3,3,3,0
9,34,5,47.02687769630683,0.01275596956695547,0,3.495558249805725,2.4951738848137053,9,7,2,1
11,97,38,48.63441682972692,0.05938685197150771,0,3.0481367530968173,2.873783554690545,5,6,3,1
21,34,131,50.62323032396761,0.02975117132800957,0,3.9818937650947324,3.538343029159242,7,8,2,1
17,19,47,36.311878204262754,0.03379298775826551,0,3.24851478530315,2.6928307975472117,9,1,2,1
18,84,112,46.03708172293256,0.026934511999796455,0,2.963670881701769,2.5261450641127237,2,9,3,1
16,74,40,46.19955459287303,0.06548297760650583,1,3.9296996217168707,3.0904497665090096,3,7,2,0
17,13,58,50.644075596434206,0.006805557239335051,0,4.406833397939529,2.714017405537643,0,7,3,1
19,86,44,47.527361780287315,0.08909968689445934,0,3.4101728828250835,2.9281289067663088,8,0,1,1
17,5,105,47.3714704484516,0.07280759441707506,0,3.4937498412543055,3.6714193356682907,0,9,3,1
9,35,2,46.848580155797336,0.04617971778157865,1,3.317440497016935,2.4830247291592458,4,9,3,0
7,39,144,45.02858968850453,0.026142032606391984,1,3.012731972520864,2.309825250609014,8,5,3,0
8,2,40,50.93018778068253,0.06435831855183412,0,3.489746581079837,2.4834827537849637,1,8,3,1
9,111,68,40.039782070469364,0.1146183319522057,0,3.5996684537217156,3.446712168092876,10,9,3,0
16,5,36,51.18735509415473,0.0849727372093072,0,2.6848388087373993,2.7681275784596644,6,8,2,1
17,29,10,44.040247992241554,0.03352267653568996,0,2.706237063103641,3.3031117542266832,1,0,3,1
10,2,7,42.278106867983865,0.08915014079973103,0,2.988589547575429,2.578071811569832,0,3,3,1
8,2,31,43.971608817862936,0.060484908388252365,0,2.9841554676406004,2.708883742288434,3,6,2,1
19,164,8,44.07225917706634,0.005762116698636133,0,3.117339450975763,2.4472826667115672,2,10,1,1
18,11,14,54.040647956325394,0.07410433328698801,0,4.459025376901446,3.2612255099719922,4,3,3,1
19,11,21,38.87700210431856,0.028067358014343975,0,3.6932499474752896,3.9656202489492625,5,7,3,1
18,53,124,38.496350975576846,0.04915906338151482,0,3.3969971310552554,3.2855829003625834,1,8,2,1
21,6,3,39.67278646069012,0.057416111394764095,1,3.5432288384721824,2.8252785514800594,7,8,3,0
18,12,41,43.85853724993255,0.09591694546565718,0,3.479276997047422,3.735309929737723,4,1,3,1
8,37,20,41.04620158272974,0.06960821077969065,0,3.33228963572392,2.9298703914819506,6,1,3,1
9,23,3,33.0041515725833,0.040811569773623206,0,3.454131457386938,2.923377901426427,9,6,3,1
8,201,7,41.56300471498518,0.07886983178673798,0,3.1819505532121397,3.554325829348736,1,3,3,1
17,74,17,39.163401662393674,0.023051409525999857,0,3.268929086683282,3.3122250887425206,4,7,3,1
8,63,49,49.96162472065903,0.09873512467396965,0,3.4146166929868085,2.024954240415446,9,7,2,1
7,150,14,48.12663950661286,0.02417163487994316,0,3.5461873344212673,3.1219689724081854,7,10,3,1
7,21,38,46.76473786260899,0.06702381943800856,0,3.42950869910763,2.722899028205404,3,10,3,1
6,76,45,36.36939922774542,0.024615377267009138,0,3.023101441485403,2.78683144165895,8,8,3,1
16,72,44,52.07367968904956,0.03906756323752212,0,4.000502229455077,3.1376600098730525,4,10,2,1
10,72,45,40.88867172385734,0.050698616239152755,0,3.32623830403589,3.5014625552500105,10,2,3,1
18,85,35,49.08371061200086,0.044090344476981236,0,3.052324917669608,2.6174056358152025,2,1,3,1
17,31,41,48.039563730081525,0.11206398556951386,0,4.786287265721289,3.483609913745844,1,6,2,0
16,11,46,40.95230530499389,0.02681888957894439,0,2.3184144927059736,2.2223179579850685,9,2,2,1
17,56,50,46.6788794981782,0.021617980319045656,1,3.534987852061499,2.2567479432687145,5,0,3,0
11,84,49,45.465242276322705,0.062104360904026816,0,3.3353262689151943,3.3121861411458555,8,9,3,1
8,122,46,50.32764700287729,0.11386991916280062,1,4.220853592680814,2.9821364120811538,10,6,2,1
7,267,98,41.6905957485425,0.06039945677243549,0,4.156262062612523,3.7946918254776305,2,9,2,1
7,2,34,45.833131568942434,0.11512493724136721,0,3.7227920406182884,2.897482538729801,1,9,3,0
9,64,19,39.94736343840714,0.02284264845568675,0,3.5616356967622123,3.3630218941519225,2,10,3,1
17,187,37,51.18454815966373,0.0012307655658305805,0,2.9969161363283017,4.022160351057813,1,4,3,1
14,114,26,44.392713177223946,0.03635342456354921,0,4.076445304152832,3.391759751256177,10,4,2,1
7,64,63,40.34092443045162,0.07658382160632278,1,3.3569732801369283,2.690843519604089,7,5,3,0
19,68,30,48.072724733588295,0.07104600118687093,0,4.153697441222769,3.7983320008822186,7,3,3,1
19,57,8,50.30164958832491,0.029006935773994214,0,3.587544707048477,3.8776510448261035,10,7,3,1
18,158,108,42.63611281992323,0.0793888981636644,0,3.241437932832359,2.954819623674403,10,7,2,1
6,104,8,55.40060379881742,0.09962967809014434,0,3.825609107725952,3.5764652234973857,10,3,3,1
7,14,17,52.577891432154615,0.08246356437143502,0,3.410910917157133,3.774204606406064,7,0,3,1
20,59,42,45.21698095471102,0.08734290658656874,0,3.3176689134535957,3.201341509531799,5,7,3,1
7,104,25,42.834457640729646,0.036912814417333864,0,3.436592695528925,2.9515377642663565,0,5,1,1
18,97,32,38.44983277578372,0.06350499722492116,1,3.817624289025381,2.935196844286197,9,3,3,0
9,86,42,39.623867218317265,0.005124637641020126,0,3.7155826884528254,2.9466770509313474,1,10,3,1
19,98,8,35.5799857718777,0.04308976064531779,0,3.02294584494246,2.50803124048579,0,2,3,1
15,41,25,47.96475372211951,0.09788673020975233,0,4.144092213018303,2.575992486792063,7,0,3,1
7,65,25,44.627391026225915,0.0948131509340067,0,2.9480531283941,2.8816722080374166,9,4,3,1
19,125,29,42.313864495986984,0.11289600475639662,0,3.460057656590788,3.4803486393666847,7,1,2,0
18,251,48,30.74555426181223,0.11625158669068801,0,3.23230786645832,3.8917285664880765,3,9,3,0
20,119,17,47.655395309981685,0.11672070206090657,0,3.8197125760811526,3.310790263877036,9,4,3,0
16,25,80,44.77180716668126,0.018885756251484944,0,3.259661762652331,3.0117503929438336,0,1,3,1
18,97,34,45.075652100648604,0.014476031353395483,1,4.060345541940132,2.6945615619043566,1,10,3,0
7,32,23,45.002818313140466,0.10500987253639914,1,3.963807376868416,2.293455484455569,5,7,3,1
9,66,31,50.11242193442989,0.04597650143139651,0,3.165002119704405,3.39981774484386,9,8,3,1
10,6,49,36.86917758593917,0.04286200403532228,0,3.9596497942149114,3.256771538861573,1,2,3,1
9,67,41,56.72253977488934,0.06404066932608118,0,4.2030126646495845,3.5861818508324688,5,3,3,1
9,55,17,38.3799396710087,0.0541694945787082,0,3.6988056353962864,3.0452702157898397,2,0,3,1
17,71,87,43.82746173436458,0.02676485942690773,0,3.6617759294026935,2.84150684012873,2,0,3,1
17,88,7,31.427039461567382,0.10135349077143885,0,3.5711681906845034,2.848440808872324,9,0,3,0
19,12,42,45.75852442194627,0.10911132402267044,0,3.7584852822552697,2.651428303114954,1,7,3,0
18,14,39,43.39391160983631,0.08970076408091428,0,3.373793422863169,2.3663872207267977,0,10,3,1
18,283,37,44.89468071826265,0.005768654124978174,0,3.1468068847724306,3.4707437191291035,0,0,3,1
11,14,31,46.81748218722032,0.014149983664342412,0,3.9215503462195267,3.058294296472566,3,2,3,1
20,199,76,42.45092070205547,0.041521332002737235,0,3.8558750394614982,3.8090726757517723,5,5,3,1
17,2,4,52.76217690200709,0.06680523089873192,0,3.4045347858366113,3.179430537488467,0,1,3,1
19,81,85,42.414939991198224,0.07314175069257611,0,3.4983416700552903,2.204214220389109,10,9,3,1
8,63,140,47.65199283221324,0.011999430038969292,0,3.5823939028828806,2.9675834174060784,10,10,3,1
8,44,23,40.59956997709676,0.11522895049737246,0,4.277673732508763,2.7526981100030485,5,3,3,0
19,16,34,50.077770462247074,0.06354844630437624,0,2.9275196401738546,2.586744733596826,1,5,3,1
18,4,61,39.77947472955019,0.05180964786468751,0,3.646703158911976,2.1149141944693444,1,7,3,1
9,1,49,43.73060360280808,0.022934140752081063,0,3.6187087436020864,2.3532675486723713,4,3,3,1
6,22,43,41.84695928017975,0.11410121803977193,0,3.96926612460304,3.944418292751479,10,3,3,0
19,65,61,46.504868335209,0.053687500168499956,0,3.298047525965671,2.5124083621335895,4,0,2,1
8,25,95,40.58161148372564,0.014134255265164554,1,3.3727147190504927,3.0682721928241232,4,9,3,0
7,33,23,41.50441899477542,0.07372378796699382,0,3.9439334137003392,2.64455376939021,10,9,3,1
9,58,31,44.118130602654325,0.04201829430021166,0,3.112496008678388,2.1259932871604965,10,5,3,1
4,26,21,42.77768402304937,0.09695956427991334,0,3.986655184804402,2.8628085394349303,4,10,3,1
8,15,9,45.123327959157564,0.0654558859236727,0,3.196835506962073,3.3340090524038732,10,1,3,1
18,11,28,41.019701818548405,0.012683904395036348,0,3.1955529230278907,2.764597194676731,1,3,3,1
17,43,82,41.23100181463275,0.09007265909181979,0,3.684864202091121,4.136423394643343,2,4,1,1
8,81,56,44.80726967433591,0.03655999322048247,1,3.4194343390337,2.4918954308520083,4,1,3,0
14,183,23,51.92199070473593,0.04898928067565879,0,3.6243618967400746,3.0840949387215235,4,6,3,1
21,91,90,43.42817889261272,0.0930773143208168,0,3.8422770343297317,2.1796625701617023,2,8,3,1
5,15,29,48.55420357985638,0.012774382631232517,0,4.106895592422962,3.141847511372024,5,8,3,1
9,37,20,46.96748830949388,0.11733350231999108,0,3.066340438868548,3.6823882975054882,7,6,3,0
19,47,94,40.94107678335038,0.08425035823182726,0,3.4665876256906145,3.283190117734816,1,5,3,1
11,88,96,48.6051318905733,0.023111251130068212,0,3.537702502619927,1.7515540083555845,3,2,3,1
7,181,10,44.50632060783713,0.0069750251927956875,1,3.9873347046028425,3.3218131838587053,0,8,3,0
20,157,34,50.00465443893435,0.06534426068531603,0,3.469788602369725,2.6308400321184493,10,7,3,1
7,72,45,57.94991810954249,0.045510954202241126,0,2.995944723861343,2.5695957071146247,8,5,3,1
21,68,5,45.20668880445722,0.003540582629603799,0,3.369581257930163,3.27757558074024,3,10,2,1
9,48,46,51.03348076147843,0.07310625025588822,0,3.0909842844694966,3.377976261008434,1,2,3,1
8,94,96,50.20515689579849,0.037049805370582715,0,3.3278830380925246,3.064903262694925,5,0,3,1
19,29,28,42.80481180748833,0.03863791614461898,0,3.2237638578706562,3.0918581216817134,2,9,2,1
20,60,58,42.70374051621749,0.01946061640052337,0,3.2105504842555144,3.568891336015102,5,5,3,1
19,185,48,38.407813154443325,0.01684539089669371,0,3.83705920201264,3.642801076374565,4,2,2,1
15,40,17,50.72955631965347,0.017321042338697603,0,2.86977369652343,3.0334691193484935,5,1,3,1
19,281,0,40.53153015940105,0.10632720022156326,0,3.822445935577809,3.489077707437861,5,4,1,1
18,129,31,42.049577007143284,0.0639693468656189,0,4.207964501965472,3.384604368454842,0,4,2,1
8,60,22,54.50547924866581,0.056331124629677896,0,3.836797401151281,4.301882131066234,7,2,3,1
6,41,44,42.432415331602066,0.08453613141749765,0,3.3880846736769974,2.5270986880624826,6,7,3,1
17,141,4,53.18671405039221,0.038372127379238716,0,3.8627060180307433,3.8092067788337918,6,8,3,1
9,97,6,54.748554041848614,0.09866693533080625,0,2.9097095775970905,2.901703965284518,2,3,3,1
8,53,29,40.62053496537528,0.023663465826311923,0,3.370109631489696,4.211829925453695,10,8,3,1
7,64,1,48.693894883944935,0.09631962343558119,1,3.17227264532329,2.944181712468937,4,1,2,0
5,170,33,47.37329628206361,0.00672567469855549,0,3.591707525077119,3.308564306159302,2,9,2,1
17,287,19,48.96077336367853,0.0188207316677072,0,3.27207410463501,3.081463817267468,0,3,3,1
5,20,30,50.846505751679054,0.10711854498548291,0,2.990364999175917,2.9060236944326707,6,2,3,0
11,1,37,35.92131576945595,0.013081004972524356,1,3.13434410665681,2.377551051451519,9,6,3,0
9,98,20,47.90859713871963,0.029466886900825186,0,2.9729926901590584,3.007540616730235,2,4,3,1
10,9,45,48.46877102142364,0.005123640039609913,0,2.908674882068005,2.933518202446148,7,2,3,1
21,57,28,42.585599309744964,0.07183974427792175,0,3.52292606027745,2.876549891199717,0,7,3,1
16,7,40,49.70928558144804,0.039325292531378245,0,3.8928157178203326,2.606479941315162,6,3,3,1
9,65,47,51.18780330724603,0.07601838825658479,0,3.7724316065074905,3.1570604135565423,0,2,3,1
20,125,41,42.57536476204659,0.010293667368699015,0,2.9337372734066602,3.018955977084143,9,6,2,1
19,50,49,38.49107323979513,0.04741264458516487,0,3.1037156883287733,3.2527736909129366,3,8,3,1
8,63,4,54.29170336344249,0.04460127154728691,0,3.001633233238554,3.2981903635913845,5,8,3,1
8,228,87,40.88126814980698,0.06441983463542576,0,2.7719071844065915,3.048804063587922,4,3,3,1
19,59,11,38.33120310019383,0.03540397925408495,1,2.4035764466651743,3.9477508611382,6,8,2,0
8,7,16,45.99129003252928,0.11817069427966341,1,2.679626514326539,2.8438972935297677,3,8,3,1
8,32,77,33.67065120592615,0.03792365555360544,0,3.6356578199727423,2.6289084053937737,10,4,3,1
17,157,14,45.40353334994716,0.08356454746086145,0,3.3757778961775333,3.2398055296315817,3,3,3,1
18,44,45,49.18303501395476,0.04395604120081462,0,3.5815041456725014,3.1675214243099687,5,6,3,1
20,55,17,42.21004321479346,0.06403607953146058,0,3.5536741580405242,3.5976445838552293,4,1,2,1
8,5,130,47.64784227785818,0.027200157834431672,0,4.516660544318539,2.917272534298228,2,2,3,1
19,57,33,47.39999819037214,0.02073494458214484,0,3.650853055799045,2.683219152788954,10,1,2,1
18,0,144,47.52874205798454,0.11668700495928487,0,3.772459462820895,2.658671142166228,7,9,2,0
19,100,22,42.981840831065654,0.06491271234435392,0,4.233862974983043,3.3190211090461346,5,4,3,1
17,41,98,45.188951828413714,0.055297383837139745,0,3.6544992081967,3.143961375242533,6,8,2,1
9,14,16,45.92527665891601,0.07698879816396588,0,4.426404323592828,3.624130525734027,5,9,1,1
18,82,130,45.367846797866676,0.026814319544474205,0,3.6141813925257593,3.378591948944971,8,3,3,1
19,29,19,44.17646959266144,0.09863673201192132,1,3.4762226418474556,2.7145092907056596,2,10,2,0
9,26,4,54.03087560427322,0.029788306010615523,0,4.122828023814323,3.0111053857290857,10,0,3,1
7,89,37,46.622932606470435,0.06510356248779249,0,3.458600120768928,2.5101089494796796,3,0,3,1
17,13,45,47.07730619722119,0.015261651182521336,1,2.730599211397184,2.8532954517038682,4,6,3,0
7,70,47,38.87866063009487,0.06894791877786481,0,3.831335851062579,2.408717376101536,10,3,2,1
10,148,93,56.50259007660114,0.05795475942428749,0,2.869723093665074,2.3426388152909308,2,0,3,1
18,91,4,49.39880111620792,0.033677598531177515,0,2.9989265674539465,4.0253823191912215,1,2,3,1
8,84,0,46.6701014318284,0.036903108787476595,0,3.8787286534704393,2.7938337069806023,6,3,3,1
21,8,26,53.602197173388525,0.0011773775463498604,0,4.14136236135552,3.200343653187503,10,0,2,1
11,11,79,39.10817526644894,0.003277995224881711,0,3.0714132735319684,3.500972112311921,10,10,3,1
8,88,40,39.5032326247391,0.07210290265576574,0,3.6870051741255745,3.166649143375426,2,6,3,1
6,9,96,50.28198243330423,0.08620510576544282,0,3.486311753568568,2.4537250484011204,3,10,3,1
17,48,32,51.287803711941805,0.06562822659361732,0,2.6721877410396884,4.093397937082304,8,10,2,1
10,61,48,35.730114618083526,0.009829346893494613,0,3.3942712395666774,2.7908830776974836,1,8,3,1
7,138,9,40.063353896800095,0.11290442515317581,0,4.022642098928994,3.1213325361528623,3,3,3,0
17,54,91,37.429236140940596,0.08561185975635964,0,3.354072748241963,2.960307676846592,5,4,3,1
7,116,46,49.84168925698806,0.028484972227854708,0,2.975647061327621,3.114357735513391,2,7,3,1
11,72,51,45.47849329368845,0.0805784907097232,0,4.208544852757222,3.6439734666498995,0,2,2,1
10,54,34,47.297670719926344,0.013374923950367554,1,2.7390471567451318,2.832941818635069,0,0,2,0