accident_hours,rainfall,wind_speed,driving_speeds,alcohol_levels,traffic_violations,lane_widths,road_conditions,mental_states,riding_skills,accident_types,falses
17,59,35,39.802644203742055,0.09352661757327235,0,2.890345490049688,2.788515728223299,10,1,3,1
9,250,49,46.31400162074892,0.05771090392564569,0,3.638103399812569,3.410561466863161,5,7,3,1
19,62,29,37.284270166925864,0.04912421523166293,0,3.7096332279378847,3.020535844483037,10,1,3,1
9,62,5,49.12538991572621,0.0010975578690045839,0,3.1646722928403914,3.3243697451779055,4,10,3,1
9,68,40,53.995412407558526,0.07829710135925586,0,2.7976243249715265,3.2789541649621343,8,7,2,1
15,55,16,33.65651258753688,0.09948014994582986,1,3.9314231870994933,2.728052229039303,1,8,2,0
18,60,22,51.8923845408462,0.034595652614323506,0,3.029623399080787,2.8461377040862836,0,10,3,1
8,49,52,44.50882574660839,0.001412240690375155,0,2.8766482300367526,3.2008424223964904,3,0,2,1
7,51,81,46.774472658246985,0.09303798611820431,0,3.009136661238067,3.3164581514656866,0,5,2,1
11,8,20,43.07892136762376,0.0762797530608985,0,3.4761729323122132,3.10903737397874,5,4,3,1
17,31,26,39.66570282170247,0.09322664466786915,0,3.3882428188314244,3.67506463190575,6,3,3,1
8,183,46,53.37118768058474,0.06459799251858529,0,3.17141398778414,2.972737712808342,1,2,3,1
18,92,25,41.87088978101819,0.055313427279887806,0,3.4122508761822736,3.1150229989445197,4,7,2,1
18,97,20,52.71029647575222,0.02632311199698743,0,3.870887039021619,2.8326248036758668,9,2,2,1
17,40,69,48.9979869243987,0.009460574798864117,0,3.7760571912720207,3.0428927803093067,6,5,3,1
20,18,34,43.84438877442522,0.05657347567822539,0,4.222721462419078,2.6395656848423665,5,6,3,1
17,74,117,53.569356581014375,0.10420771577930496,0,3.3370116227007305,2.359003500355346,6,7,3,0
20,63,26,44.805090458452064,0.007121577050753962,0,3.879158050296375,2.854822755431452,9,10,3,1
20,89,27,51.61095297053564,0.11869139334893054,0,3.7543414431137974,3.8505293508236385,8,10,2,0
17,55,26,51.284349970504195,0.11363901486823419,0,3.243149619573395,2.756363462232684,2,0,2,0
8,65,41,38.69596932255503,0.07688857808424976,0,4.219441678345246,3.0737010653141876,0,6,3,1
20,279,41,41.157702670144296,0.10970529514585084,0,4.622070669442513,3.0456910237377053,3,7,3,0
17,162,31,44.03709194756138,0.0664233512396339,0,3.441784556435025,2.6123465109983623,9,5,3,1
10,56,29,44.14234302220337,0.04855009017490723,1,3.4319123639943476,2.7600450052078727,4,7,2,0
18,134,25,47.310701803469016,0.06860285686620995,0,3.8274140863555632,3.0907900676091904,8,2,3,1
6,62,100,36.467346363687675,0.10518671054971925,0,3.118147007844609,2.567856601615937,8,2,3,0
17,4,21,44.78913438125662,0.1149024956373887,0,3.8631842202593187,2.4362033659559565,6,8,3,0
8,33,49,47.78216091618913,0.10057048762653654,0,4.350307178856801,2.7081079924502363,2,8,3,0
20,45,33,49.34021764784718,0.021561803745764427,0,3.8584380579850373,2.6915955742345123,5,0,3,1
18,1,41,42.108069422208814,0.0710084905545094,0,3.237064482253451,2.421506123006073,5,5,3,1
19,82,50,39.91401120029774,0.05337065764875898,0,3.716910557255164,3.4432279038444777,6,1,2,1
17,58,95,43.378490620028636,0.057751759438503414,0,3.6162507497399563,3.813251677904538,9,9,2,1
5,6,32,47.74041266120394,0.051388610894260056,0,2.8530674411802632,2.6777343212106515,0,2,3,1
16,71,98,39.019919604519046,0.008106850256271935,0,3.9179248193959575,3.518159730188434,3,1,3,1
8,196,10,43.622573293839444,0.1015082077262837,0,3.259452984838375,3.3425736942835345,8,8,3,0
6,41,146,42.75749449073025,0.11740402178745728,0,4.2702809463431635,3.198391481937274,8,0,2,0
6,45,65,37.32949000694165,0.025167903272199643,0,4.193928963842288,3.2293055964485484,1,8,2,1
18,92,93,37.09886621148668,0.07463467223805616,0,4.210691976102684,3.4879247932341446,3,9,2,1
19,141,37,52.45444358469901,0.06438836801128953,0,3.674116344702799,2.100041906629725,5,6,3,1
8,212,40,49.06670939773423,0.10757941801110028,0,3.881436081130313,2.9063604214133423,6,6,3,0
10,12,20,50.06164499013832,0.08449221155208679,0,3.9761581286454293,2.460245410822416,4,6,3,1
16,79,46,43.305027058429154,0.08995942453395285,0,4.342462243503414,2.984262221655778,7,9,3,1
8,116,21,45.73916510044092,0.11422850465783578,0,3.350293006121016,2.986330035944804,4,2,2,0
6,51,94,47.873574014104825,0.07961719096760309,0,3.199187202886048,2.550404944143624,3,0,3,1
9,3,23,52.8832375762523,0.0544269106443455,0,2.6852322019237995,3.9816077384386164,4,8,3,1
6,30,78,46.96101190862338,0.006228728504336716,0,3.367536886010663,3.494893622076703,1,2,3,1
5,74,32,41.65729271384044,0.10876370368866242,0,3.5221513315800084,2.2434871862698245,1,1,2,1
19,78,28,48.313090928907805,0.07076728350600153,0,2.8666738916324057,3.556626420753367,6,8,3,1
8,19,40,30.823993650403615,0.08187796557873628,0,3.711991192956049,2.9854260102706176,4,4,3,1
17,223,21,40.569227527225735,0.06063564466746902,0,4.029910044045809,2.3754497222184288,10,5,1,1
8,68,48,45.52782647641577,0.04723478702217365,0,3.1036885291385308,3.755724524119022,3,8,2,1
9,12,38,48.224422085548404,0.06046649570236481,0,3.7151693572871807,3.0088672104005867,6,0,3,1
18,95,39,48.47535423107034,0.005820474293520523,0,3.3856457520724996,3.914532172666603,7,7,2,1
8,149,23,43.00567447092973,0.09574948798868996,1,3.5874646812984907,2.6412931561211246,8,2,3,0
6,192,10,44.340664864561276,0.018956477948463984,0,3.8219108377791113,2.726170722226217,3,2,3,1
8,60,19,43.36285777247576,0.039919474522938335,0,3.3138595322220654,2.9116453667010997,5,3,2,1
17,66,30,48.447510295933604,0.01043935767777135,0,3.284462501909611,3.8037545592007165,8,2,3,1
18,21,87,47.65683407425171,0.09839356172155803,0,2.98562793847899,2.8728666124194007,9,0,2,1
7,64,14,44.52805444366891,0.020201254022249735,0,3.126277589911531,3.1926029477145628,3,6,2,1
18,36,6,41.83018653619289,0.04787033181036193,0,3.730526097310479,4.080890336610681,2,1,2,1
11,46,20,46.94521296429515,0.049857295402063344,0,3.5784979904085508,2.980884484544126,3,0,2,1
9,234,3,45.48082235776832,0.03797115175447602,0,2.903731895364742,3.434275735906971,6,9,3,1
9,231,148,52.54057728589389,0.10321504107554529,0,3.0971151847705807,2.378202054343549,9,5,3,0
18,72,49,44.761491617780266,0.09261381358765548,0,3.588152286754083,2.176050446543699,6,5,3,1
8,63,12,43.924267040557964,0.08924133102505573,0,4.26871788075651,2.539830196320479,2,5,3,1
7,115,36,40.84958620025365,0.027014044190269464,0,3.1858036397224243,3.6019105600744,0,10,3,1
19,8,38,52.63716014360149,0.02274237280290272,0,2.8962211728493172,2.3630722457013187,5,10,2,1
17,15,0,45.41437934951339,0.029591286230690652,0,3.128941004780097,3.781881480483141,8,1,3,1
8,49,13,46.20078463516529,0.04633947038651608,0,3.453874934390106,2.268445065161318,5,4,2,1
19,182,28,53.553176348659534,0.05745079025393031,0,2.996660249997662,3.2049468638842185,3,9,2,1
8,40,13,50.80993105879152,0.030020827807894508,1,3.5773651382011153,3.0937713733435634,2,2,3,0
9,27,35,38.07811768911634,0.05493144815253107,0,3.7985249914917647,2.3006929952184896,6,10,2,1
15,75,39,51.00375640487026,0.02212577869069159,0,3.457668430897781,2.763067773928401,6,6,2,1
19,40,41,50.79873091599319,0.03227415207217654,0,3.424053619875419,2.86331499295683,9,6,3,1
7,81,91,36.268476031272776,0.03128914636683729,0,3.932274509283191,2.6696499465691828,8,8,3,1
9,21,143,52.56312717594565,0.08725429677807761,0,3.9051824469635235,2.257266932971884,5,3,3,1
19,28,25,42.10764131317592,0.055019426143506224,1,3.1896685413914074,3.475523022519511,8,4,2,0
17,95,20,48.78891734461869,0.07382603141647387,0,3.4109589227660297,2.201890341097547,1,10,2,1
8,45,16,42.43163072272053,0.08031677952097714,0,4.357107291189536,2.4354829650463983,2,10,3,1
19,121,4,56.36815195276007,0.008221696885112184,0,3.635871439341555,2.7392037679026107,8,10,3,1
21,147,93,46.042325373006996,0.0953806182543464,0,4.048610821918937,3.0795779239505174,4,3,1,1
19,76,48,49.521729521127114,0.03407663920832823,0,3.180324376447321,3.4165272198596295,6,0,3,1
18,86,41,45.777719035259686,0.06117030084033226,0,3.0177175845969746,2.6476001172222157,9,3,2,1
9,94,21,39.74438177969677,0.040606432860796994,0,3.251481606236143,2.431629795972152,10,2,2,1
17,26,24,44.56952522419819,0.09283062945404766,0,3.3167608509873885,2.4788169138005935,10,3,3,1
9,283,73,37.97465092929867,0.02739076599794873,0,3.649508210055525,3.098011950147174,3,2,3,1
17,5,25,46.484567741956155,0.11565181815076606,0,3.7992887218842113,2.404880948809078,6,4,3,0
18,60,41,43.96405325651437,0.04801475349556451,0,3.283431825940175,2.7803116100381096,6,3,3,1
17,31,70,38.05713234620887,0.085396167427525,0,2.895838143775476,2.5296198699786783,3,9,3,1
18,85,16,42.73521730647269,0.07697373222315833,0,3.5399781865272115,2.0084924028390088,4,8,3,1
19,8,25,39.58281459650319,0.0891104506094684,0,4.165435993727141,2.7985424995050763,4,10,3,1
11,55,17,42.71156604350756,0.06612832231853694,0,4.395256313770952,3.0210660730233125,7,9,3,1
17,32,6,44.2452560155861,0.046055382010534,0,2.50438015020541,3.278766081126282,6,3,2,1
9,22,4,48.62954794594191,0.021551200777346565,0,3.820046382038548,3.130582301412244,9,2,2,1
20,40,45,40.611070611614736,0.06233312512068816,0,4.22333591490502,2.6884674325725593,2,8,3,1
10,82,20,40.88298554119096,0.00730286713429872,0,3.241263259560954,2.844308229161308,6,8,3,1
8,94,35,46.70282333020402,0.007058931727340795,0,3.568051443112104,2.919382514483131,7,10,3,1
19,10,10,45.3052241956417,0.07360702719843862,0,3.872097210039089,3.441782267017542,0,6,3,1
19,39,7,48.75628623438423,0.05765873301130255,0,3.9092545301788655,3.469902414251013,6,4,2,1
17,83,40,43.97253619836562,0.060732577712964995,0,3.244229874734854,3.7756387119134853,6,7,3,1
9,67,18,47.75537992587092,0.03824327296823804,0,4.188879790266244,2.9793235932081568,3,6,2,1
18,0,11,30.49966341170797,0.09486788855526507,0,3.480972120735428,3.583871026301832,10,6,3,1
19,265,34,41.3296915142428,0.024142187470626707,0,3.1888518483323103,2.9192871696108478,4,6,3,1
15,58,69,45.167364243316754,0.07033551909656598,0,2.991053234127897,3.03599523596687,1,2,3,1
19,266,57,44.4539886743544,0.10325737306151202,0,3.9057241001681393,2.716970270908141,5,1,3,0
18,94,49,45.72620930988524,0.10008854198600517,0,3.031307525042452,3.2196654185722,3,9,2,0
18,46,17,49.401030983150704,0.003435361030777901,0,4.109301055162779,2.2250958259321436,2,1,3,1
8,209,28,42.366360829562055,0.03347834175707775,0,3.9724577494881492,3.549344049734052,3,0,1,1
7,68,20,46.50235444777992,0.0857679750024458,0,2.7187406176525952,3.0962850225374527,7,2,2,1
7,214,44,43.83294213356368,0.08888938796031007,0,3.750419574374346,3.2385625973195853,3,3,3,1
17,4,137,47.32732969372032,0.05792943157200587,0,2.6911217746386584,3.116226206016494,6,10,3,1
9,28,77,47.44568876491257,0.02429737060375709,0,3.013367138891798,3.6248890386389654,0,9,2,1
7,63,45,39.49654042915863,0.03348005496906969,0,4.3841232782335515,3.2245553316899143,1,3,3,1
20,26,3,46.7192109311536,0.09611488676321091,0,3.493132873590647,2.4258610527117774,8,8,2,1
17,44,128,47.964795186965006,0.023059230261988913,0,3.1854701550438684,2.5370344647153162,2,10,3,1
19,74,24,45.731729810124676,0.11307757158145444,0,2.939802782014216,2.9631217600104933,8,6,2,0
7,9,75,46.87730487469757,0.06010421532401525,0,4.142008335161563,2.55250385402694,2,8,2,1
19,155,33,45.82997088858723,0.03401045050782431,0,4.088952643455439,2.4803193056508013,2,6,3,1
19,39,75,41.09892660800281,0.04675376763424056,0,3.6021175952173694,2.645814856428119,7,10,3,1
8,50,91,42.667049712644456,0.03078150735166641,1,3.6641242395270734,3.0600857947971973,1,6,3,0
19,55,63,45.84814819260068,0.04612019419989312,0,3.6672790741418373,3.5750952738667987,3,6,3,1
16,19,17,44.60327192145615,0.015695551886784443,0,3.6772659126571026,3.6093044265002296,0,4,2,1
18,46,22,41.700857439838295,0.09877942416290435,0,3.906533780806858,3.3165222133024828,2,8,3,1
18,72,45,41.55187413992375,0.11563879084397448,0,3.203543400646653,2.8390489581292813,1,5,3,0
8,240,10,44.65517818100098,0.07909675702467736,1,2.7277358366600146,2.9565126659599326,8,0,3,0
17,148,17,38.03450143511259,0.09702970680273464,1,4.159261205020024,3.0365146038665993,6,5,3,0
21,73,19,42.518230180338364,0.027369528064578694,0,2.9414466433191335,2.670229111035578,8,8,3,1
15,42,23,51.225824428580076,0.0075304593059166165,0,3.841949150986456,3.190749887615945,10,6,2,1
18,39,47,46.35652726700215,0.07525345645577466,0,3.707186003802382,3.3335956277906407,5,0,2,1
18,101,40,42.7417069304393,0.09810947557578711,1,3.3706377093380215,2.7261360075882473,10,8,3,0
18,7,48,42.71728096595359,0.10012113639860748,0,3.1759297224898044,1.6595492796589908,1,1,3,0
17,65,38,57.02443357916256,0.0639316193444186,0,3.630015083948486,2.320179382958295,1,6,3,1
18,100,1,44.82877562672013,0.07465208655236902,1,4.156166946657635,3.336063907741534,5,6,2,0
10,20,5,47.686842603551796,0.044190179171904535,0,2.846442621027718,2.298044676556272,1,0,3,1
8,52,30,41.38944700983377,0.09968027507975023,1,3.4874482569410055,3.1699018795688683,10,5,3,0
10,52,32,47.458446069990295,0.08371267041490592,0,4.414711457553811,2.794902409107495,5,4,3,1
15,77,19,38.126656690227186,0.022304528944706324,1,3.9023341495274733,3.6024890681367703,9,2,3,0
6,19,22,43.0062128901939,0.03353261100332569,1,2.9098855977690814,3.0582028040851474,2,1,3,0
9,19,47,43.560186962607744,0.018222730924268873,0,3.0920191934373475,2.0605562843849254,7,5,3,1
16,97,20,34.22005352536921,0.06068686334687892,0,3.9915980368524533,2.974527066885242,2,9,3,1
17,144,20,47.332070102263394,0.024268645322352678,1,2.8600682502997974,2.9839474815203957,6,5,1,1
15,29,47,42.49510588349356,0.01905216304301664,0,3.3515868092766854,2.9113186551455716,9,1,3,1
17,107,59,49.10613719105545,0.019252024717064924,0,3.1699419063321157,2.536665666327682,3,5,3,1
18,93,34,43.71625827000979,0.03190458019996898,1,3.4526686734707694,3.174103865442777,5,5,3,0
19,22,40,40.11873879176666,0.09708350850120795,0,3.949929922290013,2.866391785989074,5,4,3,1
19,87,30,47.636240949305474,0.11259495542075776,1,3.4363374566582134,3.3559222065770955,6,3,2,1
8,147,1,44.313627592516546,0.11950303914530401,0,3.270954077497219,2.9285573111844783,8,3,2,0
19,37,11,45.204393808049545,0.004833722717523927,1,3.593833830839511,3.0947070140789323,1,9,3,0
8,93,37,47.593131878417516,0.06826876520583024,0,3.507952187972625,2.8241156594103245,5,6,3,1
8,155,137,46.08078591217348,0.0319732850486443,0,3.0704447118916325,2.813359735466308,1,7,3,1
19,71,63,41.82904859806807,0.11866905855684029,0,3.296619283740247,3.2327061711044878,1,9,2,0
8,95,40,36.484469862433336,0.11811941628720649,0,2.6763601824513152,3.1791382469281437,5,1,3,0
20,76,41,40.239938157846765,0.11209278272123542,0,3.225752613065488,2.868503759515964,0,4,3,0
20,108,19,44.0748754526826,0.0017068960416890854,0,4.188898402998249,2.737307526971105,0,7,2,1
12,188,128,44.87970498815555,0.01854256487662106,0,3.8111900087203425,3.317353306986654,1,1,3,1
17,87,9,52.228205970591695,0.0662940689319712,0,3.342966794686794,2.4379546049084624,5,10,2,1
7,26,45,55.405530608826396,0.022474599372542828,0,3.940487290845703,2.9020183243657884,1,8,2,1
20,89,36,44.40877388200708,0.10258220900550383,0,4.199805347066446,2.535628218802577,4,1,3,0
9,51,40,47.175416690149426,0.08396851404210547,0,3.500810110894608,3.246241616170839,9,3,3,1
18,68,122,42.69232404267783,0.02208992709647969,0,3.1060430036441025,2.508988377169392,10,3,3,1
8,36,22,41.63149552893678,0.09820935863418985,0,3.322637132377168,3.0777272961337605,5,0,3,1
18,44,12,43.925176475458734,0.059792859453534575,0,3.75895633286018,2.3824824404691793,10,9,3,1
10,4,27,41.9911269436428,0.08516540540136171,0,4.00751081433596,2.9986111636264385,7,0,1,1
8,205,82,41.22989536793332,0.016779445291572933,0,3.527615525096184,2.910173943596301,1,3,3,1
6,178,37,42.25944572302045,0.06214231880585663,1,3.3889460911390787,2.6913667151681038,8,9,3,0
10,60,1,41.576040255428474,0.09316056690080202,0,3.984642388734792,2.920901639369419,7,2,3,1
19,17,78,45.05597953025905,0.04147047006798057,0,3.011660085175322,2.5052019781936985,9,7,2,1
11,49,24,45.735751542283865,0.02241882640003276,0,3.508886674316148,2.8206457889338137,5,10,2,1
9,86,35,39.28064304363592,0.07673615839852128,1,4.064050278280142,2.8127158573352102,6,10,3,0
18,82,85,46.76263462850643,0.0772884950481598,1,3.55365184959174,3.4643427298048017,4,8,3,0
9,61,43,44.57264300421825,0.02452171359070427,0,3.4184395126404183,2.8715374453377214,0,1,2,1
17,120,5,43.9724933455396,0.008322005236470992,0,2.8602557893383755,4.3893221095046835,6,10,3,1
18,121,21,46.64015847195763,0.01997413846739765,0,3.2780437157052087,2.3966199320300174,10,5,3,1
6,109,12,52.52850951679389,0.03306327550633078,0,3.5704242746075936,3.183931326063321,1,7,3,1
18,46,41,44.298567372150764,0.004353374400682743,1,3.970664850549639,2.2131153254836384,1,5,2,0
17,82,36,40.34096245786723,0.11072779111645582,0,2.8333667546596493,2.6005086608732824,4,0,3,0
10,76,18,47.58111544090966,0.02766039124173741,0,3.1693531227311804,3.346003315618823,9,6,3,1
6,36,54,47.71757214004674,0.08867030519857481,1,3.3356876594973706,3.3380225453514427,6,1,2,0
20,28,17,46.31285898267344,0.049758901464072566,0,3.6512188438756614,2.9592941620053677,5,5,3,1
11,91,73,44.85222489383215,0.06023805876567546,0,3.1021050149318197,2.5422599034662046,9,2,2,1
17,93,51,39.50214635503314,0.06443313323580067,1,3.237841078828304,3.4035567499312487,2,2,2,0
17,58,59,39.26894624365461,0.09273549638843373,0,4.250230346589887,3.585819146443114,10,0,3,1
7,31,36,43.08508441153882,0.09454956519344279,0,3.584460984717393,2.5302992007370486,10,7,3,1
20,29,63,39.889386631364594,0.016952752711530208,1,3.3154863220251825,2.982638694640074,8,6,3,0
16,98,52,49.036863666012586,0.036401212747916585,1,3.7770217230354413,3.297788604646301,3,0,2,0
9,80,103,37.13459328074316,0.06876465805144319,1,2.7699759670117885,2.9796161344379644,4,10,3,0
8,93,19,44.69978831972612,0.0396487290826056,0,3.3006158932632363,2.778231341204115,4,0,3,1
17,78,16,44.27334039393751,0.015935916494772058,0,3.1431229972825068,2.9708712045722945,1,8,3,1
9,97,117,47.803221808664595,0.049012108547760176,0,3.171011468359863,2.6129818652664416,0,10,2,1
6,66,35,48.594130322504654,0.026210872026483013,0,3.0882290242234802,1.808081592771609,0,6,3,1
18,21,52,41.14072885016833,0.01721686277597602,0,3.415288451227957,2.573531810552157,6,8,2,1
18,22,63,51.43736338179991,0.0364833999239426,0,3.402447672839392,3.375002439991901,10,10,3,1
6,18,140,39.732410812294795,0.035962586795491976,0,3.2507820238103218,2.389751849031573,0,10,3,1
18,250,136,49.31082437390849,0.011663681776656198,1,2.6473783792031202,3.1526143194005334,6,9,3,0
17,44,29,47.97724544627059,0.07009409975581457,0,3.107861868362805,3.223555021636549,1,8,1,1
9,120,4,35.918385647040395,0.037721247811755086,0,3.202376112369177,4.180415342209352,6,2,3,1
8,222,125,39.69807032627415,0.020794457010709796,0,2.809221615444273,2.940528048976898,4,8,3,1
18,21,48,49.517709645160906,0.09823165710561489,0,4.186333679348091,3.566544136207198,0,7,3,1
6,64,22,45.83279910937518,0.0003090795988474326,0,2.722567788021894,3.1309005603115394,3,5,3,1
20,61,35,45.322832616985636,0.05451497321958427,0,4.299530723517029,2.0950490675958866,8,4,3,1
9,28,29,32.06324164170713,0.05219351947638247,0,2.60213219464763,2.5648550441729676,2,4,2,1
16,97,53,44.14159851558685,0.08053790363824481,0,2.8742474374175218,3.0634686561183666,5,4,3,1
8,170,144,41.65608618716995,0.046727989080710575,0,3.329073038657225,3.8841868951687792,2,9,3,1
12,83,40,38.78177872600686,0.06152595369961626,0,4.018271084335338,3.3198993106120844,10,1,3,1
18,173,23,48.40517086780903,0.10901414322845278,0,3.113607975023092,2.877735595533826,10,0,3,0
11,88,41,45.220979721724994,0.020193885228789,1,4.681151847507531,3.164145118519651,7,1,3,0
19,84,117,40.71428992428222,0.012660925729033727,0,2.8561781623561915,2.6562669832963253,7,2,2,1
7,79,18,41.18173407568172,0.08961099921632268,0,3.695553993726004,2.9659806470173042,5,8,3,1
13,59,36,45.53178225239424,0.08914819203932847,0,3.6141173813101024,2.439310349704243,8,10,2,1
17,36,116,47.31408124292707,0.11035746111419079,0,3.0195968301883473,3.053119159698312,10,6,3,0
18,28,4,48.73589708876255,0.1179788479839537,0,2.836122009097605,3.4437770328582693,10,3,3,0
7,177,31,47.66592698750558,0.04612628544414429,0,3.5295372320326543,3.736111202973894,8,9,3,1
20,59,36,44.84690823758511,0.04529126443151399,0,3.562921955432426,4.318809931657849,1,10,3,1
18,26,85,40.78417423212659,0.10855891180421828,1,2.7981968817003597,4.107652400327931,9,4,3,1
16,38,3,46.704093082209276,0.1032853814375656,1,3.785724112215595,2.469722511293544,6,1,2,1
9,93,40,40.066523006551385,0.0450528853885397,0,3.7710059803863913,4.030862649023129,5,2,3,1
9,24,89,45.508928040016194,0.009155576530076556,0,3.8949081389475997,3.4598977471656753,5,6,3,1
17,40,9,44.192022349303706,0.06974688501979072,0,3.009678150471692,3.5025472498841457,2,1,3,1
8,133,3,48.99376946841051,0.0322439936442642,0,4.6706687288833155,3.6253794494173905,2,2,3,1
9,35,49,48.61026217669213,0.10903138494470013,0,3.3016149386378673,2.5397193420819715,4,5,3,0
9,128,0,47.921439279496525,0.09673406916191025,1,3.406859798887428,3.494560207979239,6,4,3,0
6,266,2,47.39536815007264,0.10811683234213713,0,2.9745981261253625,2.1189202638689424,7,10,3,0
6,33,16,44.53233461097129,0.009709680096916919,0,3.5035993543688964,2.6686112329111022,5,10,2,1
7,62,59,52.75614152934275,0.10375353898769342,0,2.968023196520293,2.4812599846108943,8,1,3,0
17,74,68,47.95136660914805,0.07117030602638622,0,3.5652224536387545,3.7909553096092976,10,2,3,1
8,46,25,52.42204961130793,0.02585117074624691,1,2.4781207588931515,3.505980358084087,2,4,3,0
8,67,3,50.281031842174144,0.03615145557695106,0,3.809658828488871,2.871473331427371,7,7,3,1
19,32,11,42.90566949682413,0.054796215324677634,0,2.6884608111397674,3.0375228714987683,2,10,3,1
17,297,17,42.210819855635755,0.07531727942884969,0,3.715015963107598,3.4619449584627042,9,1,3,1
18,272,5,47.4605621619105,0.027927305577549112,0,3.177442348885835,3.3617942256102022,5,9,3,1
17,23,7,39.03453340423912,0.02484512023760414,0,3.8685325672804747,3.480482121461672,4,2,2,1
14,262,24,43.23711006412241,0.10705928497215873,0,3.5336687046167112,2.1151030871505694,8,3,2,0
7,146,21,41.58283595688305,0.10142664665569044,1,3.565296484528058,2.694834552294654,0,0,3,1
18,73,42,44.874074248591086,0.09201322014074406,0,4.179230543275082,2.6145991314096872,6,7,2,1
20,115,5,34.38620523720587,0.09130688772436706,0,3.162226844348445,2.3524178777004345,5,4,2,1
8,115,45,55.6974416504691,0.09191686366908865,0,2.918015012462585,2.7284889810649364,9,1,3,1
17,17,2,48.50389577597786,0.11089197769684155,0,3.867466630667296,3.2140739891825465,3,9,3,0
18,31,0,50.17529480664647,0.10124644739022914,0,3.3892234200108393,2.209671583129856,3,3,3,0
17,12,39,45.7734472898643,0.04662890538680547,0,3.9369176539137642,2.3088347451324136,1,9,1,1
6,228,57,50.99892258536554,0.056556297664207035,0,3.022826945983445,3.5183881906109225,5,10,3,1
9,96,43,47.80393221574628,0.0725475923636437,1,2.8997456396211563,2.9767454057658984,0,10,2,0
8,90,30,49.12571996335106,0.05707196454474006,0,3.6612021135174144,2.6194821468379965,10,4,3,1
19,30,38,47.44518548427559,0.03563244729672827,0,3.039316845970713,3.317372794822217,2,0,2,1
17,81,32,51.78834861129822,0.10333800942189722,0,3.005924944309462,2.774963083773027,4,3,3,0
18,9,63,41.50551109337125,0.09641390632461064,0,3.7600956921782642,3.285810982327395,1,1,2,1
9,78,94,52.80695142237596,0.04678312803328506,0,3.2066997373264945,2.8118872479940658,3,5,3,1
9,263,35,44.19598640696214,0.013759992156626733,0,3.675145209715959,3.079001494099264,10,6,2,1
9,124,26,40.999741124455994,0.0005843477331706204,1,2.531474465527178,3.4049805289628874,10,7,3,0
7,172,42,47.18814897930285,0.011093535447846392,0,2.813662914803847,3.0652998311266644,3,5,3,1
19,94,88,39.476328748780205,0.01856918187493366,0,3.5766553095250173,3.059412799687956,8,4,3,1
16,27,68,42.57150772631614,0.07893490551787423,0,3.2707714534611316,3.6597791259606898,1,8,3,1
10,82,40,43.61731866364795,0.02635345077660926,0,3.2810400996519187,2.373630099883712,1,2,3,1
18,36,33,43.9071699238836,0.07617905700987514,1,2.848793019309344,2.338910759740496,1,2,2,0
17,136,11,49.85995046703811,0.03939869900232621,0,3.552718366741935,3.9673345035614664,10,3,3,1
22,81,1,49.134000405257574,0.10740631981213143,0,4.358491011118599,2.9107891764044562,7,4,3,0
17,41,4,43.453045772048235,0.05628918852756118,0,3.5717490404717775,3.8077004404059203,6,4,3,1
18,17,20,47.20965335369203,0.08074203371640289,0,3.426938840785412,2.541618408360401,2,4,3,1
18,15,88,55.5397800935714,0.05531362410965717,0,3.747569204245634,2.520816415068176,5,9,3,1
7,24,27,38.97038073985404,0.10950465616713594,0,2.663762328745718,3.216964394953753,10,7,3,0
16,154,49,39.97678042171056,0.08248928180929169,0,3.8726833941255796,2.6271981947868497,9,10,2,1
16,278,15,45.2377941191836,0.07705901285965573,0,4.51324104120733,2.8653042936661377,10,9,3,1
9,50,44,58.55725036845336,0.0710761064184981,0,3.0505913322240166,2.8159061228885633,0,0,1,1
8,73,28,40.87717242595832,0.11863338240437946,0,3.7740153627531257,1.9627799647383515,5,5,3,0
10,193,21,42.077080316200814,0.08217092214167919,0,3.291576507389458,2.8477982329056046,3,2,2,1
7,49,134,47.79852274787232,0.09049682195213511,0,3.94049064181422,2.873149098552523,3,3,3,1
10,6,45,49.74019469708624,0.009805441356882794,1,3.690619370534816,3.089679997495189,0,4,3,0
9,67,8,45.03648976158001,0.09770670127067631,0,2.986099135319644,2.459024523824195,7,8,3,1
8,37,29,46.13924203035782,0.07160600232834971,0,4.160661587007355,2.9967913245538162,9,7,2,1
17,86,11,44.92865506557862,0.04039943166786134,1,3.6754498851940087,3.2790839003811825,2,3,3,0
20,72,57,45.90040733065056,0.06980285407387796,0,3.149177458299707,2.648703278974681,5,7,3,1
19,81,100,37.741382364918124,0.07506601576981754,0,2.990551158462832,3.061026163450945,0,6,3,1
20,97,54,45.87227240467458,0.031222734490457905,0,2.9229997317203384,3.4704640150735884,3,9,3,1
8,90,39,45.179833919172815,0.05244776057106932,0,3.5105736186110104,2.6215949948434814,2,1,3,1
6,294,0,46.81958472312411,0.08656168885986656,0,3.5820698289937773,2.68221223139945,10,4,3,1
18,85,47,42.29827206992849,0.027101766662443284,1,2.583848563560908,3.8100604478433557,5,7,3,0
7,98,143,47.50391343904559,0.10033504055251462,0,3.4765013872844657,3.633630350204813,2,3,1,1
19,96,34,49.0633543705939,0.00930318122704482,0,3.141738899561703,3.354883979817069,1,10,3,1
20,35,4,57.623208688227606,0.06974613331166633,0,3.128106616958774,3.628121619873075,8,4,3,1