accident_hours,rainfall,wind_speed,driving_speeds,alcohol_levels,traffic_violations,lane_widths,road_conditions,mental_states,riding_skills,accident_types,falses
7,53,64,42.66042386249323,0.04556241412102884,0,3.352893782444598,3.4852799971362707,0,10,2,1
18,58,23,40.1058647585459,0.006397608132144836,0,4.013154454832757,3.5005873806162575,1,0,2,1
10,247,45,45.880620729596785,0.09293842566141923,0,4.580574348407811,3.0394102806688976,0,7,2,1
19,96,21,47.59599583933312,0.06558502090746433,0,3.049451404580693,2.9163889344187424,3,4,2,1
20,75,129,45.59479431588227,0.08583909900866284,0,3.4805562653999593,3.0013395502605444,10,3,3,1
17,141,33,45.638198974054674,0.045614782911313094,0,3.158106968604992,2.380201876766049,2,2,3,1
8,100,90,42.22845182734252,0.10315444345159572,0,3.7747548483290285,3.411642960879919,4,7,2,0
16,73,28,37.20244974221765,0.010044781147111288,0,3.2369900862857426,2.434931369593789,7,4,3,1
9,80,5,51.226725084831926,0.028002412676561703,1,3.8132090706444663,3.2677460149859687,2,10,3,0
19,66,89,53.06784371164823,0.09535237796082956,0,3.357868395292168,2.8711189446673298,3,6,2,1
17,6,23,41.32906231637975,0.11456151066916763,0,3.0869438643508023,2.9807434163046067,4,8,1,1
7,0,86,41.966014275164554,0.10157348636686454,0,3.8399359511961437,2.6862889741696048,10,8,3,0
19,86,122,37.09003521863644,0.02770324748437917,0,4.035708063171506,2.3430725321903987,5,8,2,1
17,196,69,43.014799147175914,0.04182462417478225,1,3.689584950760471,2.845683218079939,4,3,2,0
19,90,1,46.70977981036236,0.0918595400755934,0,3.332462534875433,2.8892309601171675,4,8,3,1
11,157,45,41.7766859753633,0.11355263465791655,1,3.8199343228494507,2.8693326656901035,4,6,3,1
6,22,1,48.760122968201266,0.03470967763091653,0,3.9798404188622927,3.216462911898667,9,8,3,1
17,105,36,40.30015943589672,0.046361052687393926,0,3.7348381917096436,3.3458594135366955,8,6,3,1
9,60,45,48.14229489655709,0.002744700340539752,1,3.365161032356104,2.844053897509721,2,4,3,0
17,177,33,46.54699273038645,0.06052822393583993,0,3.071213390299064,3.2433818990827725,3,9,3,1
9,76,67,43.28442669788601,0.010579408447612772,0,3.3231344328462047,3.0507401204336615,9,4,3,1
10,10,20,43.733966998115555,0.010271152109414832,0,3.5948170487120947,2.88140320414724,8,6,3,1
19,291,23,48.55656563068299,0.09135793635420153,0,3.758648316922614,2.0847814506712665,1,3,3,1
6,100,49,58.6126030624319,0.04127038822595638,0,3.6687915181724637,3.6063823928911525,4,5,3,1
20,36,37,44.36930646422835,0.11227677043827584,1,3.175990011826014,3.82644782623335,5,7,3,1
9,244,20,49.97407853337862,0.08593002861855144,0,3.866102449110159,3.4874891581401717,9,0,3,1
8,64,20,53.15270714184675,0.0353714687319211,0,3.746119510979679,2.8737159921551263,9,2,3,1
19,3,82,41.706055716179534,0.08182584245696867,0,3.9383859743664655,2.292302726202407,1,2,3,1
19,93,24,40.57290100668569,0.1038719804621055,0,3.922893073654096,2.827177327076634,6,10,3,0
17,108,2,45.05297629279901,0.05232445536605011,0,3.922256307731097,3.2494469918120656,10,4,3,1
19,38,1,45.88701260165814,0.06741260177207514,0,3.9576421715195567,2.810745651623335,0,1,1,1
6,66,8,47.52536282180281,0.02609860700120281,1,3.442861422331489,3.3359872428058117,3,9,3,0
5,58,35,41.015891681017344,0.04826504422642294,0,5.392384766153404,3.118332835993393,3,1,2,1
9,8,30,48.72726549192753,0.06948592189356897,0,3.401603054853451,3.544093047795592,1,4,3,1
19,290,70,39.42022679577516,0.07385739584787981,0,3.976440934946748,2.6188518598044856,10,2,3,1
8,88,25,44.90896799116434,0.08640412730235536,0,4.350273263624789,3.6057705054263818,7,0,3,1
8,73,44,46.576130538489906,0.11488238272480158,0,3.611669697683863,2.7821481166590747,7,5,2,0
7,94,71,38.13949031312117,0.10062448430010927,0,3.5545216110444002,2.7554531467380428,0,3,3,0
8,8,145,47.13760881738176,0.10219046787324014,0,3.9881693645607488,2.9858324633892717,4,6,2,0
19,37,73,43.872143063639164,0.06690144326357188,1,2.481815323321146,3.5167828670394847,6,6,3,0
16,119,117,42.72584801991434,0.01730082050276754,0,3.477505953836592,3.2902436867019,5,8,3,1
19,1,14,46.531803929913785,0.07625904254976555,0,3.7043144896946476,2.3649030598583183,7,3,1,1
8,230,6,37.693488646625354,0.04875099680346827,0,4.014118990356058,2.5919760898856907,9,1,3,1
19,168,25,47.0081044382295,0.0038208972325871125,0,3.172323521868894,4.423242936726852,8,8,3,1
18,67,14,38.99134955709947,0.02338244608012213,0,3.907404359742204,3.459806486531084,10,9,3,1
19,9,42,46.769265788208756,0.09108892635403647,0,3.4856961870521146,3.121491450906956,5,4,3,1
21,136,18,45.53964198160485,0.07572062251670778,0,4.594210586666634,2.6525154749446456,9,8,1,1
9,118,24,52.51534803954516,0.11741178453049408,0,3.954304679011386,3.3127113463595883,10,6,3,0
14,32,90,52.52172537077115,0.11081347655366168,1,4.810043026547542,2.4869447406671146,5,5,3,1
8,96,24,48.850302806113504,0.07131112790019492,0,3.3144240791716464,3.377243995686097,0,1,3,1
10,168,20,44.6365174963578,0.018592974423425657,0,3.0283520232423418,3.384686230277558,3,2,3,1
16,85,2,44.938220065491805,0.040361493086544395,0,3.1753775711010475,3.39844767279177,5,10,3,1
19,88,45,39.28724283572914,0.027961283242037987,0,2.812357033588597,4.133372105230558,7,3,3,1
6,64,93,36.016324585025714,0.05646195427362674,0,3.223030327541509,3.1974448863623985,6,3,2,1
18,4,22,50.38975435052272,0.09606881241802395,1,3.8727224102739135,2.7095413901801533,6,6,3,0
9,145,48,42.833473524876915,0.09862180786639894,0,3.1651188887383648,2.1960500324594276,7,10,3,1
9,201,35,40.57612021284136,0.021367886222725976,0,3.550155444331038,3.8623348398787667,5,7,3,1
19,98,6,36.13519103467117,0.06589052111582376,0,3.43275880633159,2.8445907564083153,9,6,3,1
17,39,112,45.65825062503534,0.08120791704978196,0,2.9062231595594854,2.9918789039380775,7,5,3,1
17,31,15,43.66929009922175,0.047595793536124475,0,4.6783768287462735,2.1192027863084277,8,9,2,1
7,144,75,41.583074621249764,0.10865239322207161,0,3.3646445649373624,2.808481002013349,7,5,2,0
8,248,30,41.33043312752003,0.04308228958363732,0,3.995121641899654,2.7450053549096527,1,1,2,1
19,17,25,46.30463787931917,0.058816175709365356,0,3.6641315721857897,3.9021488037595886,1,7,3,1
17,17,49,45.23433444726183,0.07042029866010707,1,2.635651550921705,2.9826040997627414,1,0,3,0
19,62,45,36.38569080868328,0.05128230188775994,0,2.9860455584055674,3.031010341861727,0,9,3,1
19,240,20,40.521693698682896,0.11563621469960207,0,3.578714402349222,2.7926819528384645,2,7,2,0
18,31,112,49.29442000670885,0.09125584214253248,0,3.2227846044950126,3.54615458591104,6,7,3,1
8,11,20,41.18683242496925,0.09949002834151319,0,4.128758885077452,1.982257114888651,0,8,3,1
9,33,25,49.56177884290067,0.09031563096071922,0,2.503271889344527,2.826686982013134,3,4,3,1
6,111,45,44.97990868276112,0.07057280834606751,0,4.014851324914401,3.0525965959026653,6,4,3,1
7,76,116,42.54010723056325,0.0033796917992272445,0,3.2875183778104025,3.333978467247831,2,5,2,1
6,146,49,42.94291692470078,0.09176920542564375,0,2.5313244293631385,3.0288111765836234,2,8,3,1
18,65,47,47.858721724452906,0.07352330394788142,0,3.233664949397982,3.410622136480371,9,7,3,1
9,78,29,40.26419314375429,0.009687917149836762,0,3.736285463878947,2.9230335322555603,5,1,3,1
18,192,26,38.26152120671662,0.014229807756247262,0,3.2837947940815027,3.04085282149235,3,4,2,1
7,23,18,41.33702857269426,0.057743187217610466,1,3.700096581041263,3.1611573056406264,5,3,3,0
18,38,32,38.6674665078867,0.10234061500992639,0,4.329487748079121,3.7751957079035763,4,3,3,0
7,68,31,39.61621995653708,0.0664497855819971,0,4.611280797644429,3.0488413104017313,10,0,2,1
17,52,89,39.53356549397966,0.1103538919298854,0,3.150462180491732,3.2674802014638136,2,9,3,0
6,7,40,45.65264916923886,0.09787831133691366,0,4.061060490531347,3.62597378926326,7,6,3,1
9,20,84,35.132546730125966,0.07569403563898638,0,3.4112450035235438,3.388664143349458,10,4,3,1
8,92,19,45.4571424818452,0.037603451510214374,0,2.7676374356011233,2.780958795581993,7,9,3,1
17,88,25,44.36213348399561,0.10232804937960836,0,2.7732754274781803,2.5649909968852453,4,8,3,0
15,225,2,48.52965815117314,0.07910319525519587,0,3.508669612628102,3.1411227967099036,8,10,3,1
21,104,16,46.49153048800097,0.0663318412377205,0,4.029541449730987,3.8428011639342774,2,0,1,1
8,176,5,46.30396106418244,0.060074802888189005,1,3.162280905867906,3.690175874180847,7,9,3,0
19,80,44,39.9449164987802,0.02553745872464578,1,3.440967263655921,2.138381121123591,8,9,3,0
5,42,30,42.85617272565134,0.0018886423757141868,0,3.6076866844768487,3.8248821827569217,4,6,3,1
20,21,31,37.32242652476424,0.08598083888503559,1,2.206267971724986,3.3078259022668672,5,5,3,0
8,164,34,50.80136210583946,0.11035327088437744,0,3.76945218347568,2.3485209950489208,6,1,3,0
21,98,21,51.685072680131505,0.022039468634484635,1,3.9017498395956762,2.4037986225379937,5,8,3,0
8,62,97,47.22243829965037,0.1121668384358002,1,3.9640712190234986,2.819626501105459,2,9,2,1
8,91,2,38.83465972487424,0.00862941910743344,1,3.7076440131163686,2.634314430142738,6,7,2,0
18,72,11,48.12630980390774,0.06629581998893014,0,3.528902122332042,4.017307001122926,4,8,3,1
7,294,23,42.60226192572422,0.013867093150044729,0,3.5912825774384434,3.5731696963963344,1,1,1,1
9,62,60,36.592692147241124,0.10669253491052598,1,4.034944667690141,3.1512597701183256,0,2,3,1
20,209,79,43.06828296195691,0.012388822786196263,0,3.556703608372677,3.6301530250371603,8,5,3,1
18,62,33,50.0557420460872,0.03012655447669758,0,3.8998210626903496,4.2102917204391535,8,5,2,1
10,78,34,43.851307977512114,0.0967120832574216,0,3.502567340248339,2.939059041517997,10,3,3,1
18,184,38,45.47539760758546,0.08261840795863884,0,4.126799834398678,2.426221912423976,5,10,3,1
18,275,21,38.928027150003786,0.046575340852604945,0,3.3824380611602587,3.722862281373796,6,4,3,1
19,4,85,43.72456637296618,0.10041229814080795,0,4.179075029308486,3.447150496678428,0,8,3,0
9,191,42,43.58956278861725,0.07628399329780686,0,2.8324228932066013,3.121142608158805,3,9,3,1
8,67,29,39.80855371955373,0.031173297574869648,0,3.6570707766551025,2.7261110507391093,8,0,3,1
8,33,95,45.838046083901,0.08883232397671711,0,4.119682407490765,3.2859309430791663,2,4,3,1
8,36,3,43.5744429481674,0.0399671662787074,1,3.7459952105093817,2.4599513590652378,1,2,3,0
19,31,11,47.65367079770073,0.0978886123190383,0,3.738822228371901,3.328049504957988,0,5,3,1
15,82,46,42.30883063520386,0.09379106285036237,1,3.7997600523474357,2.2042008049212902,4,1,2,0
10,12,71,45.64451544513101,0.03702218635431375,0,3.5647196442899136,2.4775146677496496,9,4,3,1
19,38,45,41.23686177098585,0.01243824301212168,0,3.363394789183096,3.427368661423365,3,8,3,1
10,68,41,36.938955064744206,0.09849462540405318,0,3.7693840248033883,1.9649016030521795,7,4,3,1
19,17,13,50.26492267992144,0.04373386102036443,0,3.8248770261321443,3.2944082593318105,4,3,3,1
11,16,11,42.55685323799736,0.039038687615398,1,3.1404908295255143,3.226310878888082,8,3,3,0
6,31,28,40.343220497893604,0.0021831872446812462,0,3.8537377863313664,2.402722356423454,8,9,3,1
18,78,24,47.524365983958525,0.08710476961655703,1,3.472110841568768,3.239803380764026,10,9,3,0
18,4,21,44.975847822640894,0.03288818703910479,0,3.066466248529403,2.844735878671611,3,8,1,1
19,42,3,38.30242380686163,0.052304673770969035,0,4.053133902498095,2.7337850059108737,5,8,2,1
9,85,44,43.855955160488854,0.10797543135041279,0,3.7245602841060674,2.8461468565463344,6,8,3,0
9,20,99,36.61403937838759,0.015036810040096901,1,4.030539053035671,2.369338683351777,5,5,2,0
21,5,36,41.57209685620733,0.0045646894431246605,0,3.258413006383811,3.4200784577968424,0,0,3,1
7,254,49,51.685580295719625,0.06726097783760407,0,4.247021224877004,2.7824941922142883,6,3,3,1
18,0,5,39.62323984895652,0.0839824348995042,0,3.504095354137287,2.219706834963329,1,9,1,1
9,0,43,41.362478116950776,0.06338045291630774,0,3.863928227264089,3.1058624549281544,9,1,3,1
16,37,38,45.94901471538509,0.0407493117110357,0,3.125037595248877,3.579257633100646,0,9,3,1
8,55,93,39.56951325830107,0.04337167620832877,0,3.8292966340085686,1.8221540316246618,8,9,2,1
7,70,35,41.33667123782887,0.017957768172308618,0,3.8347440339304506,3.251727331599097,1,6,3,1
10,39,115,50.10571637666318,0.03740586815921042,1,3.4099145421818857,3.4061475256441964,8,7,3,0
10,203,11,40.31080117753879,0.09106630315712964,1,3.0278102565595346,2.60709232686083,0,7,2,0
8,97,26,43.68019067065082,0.05989692720466876,0,3.840498736914273,2.6347226045638514,1,8,3,1
18,12,32,41.382772294557725,0.1068909155026942,0,4.054916084461974,3.5463312347262206,0,8,3,0
9,65,42,42.37689693406488,0.02016018665147496,0,2.9403824640142893,2.768877912836269,1,3,3,1
19,19,60,45.64961003480303,0.05309071600872603,0,3.541104412150399,3.487357510066582,0,10,3,1
19,47,136,44.990426186850385,0.08419295514255634,0,3.7952332171951664,2.421616759929599,0,8,3,1
18,96,28,41.954415280871565,0.03267452555819168,0,3.012847284552074,2.452391022058224,0,3,3,1
19,44,124,44.366782668303365,0.03202152861416413,0,4.278220484562247,3.5916252672934825,4,5,1,1
8,62,45,49.58389868748135,0.012672233836991346,0,4.017214287076031,2.821773483032975,1,7,2,1
18,45,16,44.49089806442833,0.10715174193910904,0,3.862563635901142,3.3506954573428414,3,3,3,0
7,97,44,44.90297409331283,0.02070345332394765,0,3.7083908787933506,2.2928503232055055,2,6,2,1
8,12,73,41.307759366636745,0.11641524641989441,0,3.2095096259363567,3.291630942651848,9,4,1,1
18,44,8,47.55786968150987,0.05386054056306014,1,3.3713731000504654,2.7568231277710096,1,7,3,0
18,56,42,39.94449255331876,0.11781426093476433,0,2.766904570580807,2.847312008286431,5,6,3,0
18,69,148,51.623944502037865,0.004842408083721627,0,3.1947726608986127,2.2308231482983287,0,9,3,1
10,62,76,44.4140657337837,0.06805117032167066,0,3.735231673310028,3.440563815209599,4,10,2,1
7,187,12,43.45085463452579,0.08290066844569359,0,3.611334464597938,2.5570228705850457,8,7,3,1
6,218,35,50.8987671886561,0.06196188305280901,0,3.251048666673341,2.6045665390478137,5,7,3,1
9,39,1,48.50754266402638,0.06841233533586774,0,3.597268399131579,3.1685028650403577,2,7,3,1
7,81,39,51.98845361038434,0.06460802752821805,0,3.821381465447767,3.2358885552137533,4,6,3,1
9,19,101,49.48801361627525,0.017934859309784966,1,3.0783256768436624,3.699535890267154,5,10,2,0
19,84,4,41.968615907812705,0.06382891804242347,0,4.265624369050623,3.238046597353613,9,3,2,1
5,11,16,42.490643024113275,0.06500757151575214,0,3.4797833129784856,2.817527409295766,9,6,3,1
8,85,23,46.147477040455925,0.042669794005168474,0,3.6050822427297518,2.022458904898242,10,3,3,1
17,47,44,43.34270452318474,0.07289802067974731,0,3.401135040752904,2.212714668350749,1,9,3,1
15,0,3,49.79655195681288,0.04942849257522873,0,3.604593416135883,2.9025511767268077,2,3,3,1
7,85,38,40.28064215760311,0.09061858497595429,0,2.540536267469247,3.0329697744511965,1,6,3,1
17,9,39,44.31097875475351,0.004585214529210843,1,3.3439320950057003,3.237323001148273,5,6,2,0
18,78,30,43.12128444602966,0.0011941088372409148,1,3.095019114278168,3.960411064349157,1,2,3,0
18,25,36,43.017595335559605,0.06287051291429845,0,3.6538612164471895,2.86031822304166,7,0,3,1
10,57,3,44.8536930063553,0.11870676328075319,0,3.4540009971397487,1.9833762067343153,10,8,2,0
18,11,29,42.919291308261926,0.05345533846419361,0,3.0436547456628342,2.9535567524992206,6,0,3,1
8,11,25,42.994994354944396,0.001425501594020595,0,3.1664662452279764,2.637588395735285,7,5,3,1
6,49,23,39.45343929189817,0.03805270968251905,0,3.268318041508123,4.040372668063293,2,1,2,1
18,60,18,44.71878696128609,0.056070107517686464,0,3.680743603863115,3.337569874371293,8,5,3,1
7,18,39,41.41508633153109,0.10813550918657863,1,3.7933488658425123,2.5103529153105137,9,0,3,1
19,25,47,41.281911879853794,0.01455389083683225,0,2.9412820797996564,2.309981944191581,9,1,3,1
13,38,40,44.42711833679683,0.11092681735210673,1,4.051717698320205,2.520674656234177,9,9,3,1
17,18,14,46.278701080634164,0.1128183994969382,0,3.7206450569287646,3.0542414117192433,3,4,3,0
7,112,37,53.57162431122631,0.07691486960677936,0,3.3198260325158535,2.8537571893257927,5,0,3,1
9,37,29,41.73644678320305,0.027021930509858728,0,3.266404587072929,2.983225463517662,3,1,2,1
8,29,140,48.57575367055942,0.06440499607670869,0,3.6785516441602977,2.453469918417919,9,3,3,1
10,43,30,43.61429431517675,0.09799805239482211,1,3.9043337970384915,2.6735300726555504,9,9,3,0
15,37,23,52.380520440056834,0.042965642700933664,0,4.31844373608933,2.322396747723016,7,6,3,1
18,96,33,54.773562788972036,0.10863740607443852,0,3.6090853690775697,3.2352761369532272,2,8,1,1
7,82,4,40.10778473651893,0.010430706520982023,0,4.18910886126351,3.1752895769609504,1,10,3,1
8,13,78,45.68468378187024,0.03686211635709648,0,4.055053747133681,2.9189043439803366,9,3,3,1
18,121,47,46.72643777046634,0.11918374938033503,0,3.994615981527261,3.59361759786504,3,0,2,0
19,237,99,51.953328338765886,0.07006490991760618,0,3.5933705533588816,3.323787127002289,6,1,3,1
9,81,5,40.34713452680346,0.07084100433559906,0,3.6140057178276646,2.511794475620906,8,0,2,1
20,28,33,50.05723937853266,0.028784409410021444,0,3.9286131962844104,3.044324815743429,7,9,3,1
20,106,119,45.202993168991625,0.10290688441827396,0,3.36049538890721,2.284367825707732,10,9,3,0
8,147,83,35.79043600328711,0.05148981668720792,0,4.359344239671591,2.859296474448958,6,6,3,1
19,19,27,44.59163449744786,0.09522457272825005,0,3.901741536499115,3.3532112666102085,6,9,1,1
7,18,35,48.38059886399574,0.09728209755920232,0,2.81985857745184,2.7551455969840677,6,10,2,1
9,65,31,51.82145857875428,0.0209828701769772,0,3.2071544660460454,2.888462034378538,5,0,3,1
16,44,24,45.80536199674461,0.060214544796102165,0,3.888697326023859,3.159263011810084,8,8,3,1
10,105,32,44.6657014749006,0.04607887873652285,0,4.213203285099399,3.2360400155191216,10,6,3,1
18,21,47,36.009351976636474,0.018581481295858165,0,4.232854208400089,2.971429422460441,9,9,3,1
17,82,10,46.6720934577835,0.014807572356212158,0,3.5643675975031983,3.6108256140974557,5,9,2,1
9,71,3,41.778457870263814,0.005495942563133798,0,3.603971583894025,3.222488633739433,10,3,3,1
17,213,25,43.54780454337418,0.08423561742463272,0,3.6487943414633817,2.536062829857522,1,3,2,1
18,67,106,49.42576914584808,0.09385807825764385,0,4.152973364779296,4.5051852714620475,5,1,2,1
9,97,8,47.68202227947107,0.056566651661021324,0,3.0401676188254907,2.5355132638351776,5,7,3,1
19,16,22,47.36316947329752,0.06767033817922262,1,3.910294271366521,3.5777527603876766,2,5,3,0
15,92,29,40.54827956168824,0.031439493106875244,0,4.405384087097074,3.1429536978442516,10,1,3,1
18,39,15,37.934763752993696,0.08577605132808638,1,3.944410657702342,4.107041469368197,10,5,3,0
8,36,31,41.48507263018971,0.07007479686243821,0,3.3314355982128574,2.6646406247919585,0,5,3,1
20,8,20,38.720309589629494,0.10587792119163726,0,3.6683140968470176,3.2095538564634007,5,7,3,0
9,78,94,50.42767923642886,0.08953772268797319,0,4.035775584640848,3.557369956035382,1,10,3,1
20,287,28,45.92300338731766,0.0022722501135167272,0,3.181509208105011,3.7042377831658273,3,8,3,1
9,37,41,54.25080570874714,0.09718198228019886,0,3.1743371079132094,2.878888848729163,3,7,3,1
15,93,39,47.21919287676016,0.003255532392801772,0,2.1233213924484655,3.3933188107163472,3,4,3,1
17,150,105,52.109210250796274,0.09766146680776386,1,4.223111935347763,2.7488379991514256,6,8,3,0
4,84,44,47.14395554451929,0.11847212113450258,0,3.879636947529959,2.865434001731185,5,3,2,1
16,184,33,50.53444660419612,0.057705424988108454,1,3.8583954959180558,2.6075254478681034,4,5,3,0
9,116,26,45.06569587460241,0.027227715657669984,0,3.2914993321844745,2.3968377021579252,5,2,3,1
19,75,118,51.27277744059033,0.0011485463000784212,0,2.827699713172339,2.693390609644723,6,9,2,1
20,51,22,49.33402587488898,0.018035160274988634,1,3.1181398035949974,3.083928817761488,2,8,3,0
20,43,86,38.066386721196906,0.06045384551045328,0,3.013015086284212,3.340529604805385,8,8,3,1
9,52,18,49.48258215252,0.09679030133223408,0,4.193474914115489,2.5633430330358897,5,5,3,1
7,88,2,48.4012483339467,0.10457737029529113,0,2.461557321483963,3.3609311148019865,2,10,3,0
17,4,2,35.34977457193588,0.08202730790148227,0,3.538872433812459,3.8788430935807563,1,6,2,1
12,134,60,44.33146245216028,0.010418516048459989,0,3.4994333616281694,3.522516878629408,8,7,3,1
18,37,35,50.269687762957346,0.11896127535523592,0,4.088879910205517,3.4823795974878284,5,3,3,0
9,220,39,34.13315230297779,0.08965247836070388,0,2.9037346890157787,3.0787657638409813,1,0,3,1
18,8,45,48.36767633573092,0.05117485962724644,0,2.627738393207708,2.2726414478406,9,8,2,1
18,72,0,46.85453529435439,0.09764106529976002,0,5.014482845982853,3.475213622080368,7,2,1,1
19,196,48,45.25567890727489,0.07062874844302823,0,3.7084066541187752,3.610556656684153,3,4,2,1
9,98,90,60.82792852039034,0.07233391710564724,0,2.9128710138551837,1.7473327030296892,2,2,3,1
16,63,21,48.60817470493685,0.11655626856874986,1,3.8155910875140906,2.453543822738481,2,3,3,1
16,88,48,42.32655353448955,0.09613535928660286,0,2.7366621208395037,2.669968249747515,0,8,1,1
10,37,11,43.546179691901244,0.03145808483061646,0,3.5631544535380675,2.2902482259763604,10,9,3,1
17,5,70,49.5162541247871,0.02101895445832647,0,4.406123202520314,2.474642374831861,10,1,3,1
7,41,84,48.039571171154115,0.020677049284586684,0,2.894832899031441,3.8251828212335917,4,1,3,1
7,232,76,43.69875956656591,0.0545404531216301,0,3.7194685608307565,3.3194611026097824,1,2,3,1
17,91,27,50.02533666144427,0.046627652863948585,0,3.3488690334181666,3.052400258112348,3,3,2,1
18,74,16,39.79925578954383,0.054331422111074924,0,2.9828223883331875,3.017906013924997,3,1,3,1
7,79,108,49.46124793217562,0.007523719673068556,0,2.9563415497661047,3.8862168624911524,2,8,3,1
18,41,47,42.71137584737795,0.02424923377854996,0,3.4054136045419687,2.8047184877593563,1,4,3,1
10,1,68,48.28046972567342,0.09570010984362384,0,3.859496847147284,2.518171466863756,1,2,3,1
17,71,19,54.05498338003772,0.09091214912450861,0,3.393036893719684,3.5582755197333658,10,3,3,1
7,28,37,35.717514973335696,0.047197409971565456,1,2.963321368645172,2.49983672477525,8,1,3,0
19,75,41,43.2334637645694,0.04685562454354717,0,3.4678529054574256,1.8993736710486557,2,9,1,1
4,82,98,34.0884364701739,0.10605878502804024,0,2.4360410051950208,3.02063075787368,7,0,3,1
18,32,46,48.17536439382855,0.021825184679465735,0,2.710788522827866,2.344891329222147,0,4,3,1
7,179,8,50.81392858230984,0.042865742412128496,1,4.022060202588313,3.3826504791835674,2,5,2,0
7,15,43,41.68027255030839,0.0916171204815765,0,2.9946666585841073,3.0870336206242874,7,10,3,1
19,83,48,47.20490204462314,0.06895039050864996,0,4.041192046253688,3.025879996037531,6,10,3,1
17,26,83,46.64209789394374,0.0072317375447852016,0,4.678856930135895,2.9518096432482657,6,1,3,1
7,84,83,46.75696214520463,0.0014188687279675792,0,3.596404053789744,2.9648542699502993,4,9,2,1
17,195,36,48.26548860420771,0.002296132905425678,0,3.616888372232749,2.9000391474796325,3,1,1,1
19,76,136,47.76185205612207,0.07871788471691485,0,3.867765124844487,3.303886004727635,4,5,3,1
7,84,28,42.73569560259157,0.0746987502858074,0,3.534350765323665,2.3972016220559373,3,9,2,1
6,90,29,43.19725099231636,0.0053413759777412115,0,4.059984872628883,3.6599541112868126,0,9,3,1
7,91,41,37.55047809758009,0.015835537517774938,0,3.749375897498427,2.979848337258599,2,5,2,1
8,25,40,34.35515395257867,0.08670703278642604,0,3.611661810973513,3.645651824027155,0,0,3,1
18,14,18,44.8227643522044,0.037150779754848394,0,3.4012590503442857,3.4748600095021964,1,6,3,1
9,36,10,53.54035660964573,0.11900225530283844,1,4.5105927268589285,2.7200789061363104,3,10,3,1
7,74,30,40.123397792000404,0.037498158627894566,0,2.774707366028994,3.4406449907721166,3,2,3,1
9,82,39,42.06613650733871,0.04028243894921624,0,4.466374637239363,2.5305986832560183,10,4,3,1
9,54,16,45.311734469063715,0.050336553709412334,0,3.714383812423423,2.7043087337878537,8,7,2,1
8,89,46,43.30321159914307,0.09931875232263593,0,3.22229549039861,2.034183728951116,5,5,2,1
7,80,31,44.846375379120204,0.06687496441436255,0,3.07534752215513,3.7419581534638553,7,7,3,1
16,75,11,46.7553427569824,0.10286948857494674,1,3.4103523532467057,3.608160387941954,1,0,3,1
6,24,2,46.03421648912173,0.05126486616225817,0,4.003306145033485,2.422322991043062,5,10,3,1
7,95,31,40.21083898312762,0.07299369256649567,1,3.888808416382604,2.9472635507232527,8,7,3,0
7,86,40,39.71810716537901,0.0005543181422342291,0,3.446693812881125,3.2389676358472452,1,2,3,1
19,66,12,46.064292515065866,0.06906573495180358,0,3.02316763038988,3.1569177490704594,8,7,3,1
18,20,16,38.21890670897088,0.00966272012865684,0,2.707893498325899,2.549663315414015,4,8,2,1
6,57,51,50.416783946547206,0.02316165049994227,0,3.444151147501056,3.3373862212338916,2,2,3,1
9,54,12,46.43431264477148,0.11970460389941442,0,3.5729051181487033,3.775254920118348,0,3,3,0
5,43,79,50.636431351207314,0.076461571025711,0,4.209239081862719,3.7880208947128833,10,3,2,1
17,14,13,47.53931375822886,0.10431064516390419,0,2.547178580892214,3.163388918048166,1,10,3,0
17,131,16,44.632523185920846,0.0068790231502490196,0,3.9852257464023797,3.140637789889964,8,1,3,1
17,69,39,50.05010360998717,0.04614733634908835,0,3.8712193778183335,2.2061573888290598,5,8,3,1
9,10,31,44.88556865269608,0.10349291138212187,1,3.1873488241890486,2.487938346451899,10,8,2,1
17,15,33,42.96148610310466,0.04929413973668419,0,2.700612242312503,2.774342275911593,8,10,3,1
6,3,43,36.74823389222786,0.030435622358605544,0,3.601564912405781,3.7905039065598696,2,10,1,1
8,48,39,44.25479374599475,0.05771843059864564,0,4.282486072149879,3.0300559007086534,10,9,3,1
8,74,125,40.98550146041872,0.05651273518389675,1,2.463614495858293,2.305997089190573,4,6,2,0
12,84,28,41.28206682729478,0.1188823143385019,0,4.479332019186471,2.493788388201228,8,10,3,0
8,95,13,42.495076983810016,0.04254052246912995,0,4.435635058991597,3.6188924118735097,10,6,2,1
9,30,37,47.5906015319954,0.11488163991721327,0,3.60335468533169,2.889443280906424,3,9,3,0
9,46,21,39.85542671426089,0.10944392336039531,0,2.8766443739662098,2.3827751209788177,8,7,3,0
18,43,23,38.45428380149453,0.053941328916911314,0,3.9162782279869575,2.833431071055392,1,2,3,1
8,34,32,36.03360803999793,0.11339773338885673,0,2.5428621537120115,2.7629776443681573,6,1,3,0
6,45,11,47.131495912185564,0.08746544718739413,0,2.9252887414029054,2.661232978502061,4,3,2,1
8,41,20,48.390738095391534,0.10620133416859669,1,3.854992222371984,3.787694495203305,3,0,3,1
18,77,45,42.296746666393425,0.10701253721765815,0,3.6298597632888563,4.01167610598213,1,6,2,0