accident_hours,rainfall,wind_speed,driving_speeds,alcohol_levels,traffic_violations,lane_widths,road_conditions,mental_states,riding_skills,accident_types,falses
17,110,1,42.610490653570764,0.010255307122996297,0,3.0280891540587254,2.5207505556120355,1,7,3,1
19,21,71,49.34345051039484,0.10761898036258974,0,3.884975109019311,2.517327482149641,10,5,2,0
23,17,82,44.24768642334748,0.05874967324845586,0,3.7030620525830917,1.9465691947312118,6,10,2,1
8,52,36,46.86575901766425,0.0764442787543028,0,3.241977713760402,3.077275766900891,1,9,3,1
16,15,1,46.155336059852445,0.036062098076653476,0,3.3257267358498934,3.81682469896686,5,0,3,1
9,114,50,40.00197945397525,0.07746230405091378,0,3.395157575778503,3.2337362556989633,7,6,2,1
7,12,82,47.11507528294299,0.0032494144031301265,0,2.1688917895327195,3.490787849357556,8,9,3,1
17,3,32,45.826398735035504,0.04454161936859359,1,3.9422830410164527,3.4356674251312236,7,1,3,0
18,65,40,42.141796736805595,0.07543066150070096,0,3.7994528522721294,2.9610073580972083,1,2,3,1
6,57,3,43.29373073365917,0.02362476428036226,0,3.2735411320568915,3.26935776925192,10,10,2,1
8,295,23,38.12379046326593,0.08071460129972056,0,3.527693318498929,2.9506929958701544,5,4,2,1
19,72,15,48.99231718473963,0.0994658159452821,0,3.3464758715840137,2.8260704675554416,7,5,3,1
18,52,15,45.9455416173759,0.004480472811107478,0,4.095849262136454,3.3536547163512043,3,9,3,1
9,4,80,45.648021769709054,0.07247396468014078,0,3.1470362308206115,3.471314977310187,6,9,3,1
7,49,21,45.40580236449889,0.06967522497124058,0,3.8328514070802,2.954428846392841,5,10,1,1
9,172,37,46.93640129599196,0.0938500781341229,1,3.285139651976486,2.99011006301909,2,5,2,0
6,21,66,37.493170307124736,0.08370115365730639,0,3.8091837134188227,3.193246787101885,9,6,3,1
8,98,15,58.736746147022856,0.05455440360243522,0,3.2819675492476694,3.2144734196186926,6,5,2,1
19,49,42,48.58590693248029,0.04254261231186452,0,3.3694346922299165,2.7066509527735065,3,7,3,1
16,13,8,46.811817254306575,0.118277877567961,0,2.932221458433346,2.337561258052116,6,8,3,0
19,81,43,54.24402126955765,0.060213315874166534,0,3.701368633034225,2.4101213867445073,9,6,2,1
8,45,38,46.754256585626905,0.048951480714463924,0,3.2885455151515735,2.8411356958150287,5,10,3,1
7,90,24,54.6285703846129,0.11916014008866677,0,3.857303640956535,3.305788433198687,4,6,3,0
8,73,22,55.60276854317876,0.021660248711190946,0,4.17979886973823,2.987775612468971,6,2,2,1
20,25,98,51.818008325767636,0.022335995925305396,0,3.5779800720392285,2.630683492944878,3,1,3,1
4,80,41,44.97865079728809,0.11717670298911598,0,2.8285226839341977,2.985344468272996,5,6,3,1
20,91,71,44.6595137506708,0.07892283849588975,0,3.1471347403987613,2.3436710007516974,4,9,2,1
6,89,66,43.19103543757264,0.06236867834190812,0,4.000191895415176,2.705318237663815,2,6,2,1
10,74,39,49.051014916500904,0.008133111553960898,0,3.72219068238008,3.6432967760002226,1,10,2,1
18,245,36,39.85505741960355,0.04270333214857226,0,3.0662722500589137,3.6998549234449465,5,3,3,1
6,91,33,44.248908990582564,0.05200017042828794,1,4.224922816285557,4.099028239451048,2,6,3,0
17,71,16,34.07611929807108,0.06136847350003204,0,4.0066436461654025,3.2065603010520323,6,6,3,1
4,81,3,39.78385765801366,0.05238801012297705,0,3.9914245243766393,2.956669020613053,10,10,2,1
7,67,13,45.49673767492205,0.05257306205961001,0,3.345294120207328,2.883187272204078,4,6,2,1
9,154,136,47.933596025003716,0.11938025337016103,0,4.708700371363296,2.9601910634685686,9,8,3,0
19,85,87,50.03802930608506,0.1168789038038419,1,3.4768386702868215,2.5777580017515613,10,10,3,1
7,5,7,45.38658215615067,0.01034374753110411,0,3.811354415115803,2.985433438193294,6,0,3,1
19,64,21,42.2249681915477,0.020234743416872404,0,3.5930638635072274,3.0697207789774814,6,8,3,1
6,89,11,42.05327068787132,0.11299318006929134,0,2.458584360066231,2.579075515471317,7,3,3,0
17,87,36,41.73209559640002,0.038279866235301316,1,3.2625146673406182,2.90068325892557,1,3,3,0
16,115,47,55.17031129849342,0.07338480945894064,0,3.7120777222852377,2.8754103845905927,6,3,3,1
15,12,15,42.85499386305882,0.09574364909683639,0,4.002914788518003,2.659175108142357,6,4,3,1
10,7,49,46.9314168316548,0.05650488348275436,0,2.5082244815001786,3.3443654887100878,2,0,2,1
8,246,2,43.83415445621677,0.001994254569148155,0,3.3382255307277746,2.2290972818513617,7,3,3,1
16,125,14,47.97718849900131,0.09936910298627284,0,4.056819349946073,2.3103237562757335,8,5,2,1
17,41,34,40.12582780358779,0.09074881068791096,1,2.982937448992914,1.9843600571885271,2,3,2,0
5,46,30,42.32063347010696,0.004971838921905456,1,3.569146225078179,2.237763202168442,0,4,3,0
7,35,39,47.26497258752072,0.10768457138937036,0,3.4542918751697855,4.308629690905292,5,0,3,0
19,0,21,41.65517109015713,0.1028416013327489,1,3.435265869959731,3.9332160730310175,1,9,3,1
18,111,15,48.36813783452915,0.03300548423776916,0,2.98315380277988,2.7340927537351143,0,8,3,1
6,82,93,47.63588210621983,0.009616753257906336,0,3.8332887700829357,2.790791489825513,4,6,3,1
17,7,33,45.016784067761925,0.048380847734099584,0,3.249030043108831,2.7366478085807944,6,7,3,1
6,61,34,43.9248810161182,0.10498830903320389,0,3.350884384400851,2.720247798491024,8,7,2,0
9,77,23,44.07794304383118,0.05788953443312753,0,4.169013400157356,3.6784893223076573,3,9,3,1
19,80,84,49.09433817972491,0.03378918174035081,0,3.2979330377321583,3.2402696667340845,2,7,2,1
20,72,9,47.590626923088266,0.027811879848486543,0,3.9027274677421895,2.584544600008739,3,10,3,1
19,25,36,52.85510762093825,0.042604194951432965,0,2.966493753661402,3.0212894671381516,5,3,1,1
9,146,1,38.77065831492086,0.11927391218195343,0,4.197502807484131,4.130666630698313,7,7,3,0
9,58,31,37.80824204339383,0.10541091445830937,1,3.1297074712340045,3.099012593879292,6,8,2,1
8,37,126,43.22968981156039,0.06564509876924633,0,3.1258800170757963,3.8353716952825874,5,2,3,1
18,101,7,43.86663989998568,0.09700970569026138,0,3.415392311059285,3.2622324507025064,2,6,1,1
18,123,42,44.59391992931575,0.03795257687732691,0,3.443231449058261,3.454405737904661,6,10,3,1
18,96,43,52.60533572831307,0.07382530447824151,1,4.654544777313785,2.4645300766262492,7,6,3,0
8,38,34,46.68096717775782,0.10473011394969163,1,3.2117764546325107,3.6165981381319705,9,5,2,1
19,68,4,46.099648281735796,0.04412235981854435,0,3.478487814259403,2.5166813124451948,0,1,3,1
17,164,24,42.239823669856804,0.09604759981523354,0,3.384892690547472,3.7534632478019967,6,2,3,1
11,30,30,44.269743470536724,0.0737187421063482,1,3.4613738150179056,2.969184381148196,6,6,1,1
18,156,45,45.71895977972308,0.07384303073126142,0,4.322220260098443,2.0746262018863924,2,10,3,1
6,2,2,44.27712925780887,0.004931565666231265,0,3.5219370078965806,3.010905486289027,6,9,3,1
8,52,31,45.83294311312874,0.1079112750183719,0,3.070676826705905,3.6915560660289186,8,7,3,0
16,26,56,47.0782972057268,0.09313729829285046,0,2.8576813499965548,2.7552969902873845,9,10,3,1
20,42,30,49.59442870923256,0.004376617171888539,1,4.488608413537964,3.9952661695565324,7,10,3,0
20,72,27,49.60110772298587,0.07328955365952355,0,3.6054971808579706,3.0969627403762647,10,6,3,1
8,90,3,46.84294704383778,0.08950822596061725,0,3.8412380839524363,4.219017882387384,9,7,3,1
17,39,33,51.30415573677898,0.0954146664317785,1,3.7307246101010265,2.867268454732604,4,2,3,0
13,97,13,46.612445102346584,0.010625734132525365,0,3.3190854771279046,3.1282200014773567,9,6,3,1
9,70,26,41.08775382849554,0.07679288752373785,0,3.3717043376450007,3.003193954159868,2,5,2,1
17,8,43,36.97303119875849,0.027957110252675832,0,3.302937130637041,3.1209028248459227,7,2,3,1
18,74,27,51.898861048871815,0.05417252351015609,0,3.099884971233129,2.9096770200402613,1,2,3,1
16,63,43,42.164208812590616,0.0631745810058701,0,3.4138059325740673,2.779505273620994,10,3,3,1
20,15,8,49.61118868349106,0.003281316237560889,0,3.432637366231834,2.9835234427600064,6,10,3,1
9,179,15,52.456032510523094,0.03594478525413296,0,2.345663212517375,2.9075107396831315,8,0,2,1
7,287,43,40.37028099808544,0.09569309616102052,0,3.7561350532026774,2.66141907722625,6,5,1,1
15,54,66,40.83078113702827,0.10108194956754703,0,3.1439933915099796,3.0103129874419188,4,10,3,0
6,5,25,49.640427497449636,0.039601271106465157,0,4.250456344473552,3.5643894440826642,3,9,3,1
18,91,0,47.17835018737189,0.053015690383433275,0,4.145695225881229,3.08280010122082,3,3,3,1
17,131,43,43.72634180687476,0.0997433827444913,0,3.611980682022931,3.364816661287722,8,9,3,1
18,15,47,46.52210632130694,0.024094602812533582,0,2.2085900113907915,2.891523887523972,2,9,3,1
18,99,24,48.728225531303885,0.08771703670351055,0,4.067007657016028,3.6741324447089325,9,1,3,1
17,25,30,49.27111049842242,0.04887855533656033,0,3.58642324531013,2.922128023008086,8,8,2,1
6,15,14,52.373248500721765,0.11845247016206902,1,2.9646462254856747,2.883826410973346,4,4,3,1
19,87,37,41.817892473610016,0.07221376480272472,1,4.054346475986,3.149826967148492,6,3,3,0
3,49,26,50.97041967848829,0.017768788947601196,1,2.1050442790467425,2.8191317985917306,8,10,2,0
8,3,93,54.8307633126463,0.02062374976083226,0,3.3555557539975807,3.575797768239946,0,3,3,1
9,10,3,47.69048979355005,0.0032767795017113245,0,4.319119101054483,2.5717548904987177,2,3,2,1
19,24,8,52.69258175698876,0.08577931133673102,0,3.852475834560777,3.659376096337085,10,4,3,1
17,291,76,44.10931406977767,0.05319992518311418,0,3.601940058311643,2.8584499380526815,4,2,3,1
8,83,44,45.987914759503006,0.0013162600913396805,0,3.482961790260607,3.1502435940214135,7,6,3,1
8,245,36,47.60902715805082,0.012170462926707985,0,3.5317553092023206,2.010496396333591,1,5,3,1
7,242,24,45.90193863974507,0.03473042104883032,0,4.364301892904218,2.7712265993572873,3,0,3,1
11,57,136,41.520019453426045,0.05089408196635662,0,2.2824312567431586,3.5091172976120917,8,3,3,1
9,198,45,39.57187055048438,0.11261357024352342,0,3.7620072339769415,3.682371322402162,5,4,3,0
16,14,25,49.916412335477645,0.06495508099005441,0,3.47001817680864,3.6590492438575652,9,2,3,1
8,17,82,49.49022033090781,0.10730826955962393,1,3.5849992839750437,3.6405418119041246,0,0,3,1
9,12,57,36.609678049679204,0.030063623510374542,0,2.573903271798688,2.6106311903980552,5,3,3,1
9,76,138,48.51403245212256,0.03986791186062886,1,3.658146792071191,4.220490399427263,8,10,1,1
10,206,36,46.95946274124914,0.10569597768535603,0,3.0441832129054944,3.370477505925666,4,10,2,0
9,68,9,42.374571339370995,0.05896340846819148,0,4.019398884892704,2.6088018887137547,2,5,2,1
18,51,13,46.88299897931338,0.07081935291121105,0,3.2079120426702166,2.895583254068411,2,10,3,1
20,86,32,40.25366420086951,0.06890136068274684,0,2.5352768731828252,2.4877286322952736,3,4,3,1
19,57,1,42.947214107564974,0.07744508004434945,0,2.7723065427618647,3.64729931368381,8,6,3,1
21,98,21,40.938361191452245,0.0706743001738329,1,3.1121151352616243,3.397875968593854,1,9,3,0
19,14,80,49.46840880852603,0.08332393796449314,1,4.016570684633364,3.1058162345104345,6,3,3,0
21,15,24,43.43786919854719,0.017673325230563246,0,3.2809288373098973,3.20717000091122,0,1,2,1
16,114,40,42.61861488668943,0.08527545933688437,0,3.8517295172738737,3.536884031940883,1,8,2,1
18,67,2,41.52708409769471,0.018071676480117364,0,2.974156112639016,3.0465253273025343,2,5,3,1
7,68,34,48.738844411549046,0.04085016809711247,0,3.945224330625076,2.223562406141372,5,4,2,1
8,4,7,48.12766221504402,0.09976162494815986,0,3.892408981508312,3.637125269044867,8,0,3,1
7,26,5,43.20375882235697,0.07293409716076943,0,3.7725450998872607,2.124351082019715,1,4,3,1
21,17,109,47.217104658405276,0.1160598600768682,1,3.3186233234042777,3.461241358112999,6,7,3,1
9,16,44,30.512485023770104,0.030275742472397234,0,3.320490173971722,3.471581816211044,7,9,1,1
9,70,78,40.83412116551239,0.11048902590292606,1,3.144760064909322,2.9212862247974014,9,2,3,1
6,27,27,51.01846009867162,0.07703084805614552,0,3.76372774157223,2.7258840433950837,2,4,2,1
18,10,18,43.847523406453924,0.04430869698811844,0,3.5825827183455994,2.3952112573400584,1,2,3,1
16,76,10,39.32676924036129,0.09441467127308631,0,4.044218907762416,2.787369797402804,6,9,3,1
6,50,18,53.821961251758424,0.11458424675872729,0,2.6837585627492726,2.0988540612530358,3,7,3,0
15,211,6,36.864487467799734,0.09354726816501635,0,3.5392999793046678,2.9456208781832802,6,5,3,1
8,198,30,38.88477649261462,0.0007768500785854781,0,3.8845793149522643,3.4473962184082683,2,9,3,1
8,282,44,40.63541454439856,0.0012322714187482742,0,3.499425772610498,2.0594757367074807,2,6,3,1
18,109,44,41.36598189696642,0.015140137766724772,0,3.1750343457071386,2.8816497825639464,8,10,2,1
14,113,95,51.78406354146767,0.10208699896406727,0,3.551481736520553,3.5737199292359976,3,2,3,0
7,3,39,44.034391548458245,0.09002963138980946,0,3.8718687848671047,3.712967013392644,10,2,3,1
18,40,143,56.623068349331184,0.07677282064048524,1,3.783908218553525,3.096868249935933,7,3,2,0
10,50,42,35.29501295188309,0.08334069984500762,1,3.909147570958068,2.0229811493932575,10,10,3,0
7,10,59,50.03104217655927,0.07437673054073643,0,3.236363630313476,2.396723421245596,6,8,1,1
19,92,2,43.02025554356316,0.04174623418019599,0,3.469501747891928,2.3887650105311726,8,6,3,1
9,93,49,43.0255089034593,0.08645396634074592,0,4.202985909910902,3.442645328807212,4,3,3,1
5,37,55,42.67072100268852,0.11221180967814544,0,2.5883426167053307,3.4194762770972007,10,9,3,0
18,132,119,43.5576388698918,0.08996051807514081,1,4.698870969934568,2.6955344056890698,2,2,3,0
8,31,4,49.455475886654185,0.10407562940738005,1,2.84917890349282,3.2627636631118717,0,7,3,1
6,10,48,41.71931895533304,0.028458881150429882,0,3.3742660957748343,2.3696451267445995,9,9,3,1
9,44,17,45.01624877010121,0.04191424212343621,0,3.0668171221672385,2.817457151456031,5,3,2,1
18,26,19,50.468359423426755,0.060928547029626134,0,3.6510108025104775,2.921105905495953,4,10,2,1
18,80,84,34.45482447806285,0.05657923726595555,0,3.61719724175761,3.0185671099568623,3,6,3,1
17,43,16,55.24453474464204,0.055918458690804106,0,3.7762450146436874,2.3647865619524717,10,2,1,1
5,69,143,51.13575442106637,0.07686646195231386,0,3.5836473319420543,3.2085990617514284,10,7,3,1
8,87,76,47.4934292958739,0.10264693896258711,0,3.257851252855826,2.1128933628479896,9,1,3,0
8,70,17,47.05240068370594,0.10645944291376505,0,3.6205616976328456,2.3692469395821774,6,3,2,0
19,98,33,46.27845700311998,0.018060200844920743,0,3.9119909893236176,2.6104727197101885,2,5,3,1
7,69,17,42.04564532215138,0.010818261743979032,0,3.2916978073767638,3.4655724602049816,9,5,3,1
7,49,75,49.36216154234655,0.03734586518180533,0,3.482621592786365,3.228450224301564,9,3,2,1
18,25,147,44.11057734037408,0.0884672124483742,0,3.4966362359486944,2.484405761499242,3,4,2,1
9,73,60,40.07963857204961,0.09521440024036742,0,3.708764998139409,3.1133897313279824,6,5,3,1
7,38,60,51.455452229781635,0.0459932257564538,0,3.474254344845643,3.5060182226203063,0,8,3,1
17,62,12,40.71603212139733,0.03725377144298032,0,3.974081430812407,3.99088980297778,8,7,3,1
18,95,95,49.540230825734035,0.015659335138059772,0,3.0003207338469693,3.2864889272400175,7,10,3,1
16,7,32,44.248845373742434,0.028587904824885324,0,3.3791355471012947,3.290509500122435,2,4,3,1
9,172,6,47.911114667912294,0.012093061475474171,1,3.2847835892186468,2.459835014179215,2,6,3,0
18,48,31,40.26381819959952,0.03646227052234513,1,3.9756225709836994,3.1372357912388225,5,1,2,0
18,186,0,40.13322018658897,0.08113475017339011,0,3.615529206684782,3.051161430622356,7,9,3,1
9,84,39,48.85856448115254,0.01547449240781543,0,3.4970105777161966,2.768510095206961,7,0,3,1
18,61,45,52.74059745317824,0.03855634295653621,0,4.08583770173459,2.264543626899513,0,8,1,1
18,81,74,51.06266371438557,0.0634367201804444,0,3.970404814549208,2.528588122147135,0,9,3,1
9,181,7,46.664585356657504,0.03925282908397625,0,3.0154720259443577,2.623793840472142,6,0,3,1
9,66,92,39.48707612076329,0.052748933070290174,0,3.063955988779445,3.5100423946149784,2,1,2,1
8,91,14,34.19275401038877,0.059624178483781445,0,3.880065584666743,2.7785133198499095,4,2,3,1
9,113,48,54.49287933155534,0.09300107206006365,1,2.7005501390496693,2.6985168874806105,0,10,3,0
6,64,42,42.31416775951182,0.10117148096635585,0,3.5881800608109886,2.1736780481579006,5,7,3,0
14,35,39,51.658509763556175,0.02308677876161718,0,3.708149476534787,3.125630443363321,0,5,2,1
17,242,5,47.93404924429269,0.04432013212995424,0,3.954539040711662,3.4648286729905244,10,5,2,1
8,49,28,34.5009058463189,0.06901916740984042,0,2.818602967890269,2.065041085506333,1,6,3,1
9,156,40,44.1869847184616,0.059925567973180036,0,3.390386749892466,2.7764751335190243,8,8,2,1
8,83,124,47.3187942372699,0.009650205133608302,0,2.9582545503768354,3.0998559231883114,3,3,3,1
18,92,34,36.65775052213715,0.04139569415346632,0,3.3489090254239744,3.809953798777033,2,7,3,1
18,74,37,43.04828700138608,0.02730267377944994,0,3.7338868298519228,2.665704028186456,1,3,2,1
20,26,43,39.6115004844764,0.050072092044220994,0,3.106408495747156,3.5753360246183217,9,10,3,1
18,127,35,52.120942863509974,0.04055784750231882,0,3.5540694632402405,2.615299196593393,3,3,3,1
8,161,0,40.92745750586411,0.08344591119563577,0,3.389772212594394,3.604023278739809,8,6,3,1
19,14,35,47.215038972658654,0.04817335201184903,0,2.778435248313284,2.632994377536869,1,3,3,1
18,43,90,40.85775428909419,0.028983144730205444,1,3.379103528915355,3.0027694541089742,10,6,1,1
10,57,35,41.66813488075025,0.07435807501959076,0,3.8306045614555346,3.30416647312454,6,3,2,1
18,47,66,44.20222907103974,0.08722694817504095,0,3.9379739132133627,1.8273676024191599,8,6,3,1
7,11,50,45.53919688118142,0.012992187411245023,0,4.52961362283174,1.6980604605494827,0,5,3,1
18,78,5,45.24924796586241,0.03014826855612568,0,3.458918968068133,3.4339932260049792,7,6,1,1
16,176,42,36.634017469915555,0.02505688845746321,0,2.9175580589186816,3.549646042329223,9,0,1,1
11,94,18,49.59861065614143,0.02413047687375212,0,3.288165101754174,3.679453367751825,5,10,3,1
20,244,10,52.7390081937458,0.1082380384364785,1,3.100387429194701,3.3758741852339114,9,7,3,1
8,35,63,45.926867126799145,0.015123287419731448,0,3.416113275958959,3.249647363199105,5,0,3,1
9,64,26,44.35962698750973,0.10453612453368231,0,3.3818502843782734,2.894611852686502,10,3,3,0
17,25,5,50.529546438383875,0.04726853073667227,0,4.2070678209981,2.9170987041534313,1,8,3,1
19,90,48,47.76888537883032,0.07689614354926323,0,2.7725398287590455,3.125436961941061,10,9,3,1
16,81,48,44.986768472206954,0.05291387170816718,0,3.6361277636006926,2.011126080258708,6,5,3,1
7,34,21,42.84552051824707,0.071849535269159,0,2.979677158463562,3.0761719797036253,9,2,3,1
7,73,40,45.177074340678615,0.06619866154495117,0,3.7458491945074357,3.0830651360691874,1,0,3,1
17,17,5,36.14819135350588,0.05195389324835019,0,3.8834432112528936,3.060338957553283,10,5,1,1
16,22,49,46.42666770495439,0.03300296275020475,0,4.011942133876439,2.015272153316986,5,10,3,1
8,52,24,52.50336620436648,0.11170461394057615,0,3.008215721866818,3.191907273699414,4,0,3,0
8,85,4,34.70266306496762,0.1099160817492143,0,3.912142909109351,2.5288099227179637,6,2,3,0
6,91,28,33.583864781051346,0.008533862063078655,0,3.167417172260005,3.1916372376871855,9,7,3,1
18,11,32,49.27162243700335,0.026822539705163163,0,3.711967454173899,3.811062101218609,9,4,1,1
11,33,127,55.972548700055675,0.06888796551224499,0,3.149753376969653,3.0277473169165696,1,3,3,1
6,41,22,55.05473831360837,0.11765398634627706,0,3.5395681688550953,2.6654250668927846,0,9,3,0
9,166,22,44.00370530751012,0.08729262106333006,0,3.62099275962073,2.265550883584879,5,2,2,1
6,204,87,48.38150361376895,0.09820039054143966,0,4.277842171014027,3.166092006194855,10,9,1,1
6,49,27,51.26799919209122,0.03770670201778379,0,2.5801821079291423,3.0557650976667428,5,9,1,1
7,254,23,37.97965013177824,0.026269527342603096,1,4.296033070992063,2.8388813873506353,1,9,2,0
11,95,43,36.10020716287662,0.02711546365082026,0,3.14840384850618,2.785441032227802,4,5,3,1
17,120,28,44.07519020383306,0.057993826152245256,0,3.1374187387852603,2.9141322071354785,3,3,3,1
20,93,139,40.65521585930174,0.10301762699736379,0,3.0747542881830654,2.7263154814492023,10,6,3,0
9,40,43,46.746726209487,0.02596439004833983,0,4.5532478154299,2.5624452626792116,10,7,3,1
16,87,5,43.34573442833447,0.06843817657014295,0,3.5457361883027554,2.6820189223113524,0,7,3,1
17,111,31,54.28837462638681,0.09705537084827737,0,3.301568640126504,3.385516838037836,2,5,2,1
9,36,28,48.68648088009496,0.06004274743378547,0,3.132877309424478,2.348381870512791,4,4,3,1
20,25,114,44.364700167406305,0.050028306571165526,0,3.4350546495703878,3.2341927348586705,6,6,3,1
17,43,74,34.87899194436135,0.04158384971151966,0,2.595377962982026,3.1032771826352743,2,8,3,1
20,29,44,47.42943386798972,0.07205382750935217,0,3.450299223430183,2.904455062247671,6,9,2,1
9,172,24,46.68991775055527,0.09812293644973825,0,3.7117572201696714,2.930626365580502,2,7,2,1
19,7,12,44.016821909410496,0.11953567756379545,0,3.35509262662178,2.9944804131037426,4,4,3,0
6,57,29,42.285288411186464,0.10432313232290688,0,4.023433623448331,2.647112297671581,5,2,3,0
8,70,2,42.48362175723762,0.054330023596123746,0,3.1861839601112534,2.3733637079452383,10,10,3,1
7,68,34,52.633456087376146,0.00950904048081795,1,3.3644343770032386,3.351219111741447,0,6,3,0
15,23,57,51.96043884549092,0.01446447124127875,0,2.989773414236078,2.48042743615505,10,6,3,1
8,1,97,43.49518884835002,0.0035190057944595576,0,4.00710801603579,3.275434937638108,1,7,3,1
8,58,40,47.29339452340019,0.04351958872257438,0,3.025861770188731,3.337171113827231,1,9,3,1
11,33,138,47.62401916616323,0.05778615057322789,0,4.208322681722543,2.430113589776853,3,10,2,1
7,153,41,38.86943130725677,0.09847311350077897,0,3.1560208844477873,3.4124756303760133,6,5,3,1
16,7,139,41.72324100389584,0.01028806764442089,0,3.8369624575160737,1.9699660687915888,4,10,3,1
7,118,35,51.89508706655785,0.027374326288682735,1,3.145486091152741,3.518683739018156,5,6,3,0
17,4,50,40.16354968330821,0.06127822455985643,0,2.9259496367037356,2.7526968826882046,8,1,1,1
9,62,9,42.413009298069845,0.1019731601106443,0,3.58167619193921,3.393304207943583,9,9,3,0
9,133,37,44.21284708922698,0.010516722145803516,1,2.8315520951480044,3.1797463494602667,10,1,2,0
16,66,94,44.095349231078664,0.029212314340110415,1,4.646158971111708,3.2925690927185873,10,5,2,0
7,45,41,40.55795966474797,0.06526857723330659,1,3.6227652473649012,2.4001930964292524,2,0,2,0
17,83,9,43.39462377092511,0.03892379996038831,1,3.494787072553014,4.2166337158195635,7,6,2,0
16,40,43,35.497226690396246,0.11908772190527758,0,2.2896167968416083,3.433410247223766,8,5,3,0
17,62,146,48.3356276575199,0.05425594873132209,0,3.6255995014846163,3.5230600879353355,5,2,2,1
18,31,5,44.62363994371989,0.10936284278619095,0,3.8827270648048215,3.49943499485751,9,7,3,0
19,22,6,37.96312590679995,0.11290653553781374,0,3.198168342898186,3.1850215447383943,8,0,3,0
17,40,10,42.17269079894221,0.03113191999526052,0,3.4474297572111645,3.139197785818816,4,3,3,1
20,229,1,34.370389197451715,0.039180096434945695,1,3.674498008835686,3.4201100177937325,4,7,3,0
17,30,16,39.37221751558013,0.03889642019689662,1,4.2794386652728,2.9043731062335394,4,8,3,0
7,50,28,36.50489215451012,0.052357440329937825,0,2.907606139857862,2.624412774761066,5,1,3,1
9,59,55,56.56361958090255,0.007578079584247929,0,4.071913383543524,3.4842316956190693,7,5,3,1
7,236,5,46.47100289190974,0.09688247329346301,1,3.8705045632369353,2.8056561151280577,3,7,3,0
20,210,42,45.287738599197404,0.015702519173892746,0,2.8279259589087005,2.7814371144043872,2,10,3,1
6,89,7,40.444947195875294,0.10723980913545318,0,2.5698680921070984,1.7927157585355789,0,2,3,0
10,2,19,46.50761694064755,0.06918981461232629,0,3.0225001543975054,3.3071243305104017,8,7,1,1
16,5,67,45.88165588604098,0.05777851744866949,0,3.2818721792261716,2.9520817714357857,3,7,2,1
22,30,38,49.00618409159824,0.07929461817446862,0,2.8263707613701037,3.2595554261054587,8,2,2,1
7,77,47,42.69639350868635,0.11197208768145987,0,3.6755354323389895,3.0202892570152704,1,3,3,0
21,27,12,42.07767336343373,0.03560003972585672,1,2.938109520390241,3.4554952943170205,5,2,2,0
8,159,29,41.94940495285469,0.03242229429197937,0,3.7571044989221427,3.1354960288828164,4,2,3,1
8,41,44,43.81772942886778,0.044385366672894215,1,3.3204865346745764,3.4350464036230117,5,4,3,0
19,215,34,45.87486140734135,0.05841703910654437,1,3.3720406111297554,3.3421858943891234,10,6,2,0
7,92,1,51.622247428446705,0.00908455102168769,0,4.0597326099926825,3.1573265768385355,0,1,2,1
17,17,77,51.314016866694345,0.08159846481565335,0,4.040039006824893,2.769242398627404,4,2,2,1
17,78,52,44.07458191316596,0.06250733780056619,0,3.852609574566594,3.600207710122261,9,8,3,1
6,5,16,57.54118052354695,0.0647901477825854,0,2.888425567572125,2.629761155585242,6,2,3,1
19,238,23,47.54253682310397,0.02995755744022836,0,2.929686451459015,2.7666030566926443,10,5,3,1
10,4,19,47.94230733760108,0.10087197305089432,0,3.204049049045876,2.7171094879150894,8,5,2,0
8,58,6,49.199513963959255,0.04776707957219062,0,4.437676011999684,3.673188782852618,1,4,3,1
8,39,30,51.4020721191814,0.07827153619449873,0,2.862726103574836,2.4790181503409383,4,5,3,1
18,78,16,49.987633840462664,0.02880731968036204,0,3.8038249811224563,2.9537260936468286,3,10,3,1
9,184,37,42.24629367907211,0.09795508851118145,0,2.795290562704529,2.8374711651790796,5,10,3,1
18,167,22,43.29468777889021,0.03596593847674741,0,3.8017110493373685,2.5833388412525222,6,1,3,1
19,2,27,38.511841634522185,0.11060242754745701,0,3.0962642481881786,2.499499742167,2,6,3,0
8,76,86,47.88381090125083,0.05457511232607306,0,3.74223936876235,3.4598819398960248,6,3,3,1
16,68,12,49.860262953084494,0.017418010004582082,1,3.036710480592321,3.346048221327492,2,4,3,0
7,87,34,50.13655165037193,0.07334331187561907,1,3.167813725080907,2.9401384239289667,1,5,2,0
9,11,5,46.42887834534085,0.06679608870866481,0,3.425617842629343,2.8830686706644806,5,3,2,1
19,16,99,48.28834719254794,0.05057212219468778,0,3.127453634131466,2.73636568812465,5,8,3,1
5,78,18,36.85545678290854,0.09836531880549368,0,2.9559902474378594,2.328990837864749,4,5,3,1
18,54,32,42.95032669617475,0.05055464335153537,0,3.2503274880128514,3.2329051736240166,5,10,3,1
19,52,26,42.49135731199174,0.016346700746788262,0,3.6013975871139494,2.590975277822724,5,3,2,1
19,88,35,52.363863155083024,0.003429966779975544,0,2.022640602596991,1.9340644360446408,6,6,3,1
19,7,62,46.7732281351309,0.1070595243626706,0,3.5966729325566353,2.4545244703483027,10,6,2,0
5,99,31,46.59099263137813,0.05600438958841835,0,2.636708579710072,3.336770636241568,7,3,3,1
16,72,23,38.349419867447004,0.06755542275355338,0,3.6579939579165845,3.2022251107192767,9,0,2,1
17,118,48,38.6791553231666,0.01376892333133174,0,4.605680030470395,2.9344984431810905,5,4,3,1