accident_hours,rainfall,wind_speed,driving_speeds,alcohol_levels,traffic_violations,lane_widths,road_conditions,mental_states,riding_skills,accident_types,falses
21,90,76,44.036679104135395,0.058729485047241986,0,3.399706374038399,3.4543975843592643,7,3,3,1
8,89,44,48.878335542127424,0.06400378719474692,0,3.5959361757615906,2.548451577266347,0,1,2,1
17,3,32,40.64464870334807,0.05583033398240779,0,2.9240077001551423,3.1883410438948747,8,8,2,1
6,83,43,52.371811909548775,0.11449437107084114,0,3.3839727615980384,3.4078550190046135,10,9,3,0
18,62,34,41.14646688407143,0.06856621191310197,1,2.6775756955578807,2.40275423014096,10,4,3,0
21,47,74,47.73054116038816,0.11692647031543484,0,4.0567927878494245,2.5847184365665927,1,1,3,0
21,288,5,41.66145507544637,0.018399985778529516,0,2.883785761400631,4.041446220397343,10,2,3,1
14,16,48,51.29842946380919,0.10970272708866893,0,3.4119691859517625,2.6260898959467918,5,9,2,0
17,199,1,54.654348071827926,0.06635056350459387,0,4.356709524109072,2.9150951572208905,9,1,3,1
18,76,149,48.14243283408636,0.03553637558038984,1,3.4034062259405276,2.9076139352630648,8,1,3,0
18,37,94,41.91997516316922,0.08948898181697892,0,3.4227292678164156,3.0489598536695244,9,0,3,1
17,297,17,40.64269959738782,0.06675145901642841,1,3.6555108387767854,2.755578637075618,6,2,3,0
16,9,20,41.48297893682577,0.06908116878076999,0,4.217705260896423,2.6667176575529634,3,1,3,1
18,52,14,42.72745024803,0.020632687218204267,0,3.3324105379597344,4.2979834742146314,8,9,3,1
8,24,41,42.18560841764151,0.08159284260592868,0,4.3172725569584225,2.7066334885320082,3,5,2,1
9,273,108,51.477769330151716,0.03529676104434709,0,3.6969908602987895,3.1512071868655287,2,9,2,1
7,42,73,45.62504651620663,0.042691685901015554,0,3.850246443453559,2.740459319298469,1,5,3,1
20,45,2,47.82002280498991,0.10878916791997963,0,3.9271767806873545,3.043197301230436,0,3,3,0
15,26,48,38.82825401355317,0.021539782094017714,0,3.6063694311767125,3.6323103308681537,8,7,3,1
7,34,38,43.371316128811124,0.10639742103814846,0,3.3654957793799563,2.8041871593421708,3,10,3,0
18,36,15,48.13899993211343,0.060050166907309285,0,3.4009990582709,2.5428449333829786,4,6,3,1
9,3,46,42.85070872781337,0.02142122451444536,0,3.1049582563739224,3.035411811326499,8,1,3,1
9,94,7,46.626191664624784,0.09739186326449333,1,3.006094736861337,4.3276125341408305,0,10,3,0
17,24,5,43.03724885422964,0.07829960298879221,0,3.285797369714641,1.7691434704734332,3,0,2,1
19,67,32,51.02861246301585,0.04161846902824573,1,3.339393841897266,3.836004992054973,10,4,3,0
9,120,9,45.12232160045917,0.03608712877964605,1,3.200668237587214,2.399615897502639,2,4,3,0
17,59,24,42.00027764235022,0.05051317483900014,0,2.9919612476345625,2.5851426886085065,0,5,2,1
9,86,101,46.59302945662832,0.016345615604393533,1,3.8219576735082894,3.0200439650978224,10,2,2,0
19,77,38,46.60575158232767,0.09710993835487297,0,4.3475834317559805,3.0548263462710192,7,1,3,1
15,214,17,49.843462654719424,0.033438765927222676,0,4.494411904317883,3.7169493940311424,8,3,3,1
19,111,12,38.9266883407647,0.09922407917660193,0,3.8290214235069,2.1869919913070923,1,10,3,1
17,96,114,40.39117643746994,0.08775641552496326,0,2.722302636127738,3.53680104559535,0,7,3,1
10,25,42,46.20982399934331,0.11302027236629598,0,4.4163434650456495,3.1261748633453106,6,0,3,0
19,12,33,42.29112127852407,0.011896964918336706,1,3.79810160953083,3.279233651245277,7,10,3,0
6,17,101,45.75500524025905,0.04190182693433611,0,3.9742531792992186,2.975008236368549,2,6,3,1
20,28,23,46.22621657841375,0.0748660978225042,1,4.183391019536504,1.8815831591736507,0,1,3,0
8,24,32,40.480620391129015,0.10302920195257245,1,4.258440759570746,3.4996347574301514,10,2,2,1
11,87,26,46.41515995777848,0.018675503104910732,0,3.5482817224706986,2.3006190636533526,3,1,3,1
17,6,27,42.35148521502279,0.10336781978671723,0,3.067104536622716,2.7253222886129778,7,2,3,0
7,10,42,37.11190478851036,0.00803704725295648,0,4.134863392389569,3.539773102730996,5,10,2,1
6,39,56,44.94234307729808,0.05692282263629085,0,1.7416847571042766,2.309583887434135,2,2,3,1
8,2,14,42.951898111858064,0.01013330840920525,0,3.0336332682926055,2.730490267534822,10,4,2,1
17,24,82,41.83455644604197,0.017984426588757495,0,4.415548970003655,3.760707431785509,5,4,3,1
17,62,88,45.5446178141845,0.09299042180438398,1,3.166547943682568,2.9546153668112036,3,2,3,0
8,54,47,47.4783555491786,0.0022357244302349463,0,4.3374107952867655,3.0664983197416578,7,6,3,1
22,94,114,42.236188563983156,0.06664366593965154,0,3.1330685461872876,2.784947141447712,6,5,2,1
16,37,23,49.265827845774865,0.011796228253806355,0,2.856655271956324,2.7510351396541166,7,8,3,1
20,27,6,40.30242739576738,0.09735137750156798,0,3.6271628640771167,3.417948313500951,9,3,3,1
8,247,48,42.22948560387502,0.09698003910237496,0,3.9134428693835597,2.649663965485244,1,0,3,1
17,26,49,52.44890718410784,0.08433483013378561,0,3.2697206890975297,3.0407512996580586,0,10,2,1
20,90,12,41.0755740007131,0.09071260608933443,1,3.6959431357098533,3.792721560916478,4,9,3,0
20,98,14,44.931443253754324,0.07089324240434274,1,3.671565430687875,2.7900590911857046,0,6,3,0
7,32,5,41.18888200846094,0.05825893663547265,0,3.655130370266496,2.402989480172382,2,5,3,1
6,246,46,52.242338875234694,0.049217201277590814,0,4.962251511589429,3.557138019520541,1,4,3,1
17,4,36,40.77021083071037,0.07935800192139897,0,3.1893153214580487,3.5685222352538917,8,3,2,1
7,55,21,53.44176588554646,0.045935889052865934,0,3.6977276033577438,2.3542457428004755,8,4,2,1
20,57,39,50.41828686546883,0.0003350493887367367,0,3.192656454199,3.515776114026111,1,5,3,1
14,141,48,47.08806018600499,0.01208994494014691,0,2.948583488479505,3.479806820370127,3,4,2,1
7,151,32,49.316982362768044,0.07821785377598796,0,3.446304414574169,1.7382292363945613,7,0,2,1
7,26,37,54.79417282301927,0.04379055739008944,0,2.679644213518965,3.056923872592823,2,9,2,1
17,99,22,42.339263628513905,0.11874624299026844,0,3.7302034538668676,3.1633286663902784,3,2,2,0
10,168,8,45.825115069888085,0.0424703681525368,0,3.7072821964962035,3.181802393049925,3,3,3,1
16,165,1,44.972756752478084,0.01301092249271814,0,3.234133853789916,3.897962437931796,0,1,2,1
9,98,48,41.119928537362526,0.03940581093849005,0,3.390710818488067,3.4906788678642164,2,6,3,1
9,113,23,42.96572138152144,0.08242189568422688,0,4.131495533998906,3.296332108031302,2,0,3,1
20,87,46,46.448467502916394,0.06339312919095577,0,3.3599408648898077,2.931221181021955,7,8,3,1
19,60,0,56.289620079038734,0.07323547699070419,0,2.990550433803011,4.17268726957148,3,6,3,1
9,10,93,39.65809378801488,0.013348441418421264,0,3.182250801175613,3.230004187429901,8,9,3,1
17,76,141,44.909937564202025,0.09923777824622777,0,4.028484290933252,3.1414512677722466,5,7,3,1
21,29,2,43.16236031937113,0.10828646182357883,0,4.399400420321726,2.29189048134867,0,3,3,0
16,71,102,47.84158877837223,0.017441998455074877,0,3.5898530181043173,2.8205478131759874,2,5,3,1
9,3,95,47.912849905465606,0.07513640001964811,0,3.6228213720936773,2.8699422875738776,0,8,3,1
17,98,41,38.38792116506849,0.02757181026544889,0,3.3955175785978415,3.605165620158417,10,4,3,1
18,86,21,45.87054283293053,0.021872793749281704,1,3.36909107078426,3.026300827847009,9,10,3,0
18,38,87,34.61648425653106,0.024548166287963587,0,2.997617777992398,2.710159459798911,2,10,2,1
7,28,29,50.65838374425759,0.06255841050242081,0,3.5068678072230663,3.1654406027507354,3,4,3,1
16,82,4,36.403046009587776,0.10630802245913006,0,3.3560319621223265,3.723556023667733,7,5,3,0
7,64,38,40.43971512815722,0.09823252010515585,0,2.747841396967204,3.7829568504985245,4,7,3,1
19,97,11,47.19581781802956,0.017206009804756908,0,3.6284977771397653,3.161006275964655,6,3,3,1
9,120,49,41.72328301908685,0.06119037796661922,1,2.9065760429090326,2.688197828183325,0,3,3,0
6,93,18,46.859752574776444,0.01810615625433887,0,1.9676255796964939,2.6441258478470906,10,4,3,1
8,35,28,54.052455306152595,0.05256581918926847,0,3.4303291150262742,2.928795013729687,2,7,3,1
19,38,40,50.362050844987834,0.0675031028208605,0,3.1583371158760483,2.87268027252134,7,7,3,1
17,37,94,42.58714174978333,0.0973894825742382,0,3.205895873219368,2.838950625615446,10,3,3,1
20,143,41,43.85520235662543,0.10335650399137662,0,3.889650793208615,3.3775597732087785,7,3,3,0
8,8,0,39.04943261879466,0.003323992210067095,0,2.6736065135365115,3.367920671057533,8,7,3,1
7,123,42,50.25355553226117,0.08270584734334674,0,4.220365835186223,3.0133543498174,10,9,3,1
19,45,6,47.50851225125308,0.0492190844923265,0,3.7137694309106233,2.567016085925161,7,4,3,1
15,202,47,40.86505035239996,0.059394455123597124,0,4.042911330136859,3.554363408205016,5,1,3,1
4,184,111,46.61820015467384,0.02662115328647195,0,2.9909072790665068,3.57607713847819,5,5,3,1
7,73,41,37.216594072079324,0.004112358353322043,0,4.530177002137873,2.5983982295511554,0,2,3,1
10,13,106,46.816005133078185,0.10024682610826093,0,3.2812478902347166,3.906914928259333,0,4,2,0
15,28,72,51.433126756492534,0.027675362950328467,0,3.3484199605106686,3.382126743446272,6,7,3,1
17,44,72,48.5993904596419,0.10563570300485021,0,3.64577513351816,2.917213071602034,5,10,2,0
7,22,20,46.4122839270256,0.008364247577668484,0,3.55553188275366,2.876365471611793,5,1,3,1
17,70,110,50.29557726123751,0.04901191462393796,1,3.74852794002863,3.0894815997735248,1,0,3,0
6,155,45,42.80973431860796,0.08908149791321834,0,3.600008617191783,3.4569545382870372,10,0,2,1
6,87,24,34.208978472843114,0.030809707792423334,0,2.5966501169292235,4.0479470552871675,9,0,2,1
18,71,80,51.95837031412158,0.11608961285930268,0,3.882551657105733,3.001603960052081,3,10,2,0
16,51,5,49.447769311902846,0.07649955684792088,0,3.7818534698719803,3.0439107116401902,4,10,3,1
9,71,7,46.71636652524611,0.026087077995821998,1,2.9686842564409623,3.6958047980895183,4,5,3,0
8,65,32,45.53820819535177,0.09523344014982171,0,2.8539426881392687,3.4219608567007,2,6,2,1
19,25,24,49.15621575897714,0.11814815448406252,0,3.6965996259281013,3.4161532670903867,3,5,2,0
8,18,23,49.14937926000073,0.029891224387821474,0,3.6841085809196,3.681571828211199,10,3,3,1
9,48,47,44.18509243913625,0.09870058605664686,0,4.062113425852689,3.3510138746388867,6,1,3,1
8,43,9,51.5775208397903,0.11727170222876876,0,4.074024686089521,3.4303289459777697,9,7,3,0
8,20,38,48.89858335233624,0.02648769784831767,0,4.442718813266688,2.5564071788326324,7,8,3,1
11,13,32,42.08994078832705,0.02814355034673903,0,3.2177506094791517,2.8456216144335604,9,2,3,1
18,10,9,56.56616483567329,0.08605361746020466,0,2.9746174700956827,3.1187716952382223,3,4,3,1
8,94,1,41.13439716890606,0.11407909144509226,1,2.7755780224263176,2.2964308077100046,6,7,3,1
16,21,38,35.26712347102843,0.08343306270646388,0,3.1312619978918814,2.6778077619901746,4,6,3,1
20,257,47,38.407085077173456,0.06055365096369862,0,3.9942025518489412,3.32356703000672,8,4,3,1
9,156,25,50.98346857991706,0.012627537213183207,0,2.714917473838638,2.3251260483603104,8,1,3,1
18,93,14,51.19758254870679,0.11092502446657926,0,2.788035277573045,3.7458088411107937,8,5,3,0
20,71,35,40.218757581203135,0.008292094637658608,0,3.107073056666823,2.728356533662709,2,10,3,1
9,8,12,42.064123900831326,0.025384415165755896,0,3.6053133797603643,3.076384693795978,9,0,3,1
9,91,22,42.11649345908184,0.05408972780906447,1,3.8643087962843268,2.935017887904804,10,6,3,0
8,23,30,49.283787202110716,0.060074661725143245,0,3.478456815599224,3.0728228979777468,9,8,2,1
18,41,98,39.12618596539962,0.006621421938054172,1,3.093757214594815,2.7954938319799854,5,4,2,0
7,8,44,49.93340927022701,0.009875771697644984,1,3.92595295964166,3.636856420547401,3,7,3,0
18,147,21,45.958246514996105,0.01501504541159826,0,3.3004474024527735,3.211085531076014,1,10,2,1
17,34,96,42.294932373733275,0.0047635451384324635,0,2.091701827987505,2.3037337927956356,4,0,3,1
7,80,1,42.8082840305948,0.11729359009024103,0,3.8720398287702826,3.4598434150404906,2,3,3,0
18,94,39,43.85756538494497,0.028553902635836934,1,3.854042402817993,2.943864808943938,4,1,3,0
18,85,13,43.95889693215402,0.10554255639870551,0,4.017593992501646,3.5417706246970706,0,10,3,0
9,101,28,41.58451499720836,0.09412034912275778,1,3.027811551514149,3.2438953476230434,3,8,3,0
10,11,23,55.496601850560026,0.08470619117863862,0,3.6839649692927394,2.984192535767506,10,2,3,1
19,102,38,47.894076155733764,0.07894991518202325,0,4.120642819404997,2.7062521223487526,1,9,3,1
19,206,0,49.56161841556793,0.059834204754864506,0,4.132104086964745,2.539216642292703,0,2,3,1
16,18,9,45.77404496379205,0.06765947272125404,1,3.2396532514657332,2.7635551911674185,7,0,3,0
18,2,29,46.46778958240651,0.10687900471294426,0,2.910607772527547,2.6783396366386985,9,5,3,0
10,6,33,43.454319455031474,0.09330299410680049,1,2.8775985177281553,2.1064909004064583,1,5,3,0
7,5,24,50.67372466298238,0.027699296868957557,0,1.9285099803546424,2.8258814832602948,10,9,2,1
5,66,49,45.44417613758189,0.012507694537403977,1,3.5169510748730737,3.0057686505416332,0,9,2,1
18,49,32,41.68899353123557,0.03524820811191291,0,2.777405169717037,3.328230443081877,9,2,3,1
15,97,21,31.65819648511755,0.015903194403527703,0,4.080560803997211,3.2928153579888537,9,7,3,1
8,23,20,40.650936531577706,0.11453553899460293,0,2.776913503498229,2.6108392265071876,7,4,2,0
7,70,2,44.162780234375006,0.045927994988212976,0,3.5573256687843586,3.715739901176104,6,6,3,1
19,30,43,45.28812731726406,0.020787426057135405,0,2.5669373317825244,3.307026020356888,8,9,3,1
19,63,56,39.165113660747075,0.07468415494929725,0,3.8740478983482305,2.956573180531045,0,8,2,1
8,51,36,34.25967532118197,0.04778767116254681,0,4.29226098747188,3.4715757608381654,4,3,3,1
7,83,36,56.076235938983814,0.026155509967242238,0,3.996101577765316,2.9596701130173386,0,0,2,1
18,8,102,45.01844553716078,0.006920565542387677,0,3.9700135033787762,3.8543475481002467,1,1,1,1
20,80,67,43.38888617509843,0.011096139214310735,0,3.942933770518029,3.668369334394018,9,3,3,1
18,9,30,45.96857123483401,0.0675981176141361,1,4.076855333489922,2.682959557559762,7,10,3,0
10,60,31,39.65503482233237,0.09004153572174604,1,3.2857338346066816,3.451686467844126,3,2,3,0
20,2,7,50.461867965992724,0.11109417910335286,1,2.3289656948152766,2.55586296411892,4,3,2,1
8,91,40,42.60364904242537,0.0702520830993086,0,3.6177754210310513,3.0322156922885206,7,2,3,1
19,3,39,41.37520631683297,0.07832567727422252,0,3.4130679820310967,3.390495964570269,6,7,3,1
8,77,19,42.03020274471687,0.029038327913881834,0,3.877610430610915,3.065102674746299,5,8,3,1
17,34,49,41.63036510119138,0.032923578951028626,0,4.0380569598973315,3.0480911724516715,8,9,3,1
9,178,44,39.36831672925909,0.05010771694188607,0,3.731827036078143,3.6279018128676803,2,8,2,1
15,90,17,47.20534504444546,0.1042481973973864,0,2.3398447239860873,3.718157168692148,3,1,3,0
9,251,4,47.91472748475647,0.0522419549340605,0,2.7147561795372397,3.3776437097002265,0,5,3,1
17,88,49,38.42445634471286,0.02875614132866235,0,3.473892787153699,2.3841365966095154,6,5,2,1
17,92,48,43.638723255049435,0.11033971245155579,0,3.8393929950751815,2.454946222030101,8,7,2,0
21,199,50,45.66797796082433,0.04937227524808648,1,3.0968384911067193,2.7832824483314513,5,3,3,0
20,73,23,42.456982213313005,0.009541234850089118,0,3.312863461824608,3.22885924912128,3,0,3,1
20,148,125,48.99742193859596,0.065457010072137,0,3.985677158250695,3.2521211956012155,2,2,3,1
8,19,46,52.78674614236432,0.0751722756422284,0,3.4725785239651445,2.2798608436522683,6,1,2,1
9,54,49,47.362186078341196,0.11464608864732213,0,4.176902108879766,2.502214446643106,1,6,3,0
18,15,18,45.006265579794054,0.0967918405899854,0,3.4697317728172075,2.861506793616372,5,4,3,1
11,129,43,41.17132313994248,0.012133575461403225,0,3.3085860543772445,2.990255481520415,1,8,2,1
19,47,17,37.67110847785193,0.06143100256062708,0,2.83279593676216,3.176393829708693,1,3,3,1
17,49,120,41.005316376929486,0.05209366050702703,1,2.928131104874252,3.346597857872299,10,2,2,0
18,76,35,48.69676908276627,0.04721323731666795,0,3.1556953763833553,3.4847395657376765,0,8,2,1
18,73,43,40.081452391642145,0.016777581775209216,0,4.429382664641532,2.705189053047263,9,6,3,1
8,4,141,51.163995683378204,0.045040517585206316,0,4.709529293118555,2.8770394507867962,10,0,2,1
20,36,10,43.06121778952901,0.05641076742347548,1,3.3284703877007527,2.735549930596835,7,0,3,0
9,34,46,39.310400883183064,0.026264784500510365,0,4.124001597997226,3.0956399440956264,10,2,3,1
9,96,4,46.101435734426616,0.069102688725424,0,3.845657857690531,2.6729232450738856,8,2,2,1
7,18,44,40.629365679699184,0.026553795962657382,0,3.238962577039177,2.826940501730202,1,0,3,1
10,90,73,49.30568436085642,0.01455819059135596,1,3.0078112785970816,3.84127511228231,6,0,3,0
16,151,22,40.92144341964476,0.1180782228184128,0,3.714077333531431,3.3487448060403233,7,1,2,0
11,90,3,34.844197665551846,0.0826081205357622,0,2.829905597958379,3.2824374649421766,6,1,2,1
10,143,35,42.37129269811874,0.0713757720225902,0,4.671788755846212,2.9664016194721414,4,2,2,1
19,86,0,37.0801756217913,0.03930045714796803,0,3.6613751830114003,3.533261949239334,3,10,3,1
18,55,59,48.88980111309995,0.02500080728355546,1,4.048937268311879,3.125936508890097,9,9,2,0
8,18,75,50.19810554248255,0.01577952591326851,0,3.4092658620951477,3.2713922128579336,9,2,2,1
18,119,2,42.09381176893198,0.007514873607562569,1,4.224402033237114,3.731439267523001,9,8,3,0
6,42,37,52.7957326631395,0.08396551649585107,0,4.119284563797221,2.834876420656524,4,0,3,1
10,33,1,40.78582822845114,0.03314430577523251,1,3.695198160422662,2.4108279512929456,4,4,3,0
9,91,48,43.429412112203195,0.038175042390443434,0,2.595082694812917,3.396620653291023,10,9,3,1
6,42,90,39.57883285474884,0.019318840715222163,0,2.906471942229323,2.7685476719807625,9,1,2,1
16,167,39,36.60097718093628,0.014059665155628367,0,3.7802495039844106,3.2245894039075647,7,4,3,1
8,42,74,46.87399068174914,0.0593993783963748,1,4.117149723376768,3.144069912203249,3,4,3,0
7,34,8,52.4836266142307,0.08730176968056803,0,3.8643040848644525,3.6260253258736057,3,2,3,1
19,259,12,42.74191046126049,0.11891188774562293,0,3.8496431310396857,2.7247882831813603,7,1,3,0
9,84,3,45.013860874779894,0.040739682126163,0,4.0087597885010915,3.2482476068401813,0,7,3,1
7,89,19,38.754253007093354,0.07966064234290479,1,3.7016639941601057,3.1917120916494324,10,1,2,0
16,20,0,42.10298157575459,0.013927931777210181,1,3.7778810917189665,3.530232385115428,3,1,3,0
8,31,4,37.31162148222013,0.06668118221326017,0,4.312175004575488,2.3876458757577286,3,1,2,1
17,12,15,52.484162713323705,0.062169892378233366,0,3.493302423114493,3.4612872420545657,0,9,3,1
20,100,121,38.996284864079506,0.003846933453588521,0,4.305870387721936,3.893659437730105,7,5,3,1
9,80,24,44.99222730291691,0.05795837269924869,1,2.4400194992511612,2.956865855902413,5,2,2,0
18,61,93,52.916625976170614,0.059452010973391305,0,3.402543366012742,3.241888004204454,5,4,2,1
21,81,27,45.571409675735396,0.04464230597427241,1,3.264902075022615,2.6395111766693047,4,2,2,0
8,67,25,44.483170003333896,0.0688255834471228,0,3.9066993678349755,2.923712121945304,3,6,3,1
17,184,2,46.60065624172403,0.005467861557109046,1,3.0982481564950213,3.808797213662129,4,2,3,0
6,10,34,38.59746515180027,0.10133356152914148,1,3.1437928228309207,3.8238728545296468,0,0,3,1
8,81,148,35.88952379605627,0.06246150207734029,0,2.9536488893870008,3.3517847375757466,3,7,3,1
7,61,124,46.165912132045264,0.0038579290719395897,0,3.7917908206150677,2.8672183405181735,10,2,3,1
19,37,41,45.60835336292389,0.11805216413270897,0,3.701402848817561,2.934479264435743,8,0,3,0
6,2,13,46.55974508598762,0.045810310551062494,0,3.873746419040075,2.381046009020925,6,2,3,1
19,150,39,32.337292218498,0.11840733365704867,0,3.279779007976048,2.348440554042543,9,4,3,0
8,161,41,38.273822729165985,0.02163985888570691,1,3.6776994938013567,3.1944620687154868,5,4,3,0
19,73,61,45.57724205891377,0.0035966612138773613,0,3.157660348433339,2.908750385898649,1,8,3,1
16,15,41,44.161851829232084,0.08560606094595563,0,3.6528555101854554,3.656154885926197,4,2,2,1
9,9,2,49.53133659574756,0.11345103749572319,0,4.201782835361941,1.7545234820309257,10,9,3,0
7,138,15,46.50563762824455,0.009311018340781966,0,3.4355873570126425,3.308289065523345,0,10,2,1
16,28,110,50.96542771399376,0.08826315674241586,0,3.2830365891549858,3.6075651578905354,7,10,2,1
18,18,115,50.64483823895716,0.008304669685702577,0,3.431819084033207,3.205196279809822,7,6,3,1
18,17,28,48.05955584839811,0.09526892600178753,0,3.6761807580916046,2.373818419928241,3,9,3,1
16,52,1,44.43732521068387,0.06975181942388287,1,3.8243479280205195,2.4725717160460863,9,3,3,0
5,97,2,46.62967659817274,0.09381880164649443,0,3.4718099493136845,2.6456386864328936,7,2,2,1
16,17,38,47.13811446826036,0.04457799866216635,0,3.4253443370232706,2.659116228055399,2,1,3,1
18,68,41,50.99675010110306,0.10864612265323659,0,3.9706311376678034,2.77188180203208,6,9,2,0
17,38,130,43.22261689534292,0.03631940671029354,0,3.337016207250448,2.612532514830508,9,1,3,1
15,36,71,47.11325805306003,0.033984423799340045,1,3.558153100149703,2.901460814591171,9,6,3,0
18,86,51,38.029989484435475,0.11527611602366632,0,3.4107845792886384,2.9992769947608293,10,2,3,0
9,30,42,43.10130450365722,0.014737946269543504,0,3.46306490181584,3.283828961416406,0,10,3,1
18,29,15,46.1456811061255,0.07110684032952413,0,3.653070082801487,2.7949591655726627,1,7,1,1
18,62,82,46.892900882313846,0.06888077530327974,0,3.6467088313233185,2.1753597738462025,1,6,3,1
6,169,60,48.1154540269254,0.02840855705426653,0,3.310519126422926,3.2107210114111995,2,4,3,1
20,87,31,41.398772717660606,0.03804956843652738,0,3.8773089318430736,2.3658364736313753,7,10,2,1
20,253,30,45.27387306340145,0.03439059500191708,0,3.3592318121667732,2.915297338231025,4,6,3,1
17,29,127,42.505213260623535,0.10152810214550934,0,3.3864838710325085,2.6190217945799765,1,0,3,0
9,103,22,54.19978263302806,0.04674637156404759,0,3.8579688581516414,3.087464881419188,10,10,3,1
18,16,14,37.46815708144883,0.0430441539358334,1,3.7941731137443853,2.733133601857876,1,7,3,0
9,23,27,55.62815152217671,0.07640649550607313,0,3.5693594245619376,4.1869663344389325,9,10,3,1
18,10,44,48.37678569931503,0.05946080634208107,0,3.551476798115078,3.322868716893682,3,9,2,1
16,60,62,31.512775690056394,0.05111679983810905,1,3.421968957858268,2.770062428933416,1,2,3,0
10,165,35,42.50876614309951,0.08513045814142245,0,3.4617041093220147,2.3024412937482706,0,6,1,1
7,97,47,46.2283751610512,0.04951431509609217,0,3.1934951800598137,3.397287587902397,5,3,3,1
8,5,84,44.75651170588242,0.026658982953525583,0,4.96540886870889,2.5824040160100403,4,1,1,1
10,17,48,36.92651070573334,0.08902157132251591,1,3.8696322761562687,1.9563038430042519,5,9,3,0
8,39,27,39.20396190025762,0.008137692042972051,1,3.3047388159333617,2.7160611134928807,7,10,3,0
6,52,46,45.596560156860285,0.11996119785127958,0,3.7322111356047345,2.8256316245824724,2,3,3,0
20,57,88,38.0511301305932,0.07159572146842715,1,2.6551027492517614,2.9681695871809217,0,6,2,0
17,91,43,49.176550526647844,0.02595627614778291,0,3.2792524849079996,3.9361657543339863,5,10,3,1
15,18,17,43.667581081896984,0.023781754011076895,0,4.171015404067988,3.1326147316478403,0,1,3,1
15,95,25,47.95927764182722,0.03284589813884147,0,4.542738292449063,3.087591895005086,8,4,3,1
8,86,40,39.485677959719595,0.1055126293700571,0,3.214792029936103,3.1636903483675844,8,5,3,0
15,96,39,38.22256558210259,0.09920262117557534,0,3.754288695127405,2.886498302767377,1,4,2,1
8,54,45,50.164851032040104,0.01734337600796034,0,3.2424197780162523,2.9860668343101184,10,6,2,1
6,59,1,44.67263532834321,0.07200487771820487,0,4.037464330555512,3.0314392200297,4,5,3,1
8,75,24,36.73500900350916,0.10930835226118733,0,2.7621607290602177,2.77601727384316,6,10,1,1
9,14,98,40.831568369595736,0.0879761242175051,0,3.686668583548414,3.3491442546968173,8,4,3,1
17,24,5,45.99895288180054,0.07049489262532957,0,2.8667669456579565,3.036193194858742,2,8,3,1
8,92,33,37.613851690598224,0.02503563523781854,0,3.4572759239660553,3.2300204391522915,0,10,3,1
10,1,43,30.77584824307411,0.11322340653488215,0,3.374364724256062,2.534492933183092,8,2,1,1
19,27,142,37.46345230709933,0.10701649725755877,0,3.5511997589060282,3.0549346260238246,8,0,1,1
17,37,142,48.884675811007014,0.03854699187886826,0,4.226694078836861,3.6132965907837855,7,2,3,1
5,97,129,36.285959078412375,0.059722199169611766,0,3.7925508158029526,3.0713350762696887,6,7,2,1
19,97,17,49.7801724912495,0.009820877856076122,0,3.5528458945819086,3.9373143580347802,9,10,3,1
17,14,15,46.375106820115576,0.0757746644120995,0,3.563501271013644,3.50145527446742,9,10,3,1
19,44,21,41.252776014637014,0.006525512055178932,0,3.6235414102340093,3.1472059681766287,1,9,3,1
8,82,47,50.75822564796019,0.10872201012396675,0,3.92579656359801,3.078987528477807,2,4,3,0
9,65,46,38.23748246431736,0.10564712247439215,0,3.732004004788796,2.719879769819745,6,5,2,0
9,38,108,41.87280786278314,0.03377436388139774,0,4.192668349093439,3.906001030458719,0,7,3,1
8,76,8,44.59079039198108,0.08904586392353436,0,3.0419303848915216,3.6681764130654986,5,5,3,1
19,97,22,42.684082610073894,0.05272288132110857,0,3.4538802250247485,3.3056008713238882,1,4,3,1
8,35,2,45.23609470443379,0.10144339387962743,0,3.485343582832724,2.5123159026390662,10,0,3,0
19,24,59,47.85165709913179,0.007376376422229227,0,3.3893086666439274,3.0657481934307707,4,10,3,1
8,83,27,41.88019266313345,0.06068486128816755,0,3.512520609753134,3.6162276194742673,2,4,2,1
6,60,30,52.386583525606355,0.04768651898094828,0,3.7302787980715957,3.9794692650355037,8,7,2,1
17,4,25,40.29149215473831,0.031244179349238694,0,3.037146315253338,4.431332895207165,2,4,3,1
8,33,48,43.54780727446667,0.025113675369664603,1,2.3858695218670714,3.0069467507369025,9,5,3,0
17,27,36,47.13100036423334,0.08118390759282332,0,3.7021704110731166,3.544281664630947,9,5,3,1
8,89,96,44.005027434041715,0.024227737593395218,0,3.120075843509246,2.7094542986380086,2,2,3,1
8,183,27,37.759265844131065,0.0758635340899173,1,2.9104476825107093,2.7967078769260483,3,6,1,1
11,77,65,44.76003244622664,0.04676527523354238,0,3.417653652415066,2.231342386172229,0,8,3,1
9,84,2,40.06918871807236,0.029113466838395285,0,4.353508436229771,3.252046010620775,3,1,3,1
10,96,38,53.53961944967615,0.09404580174457504,0,4.290688713341444,3.8639763824946316,1,2,3,1
10,16,8,52.08202221577043,0.04366728456400135,0,3.4199341784929933,2.993200620583652,0,5,3,1
16,70,35,45.51273349370652,0.0017937641487551215,0,2.842936725415888,2.450141135770657,10,4,2,1
17,19,75,43.44784261545418,0.10213742656897665,0,4.009414609319876,2.9177098374995394,10,4,3,0