accident_hours,rainfall,wind_speed,driving_speeds,alcohol_levels,traffic_violations,lane_widths,road_conditions,mental_states,riding_skills,accident_types,falses
9,60,32,50.29768264678893,0.03774333231408749,0,4.516022547860896,3.0472947843242624,6,1,3,1
9,45,15,50.90206641492873,0.09867747987464641,0,4.380976305466302,3.0189086202977493,4,6,2,1
10,96,3,47.30952955630038,0.06556005008775868,0,3.5067115834366174,3.5925119747323966,5,3,3,1
18,76,80,51.93976817361978,0.10575917731195436,0,3.7741449460827883,4.282735499943928,6,8,3,0
20,234,2,46.76355105679421,0.05016814003471547,0,3.7488392954000727,3.566623037882555,2,0,1,1
8,49,8,45.65096308604949,0.020337059021997547,0,3.6190943001040434,2.681716439907678,7,4,3,1
8,149,19,46.3566436370878,0.0021608388395627062,0,3.1952313123014604,2.315481126356208,0,6,2,1
8,256,100,42.02283033972999,0.09342367712893729,0,3.014939232696186,2.493025323967693,7,4,3,1
9,75,8,48.84522039682573,0.09351335483696165,0,3.975152150280346,3.8154183227282616,5,0,1,1
10,185,44,43.82442967948126,0.02347449697757517,0,3.6218036771793236,2.7620022686472123,7,2,2,1
18,132,37,46.45189726642377,0.11465487928852762,0,3.7617615029869254,2.744182370156625,6,8,3,0
18,88,2,43.4679472432553,0.11389082564687086,0,3.3074210177814933,3.8114289458862536,2,0,2,0
16,30,47,47.18530145770369,0.0438600037952921,1,3.20425817263561,2.13170152151549,5,6,3,0
20,23,16,46.13185312643474,0.01771068497675696,0,2.6485113072547692,2.841366947328295,7,8,3,1
8,149,28,49.89316355794715,0.034067950381768575,0,2.5845292612399606,3.123772834518056,0,3,3,1
19,93,47,42.11805437884257,0.11151702553523603,0,4.002199958013311,4.051405541585093,10,2,2,0
20,129,4,41.92836977698766,0.07313242750297828,0,4.422941634430063,3.731627413213655,4,3,2,1
17,43,20,48.413758073742635,0.10972587575220999,1,3.5421589930976047,3.3919069689090127,2,3,2,1
8,4,35,53.38522175478827,0.0027381615836634277,0,3.5424137135959595,3.563782611863769,7,8,2,1
16,53,34,43.551596954004474,0.11890966233633374,0,3.1546193201226282,2.83115348002002,8,2,3,0
17,116,30,48.02360378226507,0.07535937252715134,0,2.965756939437021,3.0673303523937188,4,9,3,1
19,125,68,40.56052088089692,0.02228767305469494,0,3.194223022919267,2.5452728361282198,6,10,3,1
18,1,34,42.54100693577466,0.060813072595424136,0,4.263777038678905,2.8723830286930347,2,10,3,1
16,67,34,45.19687066692969,0.0984115842915405,0,4.581010057248514,2.883374498548283,7,7,3,1
17,18,2,46.51621620831775,0.016930428495613443,0,2.913556134206506,3.3609239881186057,5,10,3,1
7,17,18,46.16992998858411,0.07303107176166779,0,3.8883129184086562,2.8155338355588824,1,6,2,1
9,31,28,43.776697017147285,0.08322704501906712,0,4.172983950174129,3.380774520674966,8,10,3,1
6,134,14,37.719389828163116,0.04953874437171658,0,3.290165925894414,3.539206323155149,9,9,3,1
8,98,41,38.5447144143765,0.06499212229993219,0,3.6157906815047505,3.54016663134288,3,10,3,1
9,89,26,51.518766424732405,0.10048097857080128,0,3.1023628811551176,2.9197864318857247,3,0,3,0
19,118,75,42.94872536037898,0.11421114243298504,0,4.077906628680413,2.447139261698629,8,4,2,0
8,21,8,44.80702138647721,0.06650274116767896,0,3.843986772859349,3.1651345473416383,9,4,3,1
7,49,41,45.92838195328626,0.08431481602756241,0,2.8145955358356614,3.9811795527206284,5,0,3,1
10,143,32,56.56617300716409,0.03873673590627017,0,3.3788063558682246,2.995942592296293,9,9,3,1
10,36,103,43.64951667147718,0.04008691987446683,0,3.3129389426692053,3.268842539686181,0,0,3,1
10,126,56,49.999231697907504,0.1066085575544653,0,4.237544958391749,3.0310163917142265,1,6,3,0
19,13,26,40.094591173567125,0.011838929602237095,0,3.63918957307039,3.0340216245882394,9,2,2,1
17,67,7,42.432666860349116,0.024658531762056856,0,3.39571482812443,3.786912634898836,7,0,2,1
18,262,22,47.39151767195692,0.03238728868372419,0,4.023154860133736,3.116567090575394,6,0,3,1
17,59,12,48.0993124875907,0.01132275669757659,0,2.674563150256216,2.7024906987495556,7,0,3,1
16,28,81,46.9322812228469,0.0801140162632616,0,2.7580866938556383,3.1966736567898986,1,2,3,1
19,28,29,45.18129877711033,0.10875274498837513,0,4.298650380083155,3.4543936186122286,9,1,2,0
8,53,31,44.60158604929956,0.0032393957714612264,0,3.3055800599092566,3.4695542642796116,1,1,3,1
17,13,89,51.329572873043396,0.03027531755081622,1,3.1647706510718425,2.422009473858374,2,7,2,0
7,127,44,52.47185004092814,0.1104734423792465,0,3.34812919449222,2.8838530047831963,8,1,2,0
19,154,63,44.47227819271363,0.0558757294621532,0,4.514448212911797,3.8128089503435465,2,7,3,1
7,29,72,44.76232185171069,0.10627562789040308,0,4.045484140278781,2.8394044030203873,8,7,2,0
18,41,1,43.60239161559605,0.11328469368997407,0,2.7568880399195455,2.847250115665423,7,8,2,0
21,79,85,42.52886218313926,0.11891235829905887,1,3.5875409258391384,3.442495672183917,8,10,3,1
16,76,27,48.83325228898524,0.047485855809430946,0,3.140071229451255,2.4599858924783464,4,10,3,1
20,40,41,44.139903894531365,0.041157072500092304,0,4.130911875527477,2.711649846186731,6,6,3,1
10,44,54,46.0733145154434,0.08983659962632175,0,2.9616500720086507,2.349053872301312,4,4,3,1
19,67,55,47.04440792868364,0.07134711113055155,0,3.7266908247261594,2.667826745964789,8,2,3,1
17,28,3,29.23873082011145,0.07910444143779108,0,3.370603583378644,3.2515804072364354,1,9,3,1
8,58,35,41.83513156213569,0.06388353811679913,0,3.5216480909902406,1.987037560027256,4,9,3,1
17,35,38,45.42421084505324,0.06169697925662757,0,3.651616979277423,3.799359877762079,8,9,3,1
11,45,27,48.6746200203944,0.0377961515641246,0,4.071366747563153,3.2247237435704625,2,3,1,1
18,59,76,52.7400974096405,0.07147204483758754,0,3.1654078493412365,2.7537999182175152,4,2,2,1
19,52,16,45.078249032087456,0.03218581399546229,0,2.934773303517849,2.277813961976915,3,5,3,1
19,171,16,37.59218676969266,0.04267905903966318,0,3.720361130548,2.878686107662271,4,4,2,1
8,2,32,47.74661961227563,0.07567133792504659,0,3.05418035111854,3.486725138882056,0,1,3,1
8,80,45,44.439586513388484,0.07639509640755192,1,3.734414072561004,3.3766448495556265,5,5,3,0
19,19,50,54.998610318321084,0.06925403883973902,1,3.4353364656641654,3.6238840001112287,4,4,3,0
20,67,54,51.13598260426331,0.0809675112805737,0,3.0477832380975167,3.3293709979064494,10,9,3,1
10,19,44,38.58058142282344,0.0494296104468727,0,2.9903000910870774,3.370283823034204,2,9,3,1
17,9,71,41.724977897925,0.07132231668754331,1,3.885000506578664,3.3978846470847355,2,3,3,0
17,55,16,52.39423510537774,0.011434324208125778,0,3.416105571737386,3.070388676987989,1,6,3,1
18,9,33,45.52335357830046,0.058046925922969735,0,3.0420580630434357,3.234065469371391,2,8,2,1
17,82,21,47.87919814421245,0.07032531859064814,0,3.470178834081726,2.357873875219755,10,0,3,1
17,89,61,43.70433084504539,0.050664750235242355,0,3.0871370472838557,2.760067721314744,6,7,2,1
16,82,1,54.002146052141306,0.002035796052030503,0,3.6211462822634353,3.056084731542387,0,0,3,1
17,61,21,45.726561275396605,0.08412017313654388,0,3.7052796843833846,3.3299792685234206,0,10,1,1
21,26,28,49.029054369491,0.05465876252856741,0,3.536449402317895,3.3217075463470493,0,4,2,1
8,16,27,37.783008275880356,0.01868322662075187,0,3.2847468266908937,2.6580777261470243,2,0,3,1
20,41,58,38.91656880341572,0.11670211803077539,0,2.933179711942918,3.2060093299846795,0,1,3,0
4,98,4,55.36579681695797,0.1130896668937724,0,3.58171040655314,2.5793808542689916,0,10,3,1
9,66,8,39.239235932281616,0.01904236591225281,0,3.0514184022282587,3.227875728183206,4,7,3,1
9,43,95,48.08315495592222,0.08486481948007774,0,3.2087262621562496,3.1569232549594033,0,8,3,1
19,21,22,49.64768513666351,0.06210182699338316,0,3.4805672201370714,3.507202209028407,0,0,3,1
16,79,20,46.439147966652456,0.03471561041807991,0,3.6916227857507193,3.544967107014239,6,9,3,1
9,195,72,49.89745250272753,0.08212462972644388,0,4.276038878918703,4.218875056409481,7,6,3,1
16,112,40,35.836459471895324,0.05373911438563744,0,3.1440656985845137,1.9329341345225022,10,3,2,1
8,17,26,51.084602544259056,0.10782082300598378,0,3.2216318267524215,2.6154603150320392,5,3,3,0
18,54,6,33.177108405818686,0.08443596915538129,1,2.5711917217079323,2.9978981389677686,6,5,3,0
17,32,55,49.309188368008876,0.06091029617647047,0,3.5691920635551857,4.157299384368938,6,9,3,1
7,156,17,58.49538389879088,0.05422610926501443,0,2.9030633906593204,2.6210438152623983,8,3,1,1
15,78,13,51.32424951332493,0.0037890855829163825,0,3.93313268068773,2.771162816044967,4,10,3,1
21,104,31,45.41090682466444,0.01930256711509789,0,3.6492403283029726,2.882680803997314,10,8,3,1
17,122,26,43.88149305286509,0.005409186512886679,1,2.896480469301652,2.8225015903315875,5,8,1,1
10,99,17,44.921106768127366,0.007611551679125296,0,3.479610498303272,3.1338836729779347,1,6,3,1
9,59,6,39.61641376035817,0.008051075842086863,0,3.512477573122806,3.1146218341008187,8,0,1,1
11,22,5,44.08666181721695,0.001689880090239093,0,4.0870956875495486,3.1176056935154968,5,5,3,1
8,30,70,37.672890679658344,0.09496156277483567,0,3.7216656188783954,3.1051467656118303,7,4,2,1
6,39,21,40.66881185387444,0.05742859650047294,0,3.1000769096847027,3.676677552924988,5,4,3,1
6,14,32,49.50608769564428,0.08989772068850876,0,4.382982549399119,3.0932823735801254,7,7,3,1
17,91,8,49.03648888004994,0.020126928841138623,0,2.945157908236201,2.3080405795153744,4,4,2,1
10,211,57,47.05961985700247,0.10094571517228208,0,4.360115393310831,2.966930190088924,4,2,2,0
17,173,5,45.84373537004782,0.011292862729217567,1,3.5315319692292535,2.983614963652606,2,1,3,0
7,73,0,36.260401963781135,0.038647581090512695,0,2.8478116082817855,3.605840756787763,3,3,2,1
8,9,30,43.07387907850089,0.04448437864365371,0,3.1286306904028027,3.4200489968586036,0,4,2,1
9,80,49,44.63084347490111,0.02828771760360051,0,3.740105849556238,3.4801631264954054,5,6,2,1
10,263,124,37.06761955997918,0.01647643955542046,0,4.153376106348458,3.42435357602991,4,10,2,1
6,8,43,38.01543288653247,0.07537018115258887,0,3.092430469951455,3.116596533874164,1,3,3,1
9,99,36,49.82266353901087,0.0010187098672677219,0,3.2549463189178747,2.5797438615779114,6,8,3,1
18,28,117,46.60430346504731,0.09499646778734679,0,2.9868043054204234,3.022516660908443,9,6,3,1
8,39,19,39.24058800871751,0.005078499358112833,0,3.18735301447244,2.523532783668747,5,5,2,1
19,33,94,51.84472867516115,0.11568568029149867,0,3.1310610872997,1.9231816568517879,0,8,3,0
5,86,48,49.92840421675923,0.10419348375977142,0,3.163944615915044,3.076469502332133,4,7,2,1
17,12,47,44.349138801969,0.049747084241516776,1,3.6184093414501644,3.485547086286121,9,3,3,0
8,101,7,38.67686191476636,0.017124846880745042,0,3.076393799886666,2.5736444847818127,10,4,3,1
18,29,74,52.97875993886846,0.10447632984000339,1,3.5208803325289066,2.306011093858595,9,10,3,1
7,73,99,53.40198859729302,0.07729779048352432,0,4.301266704937135,3.452393056657306,4,0,3,1
7,137,28,50.830856189624434,0.060573230385359465,0,2.8740960981265786,3.577107130772069,4,1,3,1
8,123,43,50.58353938927284,0.038328891468061774,0,3.8895883705415772,2.7846153711921002,3,3,3,1
9,298,34,44.729142661799955,0.06735394538607971,0,2.889178325119164,2.341886109798032,1,2,1,1
8,94,38,45.531392287879214,0.0498172805539508,0,3.4093765170533317,3.623260824163683,9,10,3,1
19,30,20,51.807569615976824,0.05584397777317069,0,3.668608029340411,2.6437270678117217,7,2,2,1
10,268,42,46.24844373934569,0.10145425105936626,0,3.5307746936226474,3.6602085077188313,8,0,3,0
8,11,2,40.84229741573646,0.11429655607285726,0,3.7907829257370125,2.6594479951281995,1,7,2,0
18,46,34,40.3528450844498,0.11552218803033648,1,3.0192219889278897,3.338632099545882,1,1,3,1
8,86,31,50.479427889098766,0.10895210169498346,0,3.503366244286537,3.0369950132216483,0,3,1,1
19,78,30,55.55699895626312,0.09627150139316519,0,3.041774319578271,3.026456050759698,4,7,3,1
18,42,36,47.690154000311566,0.0544388506355243,0,3.5610664429187042,3.0975663627001437,4,2,3,1
8,69,4,56.10815530433952,0.010589225230154419,0,4.013251389466463,3.106656301995247,9,2,2,1
7,90,140,35.15606262888618,0.0756733870455582,0,4.122012926266904,3.2019284418562592,0,0,3,1
6,153,21,38.79550916115763,0.04824290107793162,0,3.882401736113045,2.808191584193433,5,2,3,1
20,162,56,42.44627644448008,0.08244659232358201,0,3.685286145117563,3.98903540418915,8,6,3,1
18,12,47,35.05095982852755,0.02649420680210304,0,3.6404965549240003,1.968788262137711,6,9,3,1
20,15,126,43.91074653418664,0.09176759267869493,0,3.588911783065733,3.5617789067657895,10,9,3,1
7,24,33,50.89743887693806,0.02047904302758755,0,4.036436852201108,3.105886761040504,9,1,3,1
17,88,9,34.82412132486644,0.09702894828653387,0,2.4829403883895242,2.272315121093048,1,5,3,1
7,79,142,49.6144305941189,0.109405000100443,0,3.5198850357974445,3.378648590662647,4,6,3,0
8,75,31,38.858739206636805,0.10803706021314481,0,3.6071667672928536,3.2774902422852987,8,3,3,0
17,137,1,40.9196765697397,0.04159190418881848,0,2.9801370154446447,3.6798726015779684,4,9,3,1
5,21,0,44.33017551632469,0.04677737589702667,0,2.270981510088541,2.3782095778163823,4,4,3,1
9,124,142,44.705552029987906,0.10057262219197652,0,3.1188111102454035,3.6423784555744376,2,5,3,0
18,81,112,50.038042111800635,0.0830589310848602,0,4.174913585749701,2.8865383198697923,1,9,3,1
19,24,35,44.024181283591275,0.06320152698740143,0,4.737270132776561,2.8077958392085094,7,3,3,1
18,125,35,48.45771306098684,0.11526928679298697,0,2.3072412816082446,3.066643708849456,10,0,3,0
7,84,38,50.30455982229259,0.06195168411830432,1,3.832935011687883,3.773540904272906,10,2,2,0
8,57,4,45.60556240066574,0.02925806472401303,0,3.3905998117449787,3.4202253447923687,9,9,3,1
19,99,27,55.90318919539354,0.08158871206521662,0,3.2919027382566113,3.0096238918793414,10,6,3,1
8,23,29,41.905470870780896,0.06146825084329096,1,2.8993727858155234,4.280414651300844,1,8,3,0
19,88,41,40.94891356759002,0.024471931959120424,0,3.5285225648640726,3.6299859102637346,4,7,3,1
8,74,87,41.087122887810864,0.018291701176565933,0,2.3082410561167777,3.3350740155598206,1,7,3,1
16,99,54,56.14783640551796,0.042608127684933925,0,3.9360300739638285,3.0630364058418693,5,5,3,1
7,34,31,49.20043800105755,0.11647685229900748,0,4.517238800027427,2.4500732007578185,0,4,3,0
17,25,52,50.970331031935864,0.01749168271176633,1,3.2172358050008945,4.019916168731303,7,10,3,0
17,58,7,48.4620296786328,0.056570941746966336,0,2.724417434280202,4.390486925442001,4,10,3,1
8,15,4,44.53546375476363,0.039231273528621206,0,2.767238043270342,3.555968720511702,9,9,3,1
17,78,8,45.75543073693049,0.11316245819034679,0,3.2877871532064438,2.8621785103245547,2,2,3,0
19,62,17,40.04383245478314,0.045299127833507605,0,2.8202138354747106,2.9186531014356323,4,9,3,1
18,71,49,55.41066224420073,0.027150706460400933,0,3.466438130681398,2.6915398680461813,0,1,3,1
10,68,138,44.510022216441065,0.05738637399844447,1,3.7321825585020907,3.40996583081861,5,0,1,1
8,65,78,40.6661972559085,0.01844235485171654,0,3.3047305449447806,3.091991095799949,0,4,2,1
22,155,7,37.69274152742778,0.04553273439055421,0,3.4179988212652996,2.5327068105317716,10,9,2,1
18,116,23,53.63088600126929,0.08789555462265175,1,3.8223500751200765,3.1648667233449284,10,0,3,0
16,18,32,50.2469603927366,0.07192096426417281,0,3.3039015706284,2.4346093211965565,5,2,3,1
19,77,144,47.515411189177485,0.0013134628159599648,1,4.179721574241432,3.6375877290290104,4,8,3,0
19,83,46,35.64735814047733,0.059750097574915825,1,3.8703549215095068,3.772682365342495,5,10,3,0
19,173,28,46.986769057729624,0.09757735766066405,1,3.6068305342524054,3.9463827824549655,3,5,3,0
10,73,11,43.69608537423574,0.06753595637749533,0,3.4895030657539823,3.2086642752827195,4,7,1,1
16,178,131,42.470844112674826,0.05644789448370306,0,3.6504145531655765,2.785600688574559,5,1,2,1
17,66,117,51.994599924398855,0.04980905478716834,0,4.040896415889829,1.8749466460101247,10,0,3,1
18,71,10,38.298824428213095,0.06439853057998358,1,3.4550224179604427,3.3968458230306164,4,4,3,0
4,18,41,37.75290147628256,0.008876914985287586,0,3.8936798324425275,3.107262009425908,8,5,3,1
18,75,19,36.68406319807883,0.09596009653274931,1,3.826776066545716,4.57380029770697,7,10,3,0
9,2,32,40.445929575265545,0.10278566105238919,1,2.741563912190431,3.515657213459489,10,7,3,1
7,113,71,38.04158940498953,0.07107859891558418,0,4.16806690627559,2.961870921870208,0,9,3,1
18,64,1,49.54297751580657,0.11747947966142142,1,3.411784675515499,3.2804778395754957,0,1,2,1
17,40,0,40.460060895242414,0.06662697378447373,0,2.9138132396362484,3.499629634166443,6,9,3,1
6,15,48,45.99929816129265,0.0032597683152869724,0,3.9945907114182146,4.05951774082036,5,8,3,1
17,81,21,41.78941747662987,0.05566249391381538,0,3.471875849954638,3.16102719958554,6,3,3,1
9,31,0,49.934152034925155,0.04798601880390582,1,3.0061116184643204,2.989993969270649,5,0,3,0
9,175,41,48.59794953773711,0.023291157419536617,0,3.899883890251427,2.1838399190026654,8,0,3,1
10,68,11,45.25595872988194,0.06413365775694932,0,3.4430389969784083,3.1308598316554708,9,4,3,1
16,72,16,53.01550231134344,0.054574326646808106,1,3.4608274899074822,3.061643103871794,5,2,2,0
18,30,43,42.181496421710726,0.02053895546838974,0,3.7114984151578922,2.6369978681013233,0,6,3,1
11,115,23,43.23511500651487,0.060732118662095776,0,2.6247747905807612,2.5763847457096634,1,9,3,1
4,15,18,45.784983119595566,0.10013144742811389,0,3.705906681836786,2.0531876100248256,2,10,3,0
9,44,26,48.171858979718486,0.061110664894675724,0,3.9205228919357884,2.383146167169182,9,10,3,1
20,172,92,35.43781858696645,0.02609061750959438,0,3.576477821060815,2.470241037429437,6,8,3,1
11,103,14,50.75208792371725,0.08230663736045325,1,3.550483663180015,2.484789491703781,4,1,3,0
18,9,45,41.93789427030235,0.10437588349246676,1,4.247592055014137,3.0142555075470914,3,6,3,1
18,78,26,48.266809886801916,0.04141577957673527,1,2.7414644898902547,3.537353036570659,0,4,3,0
9,26,7,41.136825678177736,0.008527960797323209,0,3.812271744311688,2.996970995803452,2,7,3,1
17,280,26,51.70354876509343,0.10978111650247571,0,3.6784223163495375,2.2338943572946093,3,8,3,0
7,209,38,50.154708663236576,0.08186631780268834,0,2.7997342153997007,2.815647044505651,0,9,3,1
9,79,22,50.18873659511236,0.1189726986205898,0,3.4945111010241803,2.7680648053002406,4,10,2,0
20,192,41,47.21310163778735,0.08334526159424185,0,3.9119820957606417,3.783754314253445,4,5,3,1
9,14,140,44.05874329543941,0.014905451710555177,0,3.8055603037601493,2.9245526350554236,10,9,3,1
5,30,26,36.494976461850335,0.05197735770291751,1,3.4298851074531593,3.2615163649779646,5,2,3,0
7,43,99,45.26898283555471,0.00514357511265402,0,3.181404380887237,3.6455402149608096,7,2,3,1
7,231,37,50.77573033027184,0.04097931468265922,0,3.5631086384968387,3.1180533881427857,9,4,2,1
9,40,37,49.00129415323287,0.09423519195523246,0,3.425648279148341,3.373121536255556,9,5,3,1
7,57,31,41.29676547174081,0.06667544647377988,0,3.701706934731877,3.0082744340843672,6,7,1,1
6,184,4,60.36816669364327,0.05507292105468261,1,3.1627522495387,2.780839989617592,5,8,1,1
19,96,34,50.293724412041534,0.1017411469067147,0,3.425944734949738,3.0376923065354777,3,5,2,0
19,31,13,41.24924846184024,0.021252471696531997,0,3.983466652166828,3.112880826454742,4,4,2,1
20,9,95,42.079320242335406,0.06463482785904094,0,4.104007517313989,2.649450395046141,0,2,2,1
9,185,48,39.815749753197025,0.07768590567755927,0,3.016407864371447,3.1711658812207033,1,1,3,1
7,69,5,44.326256246650246,0.1110918922061272,0,2.876296028335633,3.5000888182961956,4,1,3,0
19,85,13,52.88902836545169,0.019639071201611916,1,2.4318448091873694,2.7974287950201124,0,8,2,0
11,203,21,47.252539295681515,0.08480245187653535,0,3.3142556839932333,2.041259971671568,7,6,2,1
17,73,23,53.286357231639336,0.005498576853064083,1,4.368827058215966,3.6606298530797936,6,0,3,0
17,76,19,52.9134209150986,0.06807149154072938,0,3.775088832996225,2.9813482943923826,9,4,3,1
9,263,33,51.866928994636964,0.07739862412389881,0,3.9348437146484754,3.1090464148641965,1,0,3,1
18,86,109,53.4522027637305,0.10079074604062231,0,3.5286292596811633,3.917198567561436,10,10,3,0
8,2,37,44.97562419698614,0.038859851639684605,0,3.828221829101185,2.8243788378413326,9,10,3,1
9,32,22,45.8668030005463,0.08360320916064636,0,3.259479174415198,2.8553427875533464,5,5,3,1
8,2,7,38.108077869310335,0.011123434001709084,0,3.586462274731378,2.7801273384550464,3,1,3,1
9,36,12,47.95464580136789,0.026706544259134924,0,3.7929485861298273,3.8627542367662855,9,7,3,1
6,30,15,46.197833981516915,0.09281912794626326,0,4.154585486675854,2.770152054988165,10,10,3,1
5,91,34,54.994325462980655,0.10711834887511909,0,3.7383887040013573,2.2161663840656707,1,3,3,1
17,23,53,43.219463432554576,0.0019498756380877235,0,3.4903417492183433,2.9897331025454976,6,6,2,1
17,21,46,39.85440657521541,0.019971302064343038,0,2.9946679871580004,3.503855724507586,5,0,3,1
17,256,47,37.744140225565374,0.025219437656301826,0,3.355130286088121,2.579778727124757,5,8,3,1
6,54,7,51.92394921441979,0.06232660570310524,0,3.732597625701722,2.8599573395810745,0,5,3,1
17,242,11,45.901983024677634,0.018501397284430492,0,3.37495760369073,3.6711248745906278,4,3,2,1
9,9,30,43.497153443451666,0.11712766125627556,0,2.9842572150721884,3.160871570816828,1,7,3,0
9,29,42,46.1780152727539,0.04654345368787215,0,3.81044585217752,2.3412144483131505,9,6,3,1
17,230,20,38.663532115997604,0.017138119226408496,0,3.476472518850806,3.840766920930434,4,6,3,1
17,17,18,38.4473591605966,0.09290803606983963,0,3.1259169561796596,2.3955375284759866,9,1,3,1
10,110,41,53.6493351189613,0.06741737471545346,0,2.4065543925736197,3.0562283235359087,2,2,3,1
9,111,70,45.970938951601575,0.10969229041129931,0,3.519276904692482,3.6513570025517454,9,2,3,0
19,38,75,47.06864225103485,0.11227159458345691,0,3.3022970917571137,2.872809544357092,1,8,2,0
7,1,45,45.0421185062529,0.1027063977991804,0,4.753726716962902,3.3893310875490332,1,9,3,0
20,38,71,41.84161082401612,0.06772086998354208,0,4.189257830130559,4.337521154419278,10,10,3,1
9,8,75,41.83904873933608,0.026712088886391795,0,2.9416181795704324,2.6365742282613978,0,8,3,1
8,67,14,39.832150233043855,0.05142985979088006,0,4.097718453098294,3.1176734293120862,0,2,3,1
4,11,14,50.699392372471436,0.05790566135056788,0,3.548362622084917,3.8963960898778853,1,10,2,1
17,292,1,47.38332557229916,0.11706290484245066,0,4.021459513770692,3.295742507346997,2,1,2,0
6,44,15,42.323679603682756,0.030313328349397668,0,4.854860682270245,3.467950294015346,0,3,2,1
11,39,8,48.69105165940939,0.0521671990314958,0,3.2405820228334923,3.643987166863038,10,2,3,1
16,200,118,40.94027783472389,0.06748127800111363,0,3.278708500419418,2.3098045987921036,3,1,3,1
6,36,44,50.109780647268735,0.046936308473581316,0,3.026932417005259,3.574562801396733,10,0,3,1
19,12,40,40.80742838579278,0.014474494220387112,0,3.933359455937155,2.513723243603929,9,2,1,1
10,70,30,45.7721816960306,0.10685300269919383,1,3.9095685861762415,2.4765198607838195,8,7,3,1
17,88,75,41.60848674931191,0.09614547944533341,0,4.383334018407406,3.248956174899935,0,5,3,1
7,3,42,52.389492295400764,0.030779472109645257,0,3.818953036281865,2.6336422397969983,7,10,3,1
16,88,44,52.2293423145545,0.0536971880123348,0,2.7913072795485654,3.19893739023171,4,2,2,1
18,77,11,48.65402025126191,0.08823099904794306,0,4.248160386550292,3.1259679476408504,9,9,3,1
11,21,25,44.63159526770954,0.11682846979082888,1,3.660722125160223,2.640045578579455,5,5,3,1
11,94,54,42.622395092730066,0.020101428898639435,0,3.373306909682336,2.525177037870337,2,8,3,1
20,45,55,46.07270923564764,0.07655836469405426,0,3.0473407390598872,2.766843007205256,6,0,3,1
20,68,109,41.495609980581136,0.09810615478087185,0,3.9706530131348354,3.228345895785327,5,3,2,1
11,69,1,49.44874524966131,0.0031084251789910587,0,2.8034174779221415,4.217099046020082,7,7,2,1
7,84,12,44.01993171048547,0.09731839734477758,0,4.410002209335593,2.310294649180097,2,5,2,1
8,138,143,45.49589982164845,0.09478821860645296,0,3.490244704785808,2.447203761308835,10,3,2,1
7,128,40,46.242525489822185,0.11081788422865989,0,2.398026401135755,3.460404138230887,7,6,3,0
6,86,14,52.74841874864078,0.01013082291113096,0,3.685662832618949,2.5499811569493067,4,1,3,1
18,40,38,44.76478728741699,0.014914466840544897,0,3.6259308423112198,2.9787763673449774,6,0,2,1
18,8,24,54.03702680813166,0.06224201717811537,0,3.4040731845817316,3.2832096084683124,4,8,2,1
20,36,18,49.33707694428651,0.10459502031588384,0,4.40550860206833,3.489367696032023,9,9,3,0
6,50,54,49.30722061279944,0.10494126841301638,1,4.0433607421568905,2.8242719959120035,10,0,3,1
9,123,21,41.9313917491391,0.08400765065955154,0,2.8206723789192463,2.4409723141731314,9,0,3,1
8,43,4,39.02644692960038,0.05384904272751978,0,3.802434096020902,3.395939476343359,4,4,1,1
5,276,30,45.45924705523855,0.02773609740207531,0,3.948885791740007,3.5077894855317067,2,3,3,1
9,298,78,39.690017738188274,0.05696164265682266,1,3.26943242123665,3.05054656405475,6,2,3,0
20,89,37,36.03927117672256,0.026047712581755828,0,3.345404355892339,2.411621474699581,6,4,3,1
9,71,48,42.66740446104551,0.09276236305994755,1,3.4837799124018733,3.740796462683492,0,9,3,0
9,178,36,36.89600838332576,0.05058085168827382,0,2.747083625811478,3.4517430324804805,9,1,3,1
6,288,41,49.88132557924325,0.06472345253792111,0,3.321256432026553,2.9186538932200254,0,10,2,1
18,196,13,39.35078682465599,0.08171201263210322,1,3.5190442348760387,3.045136663436814,0,4,3,0
8,38,1,36.77473311133216,0.06317111677443649,0,4.067283834374842,3.9346556081122857,7,9,3,1
6,48,13,42.2637121484071,0.09063693811003998,0,3.1792286725343777,3.588089055634725,10,3,2,1
8,92,31,47.94483886927691,0.09432748578768106,0,3.537263279212436,3.5649760461166604,7,4,3,1
18,87,6,42.83172395173972,0.029128130191680264,0,3.025739958985503,3.986015579202589,8,9,3,1
17,192,31,49.09795460260216,0.03577681012237344,0,3.1210051262374314,3.5205144726799062,10,7,3,1
6,96,54,48.1713918219034,0.007118543267587265,0,3.110522208284855,2.334285754030883,3,4,3,1
6,1,27,46.580071875293726,0.01070340950267405,0,3.24280375411569,2.349369399738581,6,8,2,1
7,8,35,41.88335111368236,0.09953713186092547,0,3.5683157357906174,2.8563125326866765,3,7,3,1
5,25,88,47.166582828563946,0.02567996128969943,0,3.746248079855821,2.949902439142287,8,9,3,1
9,2,35,32.94878563647199,0.10015962331585483,1,3.9745996566904513,2.8343315119939434,8,8,1,1
11,73,41,44.44450629464311,0.11830538762868438,0,2.863727747608678,3.1587294619906525,5,6,3,0
10,59,53,50.8541063928493,0.029137407134924475,0,3.7001952093957655,2.91839352872272,8,8,3,1
7,161,82,41.86560540664244,0.055244796694623045,0,2.7515564412305027,2.570665364659534,4,4,3,1
15,3,48,46.641216640282806,0.06444736934380733,0,2.1566261799272564,2.141000811571704,7,2,2,1