accident_hours,rainfall,wind_speed,driving_speeds,alcohol_levels,traffic_violations,lane_widths,road_conditions,mental_states,riding_skills,accident_types,falses
16,55,92,35.8942084419421,0.11313821837634942,1,3.68587419435653,2.9250869070144017,3,3,3,1
8,165,30,48.6948071486712,0.021435619357288552,0,3.6000939012078033,3.9576256113196964,1,1,3,1
20,77,45,43.4657935443827,0.10031763629721623,0,4.009255531452346,3.638219091616601,9,1,3,0
7,46,82,43.40238114552996,0.11493387370215263,0,2.9910979305289245,3.5646741497703935,0,1,3,0
17,12,28,43.30207384702228,0.06652998864300708,1,3.276249867858887,3.298714918832994,5,10,3,0
9,32,18,46.455736860619524,0.018287172149300045,1,3.7032830598280957,2.793469006663638,10,1,3,0
8,58,82,42.80466487580438,0.04005654577123537,0,3.340542979265564,3.3618983797563926,0,0,2,1
17,60,29,45.60416819473153,0.11509117108092685,0,3.360772755545247,2.98019102013589,10,3,3,0
7,66,22,38.82219760646262,0.020186782654835728,1,3.6601462611170983,3.1118515153291613,0,4,2,0
16,27,21,42.885992435871266,0.058515930485064,0,4.001433137612846,3.354120601401796,6,6,3,1
16,12,38,46.46686600053662,0.022783145881929524,0,4.1757167568181215,3.262963950980848,4,5,3,1
19,140,39,44.13194145996632,0.10849503198771673,0,3.8732337188622936,2.837213040529011,2,1,1,1
18,216,22,46.730238251587146,0.07085231170687965,0,3.0693684759462934,2.6712457108621663,7,6,3,1
19,17,14,48.073225379025914,0.11080167170436428,1,2.95186146127097,3.7721959323669036,3,4,3,1
7,70,39,48.06009067710116,0.11354041689658664,0,4.907517672260279,2.8471163716253822,8,0,2,0
18,235,21,48.378476228685955,0.058676234609459414,1,3.264300319691167,4.117129876180088,4,0,3,0
8,28,55,34.87026538776969,0.11245230921309719,0,3.3329123448621756,3.2520504950627847,0,4,3,0
7,43,38,39.14294594118257,8.498473203722322e-05,0,3.514927850352159,3.4638030656336194,4,1,3,1
8,101,7,54.074564281349055,0.023052723804351246,0,2.718352037311293,2.8353202569957126,7,7,3,1
7,4,35,49.864250540152966,0.0880798090167988,0,3.0183921450810036,2.784411896777158,1,2,2,1
18,31,49,43.03682307622188,0.06317858570730375,0,3.763483088951179,1.8795021138390793,8,2,3,1
18,72,23,47.95046400562702,0.11891423516163474,0,2.7123542285559856,3.7201166637505563,6,9,1,1
16,55,63,42.01816711452292,0.09411395574881758,0,3.174351739329198,2.8540261799739217,9,9,3,1
7,14,19,48.241575195948776,0.07969502258635218,1,2.911564910032231,3.10725473507904,10,7,3,0
20,22,81,40.20086742476701,0.10946024061395157,0,3.1722131810989143,2.929518974019443,10,10,2,0
17,49,16,46.93323069857978,0.040464120801032344,0,3.3175044916112615,3.3327021830883763,4,0,2,1
20,31,24,44.03936083351081,0.020109463586831352,0,3.9171110512802585,2.8149974917002942,3,0,3,1
5,169,139,48.72313989353613,0.06564958320154003,0,3.933044978514752,2.927951863738254,9,10,3,1
18,1,36,56.705713846133605,0.028616884600289955,0,3.5131568108915787,3.5686549719634595,7,6,3,1
18,47,86,45.39913600414976,0.027886292665364323,0,3.396712117889104,3.3229801684082814,3,0,3,1
10,52,30,35.56568516540068,0.036756094589584766,0,2.755500015641401,3.396192122868009,9,6,2,1
12,9,53,46.01572144756694,0.08101664811037144,0,2.7061136391073775,2.6709146013641,2,9,3,1
6,180,97,44.53659780623868,0.0028308150689447184,1,3.623521177498247,3.818966858512419,9,3,2,0
7,240,129,33.097444201322936,0.10199861430423504,0,4.117967397217807,3.1365608748634504,8,7,3,0
8,37,25,41.16022839928286,0.07344561088363319,0,3.584573446617598,2.201493634546299,4,0,3,1
17,47,21,48.67441053605608,0.03653451937900903,0,3.549893955990269,3.4069381428743752,3,9,3,1
19,8,24,50.170566664269174,0.013572544492861102,0,4.506525482814898,2.5391261940380723,9,8,3,1
20,59,43,50.256771935971784,0.09480294757084941,0,3.849662190530376,3.173001988280576,5,8,3,1
22,61,126,53.154226107041154,0.05237203159278455,0,2.8487838095584723,2.4063316123235468,8,5,2,1
17,67,33,43.556568661945285,0.05223671351681577,1,2.8837841397125206,3.1515073856203943,6,1,3,0
9,47,40,40.118801621517804,0.05642767813819814,1,3.251451418564363,3.0488616667881137,1,5,2,0
19,48,0,37.21683170861213,0.04967394064676859,0,2.9332451180622483,2.8197900548604182,9,10,3,1
18,76,132,44.980728971563664,0.06159539647526015,0,3.180415576091587,4.240090104917632,6,9,2,1
19,78,5,42.00905183090519,0.07567828095768735,0,3.490819684892664,2.566241201984706,3,9,3,1
20,13,16,40.68485207058611,0.05172149782041623,0,2.8583394752290308,2.8819716899218366,3,7,2,1
18,4,103,36.74593839026177,0.11673634603268573,1,3.477022189825065,2.5270001905221977,2,8,2,1
7,87,13,43.077718765801876,0.04771161637223953,0,3.5936785764282395,3.415298215307274,6,4,1,1
8,73,29,40.87342683307043,0.025732750987590702,1,4.633946122911356,3.6014447237376164,2,8,3,0
17,118,10,41.38677356674828,0.11761269689309374,0,3.4037225372361024,3.369457957372708,3,4,3,0
8,69,67,53.73119145853934,0.03553321251368179,0,3.2636428193802653,3.278882681872728,10,1,2,1
9,40,14,44.87425987799537,0.07449704530715923,0,4.430140114520217,3.383716740507896,0,10,3,1
9,59,4,44.19462486092672,0.09943197817929399,0,2.745954245305194,2.896673890635196,7,2,3,1
8,100,6,49.0336685534382,0.0004745698032416845,0,4.738505853073914,2.4969479897963986,1,2,2,1
18,21,31,42.563003424184856,0.03393999675916438,0,3.6618070475497104,2.554490891645047,3,3,3,1
8,119,5,47.41731131074559,0.06381821551596692,0,4.061956528120148,2.750494294348355,6,5,3,1
18,79,99,48.40713298852224,0.05470583160586002,0,3.314606161158063,3.5709519737863427,10,8,3,1
9,73,58,40.121505057064184,0.00873568440471188,0,2.8039742766192424,2.9000085354183023,3,5,3,1
20,137,48,43.73679687224259,0.053646764107522484,0,2.885187377471545,3.1707143253761374,2,6,2,1
6,35,30,37.668226440272264,0.012713963590007005,0,3.7259334587585276,3.626984631639057,6,3,3,1
8,39,42,39.461541838804145,0.029984365851092928,1,4.466243245198837,3.9802847118118856,5,5,2,0
8,40,27,41.313636375619524,0.08985456901539855,1,2.932004643093447,3.378292868962256,2,0,3,0
6,62,47,46.74109302108188,0.021428603034171236,0,3.5945862623636007,2.914784519880054,7,3,3,1
10,79,15,39.62100619605527,0.0798336354125057,1,2.7408152333433646,2.263631759028424,8,7,3,0
18,72,40,45.65126426028542,0.11675162445970834,0,4.108259265978184,3.3252768434223814,7,8,2,0
11,28,27,43.57301894430069,0.029637981433071565,0,3.662866253955417,3.2302881828869254,9,2,3,1
17,9,19,43.50997852171751,0.031145668142171828,0,2.66829600390544,3.124527639731955,7,2,1,1
9,8,55,48.75748775315786,0.11437109212380157,0,3.6168504944283533,2.733142684531215,7,7,3,0
6,59,81,53.49112931941845,0.07981668267452653,1,3.7246723772545245,3.213607064789479,4,1,3,0
9,155,79,36.86517710694621,0.09241247012523791,1,4.06424369609871,3.2560213461692546,6,0,3,0
20,45,3,47.68730273226867,0.09498162465766855,0,3.7126595815274968,2.774815568816357,7,10,3,1
7,55,31,54.96942838446395,0.08758296748937319,0,1.9655912481179432,2.2052351729606388,5,8,3,1
17,68,38,49.82534178047088,0.11721571134636019,0,2.412052611755997,3.0317631069035267,7,5,2,0
18,87,19,47.9767423191579,0.03296944732265616,0,3.7362642680303577,3.52101264528633,9,2,3,1
7,13,97,35.943177062530275,0.06220433199079817,0,2.5528271452860185,2.9037224976590474,4,7,3,1
5,184,20,51.19433369991014,0.07968941142343647,0,5.15731100172027,2.9997353803509617,4,0,3,1
8,53,3,53.29323412030515,0.0848713359889163,0,3.6072594899125807,3.1548469477112024,8,3,3,1
15,38,15,48.28194675789205,0.023058594222972673,0,3.7818533258613867,3.600036500157987,3,8,3,1
16,121,7,49.652475192869005,0.10506087851857526,0,3.2232082386129677,2.470948747281983,0,2,2,0
19,98,33,50.23653385348569,0.09776938547525744,0,3.5875417604719733,2.799528302585623,4,0,3,1
8,84,14,48.41434651516265,0.03170022238742006,0,4.7540531749516255,2.2577277386892423,5,6,3,1
17,24,140,49.02762976165467,0.06527594818979866,0,3.3705419737982205,2.770819264807096,3,10,3,1
10,86,2,36.89750866330806,0.03536507229514089,1,3.787582953012735,2.072501535782794,7,6,2,0
9,284,42,57.46491696326678,0.04390650516626259,0,3.892050590657222,2.761268637069659,5,6,2,1
19,40,35,49.845379557058685,0.06402830174254143,0,3.0097558847039045,3.663912083171631,3,7,3,1
9,135,110,49.593915372809334,0.06473798592498535,0,3.559075622546943,2.8895303469706115,1,5,3,1
17,10,126,46.81414361821711,0.06384706091016072,0,3.664221892158861,3.129496082783105,7,9,3,1
20,5,39,35.30254042706528,0.06531109214516098,0,4.164478072708294,2.5429222930032775,0,6,3,1
6,262,0,33.42569732895767,0.0763356822208954,0,3.2772113505681695,3.309161031056458,3,10,2,1
18,32,11,47.515600839621065,0.0018848271417956353,0,2.6569816065774656,3.0169915465940913,3,6,3,1
18,50,28,44.79282386653882,0.016778687994210353,0,4.204413439007742,2.8137915103723374,1,8,3,1
9,23,14,48.788017563540066,0.056433267115623284,0,3.574409900821631,3.6519047645436205,10,6,3,1
19,1,49,43.48942367896856,0.0850068597355418,0,3.881546901646551,2.7926222359946964,3,3,3,1
17,228,37,43.22074397700959,0.06111207109338809,0,3.824236950527686,3.663632582908849,9,2,3,1
18,142,10,43.70261946493144,0.07547308829841319,0,4.445361972206294,2.6032429315919803,4,10,3,1
14,175,12,42.73012730142594,0.11648332572111515,0,3.6764631086588277,3.496228437687864,6,1,3,0
4,138,17,39.706666607738754,0.08760789651330542,0,4.057489487961494,3.672795524967872,6,3,3,1
7,190,3,38.76707239163648,0.11278399899542978,0,3.7526435115439556,2.190997285391369,6,5,3,0
8,65,63,47.43718997376025,0.002280659206129285,0,3.5128318842090693,1.861667358373042,10,1,3,1
8,7,35,48.086197704826276,0.053659028221685987,0,4.445148706590687,3.445241267491781,6,10,3,1
9,54,22,30.22705857774983,0.04254187714779577,0,4.122713129886575,3.0033698241030216,10,4,1,1
11,28,106,43.96753022737189,0.08466290280934119,0,3.146579876856051,3.364939019578843,3,2,2,1
13,67,99,43.8681531841319,0.11153237165802897,0,3.634709311100395,2.6958016442408534,6,8,2,0
8,281,6,47.27843572583843,0.004833857598070472,0,3.5313377751288244,3.8104799297353704,10,6,3,1
20,57,15,47.433980658298545,0.006876585742138421,0,3.4643052893262514,3.4402368273203225,7,1,3,1
18,53,35,48.45536761924398,0.08074026799144267,0,3.7528489119971695,3.3361944822809724,2,1,3,1
21,183,18,43.28677778886274,0.041526542040397026,0,3.677320014134573,2.751101286375017,9,8,3,1
16,38,22,41.4630022783105,0.02436250304042933,0,2.8021929183542937,3.0250851753308337,5,9,3,1
18,79,49,36.41011445872239,0.11456572754788448,1,3.3294574777233685,3.4752237076491164,7,0,3,1
17,50,19,44.44575226462935,0.0016846700600655806,0,3.3711188843773576,3.0050036430944536,0,7,3,1
5,26,21,37.15559113701894,0.03287756443492856,0,3.19617389282877,3.0802026669697833,4,5,3,1
5,62,18,41.47060648844635,0.039803462513359845,0,2.961446865010535,2.6036554365933675,6,3,3,1
7,151,105,38.03954573528386,0.09393382072323712,0,3.285279221309531,2.9927294805997784,7,5,3,1
9,11,16,51.77962283260755,0.06740892858007919,0,3.3558183433612956,2.734602647400561,5,6,3,1
18,75,80,38.59137836519881,0.03940481869072298,0,3.465091333923713,2.529065240346684,0,5,3,1
15,44,27,40.68780555628185,0.020370412654381727,0,3.2101706666164507,3.7563274095143813,8,5,3,1
10,47,37,47.75706730560564,0.026145685245740846,0,3.5013594932032017,3.3225385408924613,6,1,3,1
8,43,0,50.69657400831038,0.0046409032435363205,1,2.4682597702142597,2.654481687037649,1,8,3,0
19,26,26,41.344551739867505,0.10042372939839027,0,3.275990485155816,3.530756003318697,9,4,3,0
19,70,39,52.610432334867156,0.014062252096443156,1,4.19011741945099,2.196686813472242,6,7,3,0
16,32,21,43.56934475594491,0.09876558475191213,0,3.47259113107292,2.1973709904599605,9,10,3,1
8,22,147,50.80766289963381,0.016701156818818442,0,3.3430158045901477,2.8304086305906524,9,8,2,1
6,34,0,45.217235184756724,0.10870894732487597,1,3.484121620404659,3.64880841260162,7,4,1,1
7,44,44,38.40920828561772,0.08142129548585895,0,4.521079704433196,3.453316354040091,3,8,3,1
10,105,113,40.63861220646035,0.04224393598997806,0,4.137872732394518,2.379151830815947,8,6,2,1
10,53,134,44.41147491312172,0.04712326913490962,0,3.5617451389567134,3.0520294975467577,3,6,3,1
19,62,39,50.25618309571463,0.034147210808526035,0,3.2397779544329763,3.7870272462045387,3,3,2,1
10,29,26,47.740551542501535,0.025354804919141636,1,3.149392051704729,2.984004511425092,7,2,3,0
17,15,65,51.321898012546605,0.10932818394613758,1,3.8390853144674146,3.3564471314471236,9,6,2,1
18,38,36,41.491877895751294,0.022130490081450942,0,3.7465603509893586,3.4595415164218486,4,2,3,1
9,98,53,37.04791267834928,0.021113818482212006,0,3.4122579514186007,3.5172389288809374,6,7,2,1
7,85,16,48.00749881858172,0.04323166944363169,0,4.1506449285265505,3.1254644649653724,2,7,3,1
17,77,20,47.240002661615904,0.11811824017447968,0,3.360281941595378,3.3382309501213463,7,9,3,0
10,292,19,44.21660522495735,0.055790067132169816,0,3.0886424746605967,3.9668646828264675,3,0,3,1
19,52,6,42.469139381003814,0.04264163892019091,0,3.5445101454512504,3.6547450569367506,9,10,2,1
11,54,33,42.93353759126171,0.11982606165763846,0,2.5945877077624755,2.8152597105621933,0,8,3,0
8,56,28,41.19610143245665,0.08880501604653686,0,3.7164964737572888,2.6041511520251115,5,0,1,1
9,42,14,46.707983421279486,0.11335503742071441,0,2.9777625339225353,2.5286330793014966,9,3,3,0
8,23,7,48.17602148949175,0.029870762901777072,0,3.6108119879819447,3.1703399658124543,3,0,3,1
19,103,25,51.519679448919554,0.09050356225400644,0,4.34059361494151,2.1562278723846715,5,10,3,1
9,33,107,45.03905795209546,0.10687752608930066,0,3.424983934708412,2.6550238740355785,1,8,3,0
18,96,14,46.6633570789512,0.0635234840192367,1,3.7393581174232353,3.132157653917517,1,2,3,0
19,21,10,36.72265854117071,0.05086594111514367,0,3.1978292859243203,3.616407358826908,6,8,2,1
9,96,70,45.54205020534428,0.035514884784057156,0,3.954013472386934,3.7439875005994443,8,2,3,1
8,93,144,48.04538645570566,0.06807309238286452,0,3.6129864574537556,2.733757823923765,0,5,1,1
17,81,66,40.96949571970312,0.02305680439198584,0,3.289784491753509,3.4117209645680857,2,10,2,1
6,15,55,52.07447945984938,0.051821552294045975,0,2.5855791659477014,2.541381141788295,4,9,3,1
17,76,95,40.98508815269851,0.08190500448835508,0,3.5950694838755415,3.4965476202818775,10,5,3,1
20,31,9,46.29868418626997,0.07828272576517893,0,3.2764272497959377,3.305918476221764,1,8,2,1
18,37,5,45.88376142016145,0.08398722726239682,0,4.2654586593389014,3.7130193155160693,8,7,3,1
9,159,48,40.632072418476355,0.07038600723253419,0,2.476608690605831,3.899900349273688,6,7,2,1
20,23,49,44.21579240765451,0.0003156429843675612,0,3.970361162376707,2.426763041227771,4,4,3,1
8,177,35,45.27803973575525,0.0032082516238286993,0,3.579710789855668,2.78253454381811,3,0,3,1
22,53,81,45.48525414324143,0.06963122107782295,1,3.321389695704452,3.2700518683475632,4,4,1,1
9,75,136,37.276578499851205,0.11591543307980404,1,4.315965726167435,2.6777739330818107,4,7,3,1
18,45,61,46.75445516028093,0.02333393708580444,0,3.9728431189653675,3.477588142942828,9,3,3,1
5,63,104,49.981196259233336,0.08608593836243954,0,3.091142460280317,2.986460956149171,10,2,3,1
8,23,2,49.40182190597556,0.05198470521033374,1,2.994893682092059,3.7505666379203815,10,1,3,0
6,45,46,48.7873068923049,0.01669152321756552,0,3.951371088834995,2.886956982112718,1,9,3,1
17,278,46,40.094858699297,0.003993418191859388,0,4.0239431965582355,3.0789129604683283,0,10,3,1
8,50,67,48.4234182889651,0.08560501779806105,0,3.2109874297921674,3.3067395613996498,2,3,3,1
9,80,24,37.461866548493774,0.017272351082419923,0,4.02454479388687,1.5739693769298013,3,3,3,1
7,58,22,44.08431939006759,0.03581154305546424,0,4.311078366527417,3.2865992268546447,4,1,3,1
8,70,15,39.34574370032674,0.04816538336759141,0,3.7914596921736035,2.5114497785462886,5,1,3,1
20,94,20,49.894064518332826,0.08470477011272594,0,3.84180107600795,3.061573833178403,3,8,2,1
8,37,23,45.49814694281194,0.046514594880014665,0,4.328961142861417,2.6095781051343505,10,2,3,1
17,37,32,35.218059303329625,0.04635483526318659,0,3.510447660205753,2.3348603546506213,7,7,3,1
17,227,28,43.28422696810714,0.09530805757910249,0,3.799591799641382,2.8192102276067605,7,7,3,1
16,1,38,37.78293456211076,0.000837736715178563,0,3.372446970172544,3.271237750099598,6,8,3,1
15,178,9,42.20509646435365,0.09046283700266099,0,3.4144417425817717,3.3510080371495095,6,6,2,1
8,15,33,43.272238638361436,0.06260155216954984,0,3.6531986782934553,2.5652996351560646,4,0,3,1
7,50,37,48.25936085161347,0.06500178559681892,0,2.931572212083881,2.2344281979221945,4,8,3,1
20,6,105,49.50692642476725,0.04146684813216025,0,4.058208694435742,2.6039352173807186,10,3,3,1
16,14,17,37.88470232389019,0.011098425312888177,0,3.851167068246096,2.6623318307907864,6,5,3,1
10,135,6,43.5227342262932,0.010900017609701761,1,3.0245880880923677,2.770619967666128,4,7,3,0
10,99,23,43.01535229808392,0.04090082888830288,1,2.7756699785887653,2.8254770090665335,5,5,1,1
18,78,44,38.59194242715979,0.08644942411612824,0,3.284990380867786,3.6366489210879855,10,5,3,1
8,73,32,43.584728151842704,0.10699757415251361,1,3.680104757612507,2.470771039829341,3,5,1,1
18,79,49,49.33066154644111,0.09746695854175486,0,3.286394933788326,3.446871686515415,10,7,1,1
19,28,12,39.743387017340304,0.09575019421008091,1,3.854397987560557,2.4782933751239926,4,2,2,0
17,86,117,49.28427504300697,0.0006879877088008257,0,2.736951836734214,2.64097715641769,8,0,3,1
6,259,90,38.125014214248544,0.02299400066247398,1,3.388365748424228,3.588758680497206,0,9,3,0
6,98,93,52.902735402354274,0.11341054898952177,0,3.713406387354609,3.0523268420392244,4,0,3,0
11,163,13,44.83484776710278,0.10441996607026827,1,3.2034326937027946,2.893737433106866,1,5,3,1
18,125,7,41.219357340674634,0.015207675815752969,1,3.184741569609964,2.7876993592600128,3,4,2,0
16,32,11,48.13401992592595,0.07633997194836456,0,4.0296797209193995,2.660841986632736,4,6,3,1
19,65,21,57.394705017989736,0.05197521317745869,0,3.64586162233551,3.3811462364365648,6,3,3,1
18,65,26,51.76496204510343,0.0009220267061962727,0,3.8277661646937133,3.0832103124285677,1,5,3,1
10,77,131,44.68882212922552,0.09601829829624144,0,4.097271855528119,2.589928327550621,4,5,3,1
19,223,48,51.45692535197192,0.11317618163635654,0,3.5404600224846976,3.4534557866529343,10,1,3,0
20,84,53,56.38759292035841,0.11049335390004485,0,3.6265024053859505,2.818473010678118,5,0,3,0
6,80,128,43.11821348032474,0.046113186769967854,1,3.9805494291959476,3.6294547680692855,0,0,3,0
16,179,0,45.81807990096447,0.09453778595761174,1,4.36374880427172,2.7815830160498005,2,7,2,0
10,214,51,40.899727991104925,0.05975741830251295,0,3.8941137738729283,2.5921760178309485,8,5,2,1
5,4,145,43.06574270701458,0.11759867299331254,0,4.440172093693581,2.7747894553083254,3,7,3,0
18,56,16,43.606733777541834,0.11559430507770291,0,4.32178761528606,3.561572051358857,9,2,1,1
7,246,7,42.79471748373412,0.09280236774572828,0,2.66935484657112,3.128438977235463,3,7,3,1
22,16,116,50.88558763059824,0.05655970711947981,0,3.9584082025004657,2.9676356347502537,6,4,3,1
6,26,15,35.598710523256855,0.10823241192841426,0,3.1406636461490587,2.643995614742177,6,10,3,0
17,80,11,45.12810089547781,0.026874834403436795,0,4.142968072085655,4.811162844631432,7,10,3,1
7,25,49,44.710727676018195,0.02570650890348328,0,4.15682543009857,3.2097471778741538,8,7,2,1
16,1,7,42.64450275918663,0.06698832024356527,0,3.928287375813813,3.7974555640487746,10,0,3,1
8,75,31,49.12226460059392,0.0982855547266643,0,2.7394280182021857,3.4212378999562847,0,0,2,1
20,99,33,48.99348777779249,0.0074522583159355536,0,3.662012306297073,2.5397604316885687,8,0,3,1
18,30,20,45.23256359787243,0.09416368913261293,0,4.133135386022269,3.4255397993508487,8,5,2,1
17,52,25,46.56604080082537,0.11391880393051566,0,3.6568556002737935,3.001863141012715,2,8,3,0
19,2,20,44.753017435067505,0.06551975653512415,0,3.616205310098208,3.115574654804402,2,6,3,1
18,41,72,48.11621604059121,0.025626862777596515,0,3.1921413865710586,3.485908018199325,6,5,3,1
8,16,6,52.87336305358389,0.07580058895830115,0,3.6487567249729134,3.5065037480635453,2,9,2,1
8,49,122,50.331626880747876,0.02361935799870704,0,3.105539550139845,2.403658057718575,6,4,2,1
9,98,3,56.18261507524321,0.046856484098699615,0,3.7856383113205903,2.8222560818303464,1,10,3,1
18,36,29,49.206854032345674,0.08395564323034219,0,3.3383675575039704,3.673738525642092,5,3,3,1
8,65,10,35.81685500382093,0.04576300166277025,0,2.6979149200224186,2.3857123886198903,8,3,3,1
8,21,35,48.2180170647446,0.05812397625552024,0,2.7749267087507867,3.249427655143447,10,4,3,1
9,51,36,41.306630611818,0.06543034649477199,0,3.4952143895561933,3.0241416437733575,4,5,3,1
10,3,56,51.56019948624602,0.04073071964033783,0,3.25711775445064,2.3937898664135964,3,2,3,1
18,36,141,43.633020750204295,0.009158528471946953,0,3.8796834963818774,2.665483069782082,8,0,3,1
7,50,23,38.372477608125166,0.0613077008013814,0,3.55882422562635,3.296210386399461,2,0,3,1
15,73,16,46.69120845865117,0.058537549312482756,0,4.253927771895446,2.732207225835719,4,5,3,1
7,32,4,43.6153922451499,0.05117907908302804,0,4.417778041720486,3.529444419163871,2,6,3,1
17,74,17,47.12067410894346,0.022138179615954923,0,3.9103694466481214,2.754308292287812,8,5,2,1
9,50,43,46.75599346652388,0.006275755454904987,0,3.8377853188876063,3.3342546688014933,4,2,3,1
19,16,29,46.80966112480447,0.09919662075257563,0,2.8824998600481955,2.149692124377447,6,7,3,1
20,93,16,46.871264887019294,0.06387798694706616,0,3.4428208815060812,2.898678946011698,1,10,3,1
19,63,71,49.362613029755664,0.11763495461966993,0,3.3959667903491373,2.796730161448812,10,0,2,0
16,149,35,45.88370521137499,0.11733885879252542,0,3.610453987099772,3.0775129461304283,10,2,3,0
17,114,17,44.382171216320266,0.06960892860313432,0,3.489033895923586,3.7893604993814742,4,8,3,1
6,31,3,43.727987489010644,0.05881470505006387,0,3.5383687045364254,3.262797011871073,9,4,3,1
17,58,38,43.218103617559514,0.022374033217724104,0,3.542874535778024,2.6955350965021223,1,10,3,1
7,221,48,43.648313002314076,0.04552028586806247,0,3.595961530755288,2.6474289071124484,8,8,2,1
15,5,39,49.30461467551481,0.09425171171287954,0,4.056528261357289,2.700943056876592,8,0,3,1
8,68,26,51.65513950108493,0.1155868818164416,0,3.836431358365052,3.8004854002978994,5,0,3,0
9,194,30,48.984163401126736,0.07197935755258018,0,3.2527894504418993,2.4268834180599335,6,4,3,1
19,4,116,46.550529732023975,0.07402643058704786,0,2.8780673237027834,3.960479162609887,8,8,3,1
8,72,44,45.474699898087216,0.11309486601376383,0,2.914334291876787,2.149960230234824,2,3,3,0
15,67,20,46.20219097368059,0.015233013358864714,1,3.323091207087744,2.65392782621339,1,2,3,0
8,48,28,46.25628661084235,0.07342087090168858,0,4.300998505914515,3.879669896507972,8,2,2,1
17,98,24,42.048982234054435,0.07025131156720978,0,3.697340799159216,3.7532296165813346,5,7,3,1
9,46,28,41.42208441498811,0.024611501766960288,0,3.9255240866657077,3.005448407266496,9,10,1,1
16,43,16,45.449908484111454,0.09285793777359008,0,3.033969602951076,3.827284368279502,10,9,2,1
7,90,13,40.74984963193146,0.014304226142505278,0,3.276176368290775,3.5808117647891606,9,0,1,1
7,90,44,41.064462135502524,0.0075890467057519295,0,3.7687284436121544,3.103470034097457,2,7,3,1
10,1,12,41.63009287096146,0.05833623729695885,0,3.525015874243092,3.0122257622537574,4,9,3,1
8,14,5,50.93909714772351,0.03596654053827242,0,3.9561180856818647,2.7116698420898473,7,5,3,1
21,99,16,52.48044748826463,0.05233638986399073,0,3.2761762227359483,3.1891010437718057,3,0,2,1
21,76,42,45.017394805924006,0.013510813130255305,0,3.8926260616086568,2.618998758399345,9,2,3,1
9,42,40,45.31681419045531,0.054288288651905096,1,2.6495129536868873,2.9120826104725426,4,9,3,0
18,86,21,48.618926247104774,0.052752407301688856,0,3.8257483640031222,3.4601444681973237,1,10,3,1
19,24,24,40.529582935257054,0.11598581264603045,1,4.740238084619124,2.315297204173416,2,1,3,1
9,62,24,45.61167878314891,0.08670829190091192,0,3.71275011401245,3.7122383028577275,6,6,3,1
6,78,64,54.924599457280095,0.1104567555287242,0,4.0728377720209625,3.257908386776542,7,0,3,0
7,21,21,44.69757489914846,0.09374811716853368,0,3.1378938337291986,3.7388056095053965,7,4,3,1
7,13,37,44.48159921834824,0.09454103075775201,0,4.061435265422281,2.4182646537148216,1,7,2,1
7,23,36,44.5853362605401,0.10388743837246588,0,3.028131119081665,3.190744297964983,8,4,2,0
9,72,33,43.82588596322645,0.030706998637818853,0,3.7580592323480806,2.830318467453092,1,8,1,1
19,21,57,47.14275268489794,0.05120567277802455,1,4.11170037773997,2.4296183643089573,10,6,3,0
19,44,12,46.536942498309685,0.1050251262435985,0,2.900868000478895,2.4897488822516607,8,7,3,0
8,96,27,34.7834219228896,0.008030434400848647,0,3.076739077352352,3.2950927504537155,7,4,2,1
19,85,0,47.90908894615739,0.0066150690006194154,0,2.892715716392372,2.6857264714913707,2,4,2,1
9,35,12,40.18792122915549,0.07775396041212082,0,2.4695143341346,3.434683687413072,1,5,2,1
7,99,23,48.35084829401588,0.10914708242126178,0,4.342427581543196,2.9269131010190055,1,10,3,0
17,86,20,45.1794601127387,0.09530426878972895,0,3.947815842587276,3.70767296519446,2,5,3,1
21,66,23,45.70625205633203,0.0958816480504286,0,3.0477329839115757,1.819778170735315,9,6,2,1
20,38,48,46.076784332524994,0.04319700076639648,0,3.3548917967004774,2.7989342094888614,7,0,1,1
9,43,8,42.304526583523106,0.07100404931522268,1,2.497636802464094,3.4043023291429746,10,2,3,0
20,43,32,42.031606260316714,0.09257852092063128,0,3.0617099235093392,2.4527946666145617,0,10,3,1
8,16,50,48.73954249536432,0.09524881480471223,0,4.171629035434131,2.8662748397010303,7,0,3,1
16,276,45,42.40889711219082,0.06967000006100893,0,2.4249476785653217,3.0009193576640727,9,6,3,1
16,172,25,39.709503343807185,0.09604578178252764,1,2.7733697750330695,3.5539703063702808,5,2,3,0
19,41,63,47.41263156141661,0.0032328834685567288,0,3.6127056254897743,2.6287632355876682,0,0,3,1
17,96,5,47.17462214184656,0.11311106118451453,0,3.8801751814089043,3.517482594125817,6,7,3,0
11,25,1,44.80885878716719,0.10446927005735557,0,3.0148290235196535,2.4284696532606036,6,8,3,0
10,255,26,46.084953365121805,0.006233676214557069,0,2.965707030768885,3.321529015268024,10,6,3,1
15,26,62,45.58021998186299,0.0503191333238362,1,3.22705962386652,2.627921447131426,8,3,3,0
9,21,23,48.05351399354721,0.1103371958647721,1,3.2801966483040843,2.927368159088659,5,5,3,1
9,29,3,49.19018270134192,0.06153532631801913,0,1.9800086065023554,2.9893301087127564,1,10,2,1
11,26,1,47.61532662715637,0.010974099691377316,1,3.423195770158902,3.474320469319976,0,10,3,0
21,5,46,49.48070031728747,0.11598248135083397,0,2.795158923517938,3.930550558023845,9,1,2,0
20,15,49,53.11393253269125,0.04301911771756537,0,3.1494875585640734,3.295310882015275,5,6,2,1