accident_hours,rainfall,wind_speed,driving_speeds,alcohol_levels,traffic_violations,lane_widths,road_conditions,mental_states,riding_skills,accident_types,falses
9,116,33,47.31725817547268,0.061949697557883474,0,3.76425593809923,3.0457583670437067,6,5,3,1
7,37,10,44.720745804905704,0.07583459512096101,0,3.1145101947832625,3.3985354399424255,7,3,3,1
8,239,32,37.17191210798999,0.09989238761751118,0,3.36330627235354,2.8745180677441846,5,2,3,1
19,84,34,38.490515134770085,0.10477457872461508,1,3.3306635641718367,3.2738074738331906,9,5,2,1
8,43,43,46.867534984041434,0.0783708724603363,0,2.7884056371860724,4.474787493180248,0,7,2,1
7,57,15,43.72321337171176,0.11381016415156979,0,3.508777872302506,3.1424351058484357,8,7,3,0
8,59,31,42.547386543316335,0.026282183937813484,0,3.8507723107811325,3.409364550313301,8,7,2,1
9,23,33,47.85863098633302,0.10858007926197454,0,3.881893659157715,1.8175215340516309,2,8,3,0
18,197,10,48.566232905355214,0.02281113035095596,0,3.25889548823597,3.220248480191414,1,3,3,1
20,113,27,46.678879696149004,0.10733287110978508,1,3.0991842714690643,2.783922458576972,6,7,3,1
22,49,2,43.03598732828865,0.025906150456501454,0,3.5992614800435763,3.076971785391814,3,8,2,1
8,119,28,54.87464259035151,0.0863098948004422,0,4.5760714471989985,2.7975803743602117,0,0,2,1
10,201,22,44.60039780378035,0.09803495263553977,1,3.767724656753454,2.8721164759929736,4,9,3,0
5,114,10,49.58608047185777,0.046863404423185755,0,3.518003196990998,2.5372771267541747,6,2,3,1
9,86,29,43.90062602385377,0.013619816029098572,0,3.325119971810817,3.0063920031884366,10,8,2,1
17,85,35,39.751879043010085,0.04350136147054619,0,3.16390957204668,2.7011221615812504,4,3,2,1
9,61,45,45.40472736448104,0.007394796078885011,0,2.434314158054546,3.445922751152032,1,9,3,1
7,65,46,57.463442310597806,0.07911693347475918,0,3.503649746714349,2.242779049302184,4,2,3,1
10,25,34,49.89821474842632,0.08366051827593636,0,3.004291186194803,3.557834511149579,8,6,3,1
10,81,36,44.51244598837432,0.03219918176964369,0,3.412290539929637,2.5037144552136534,1,1,2,1
8,33,39,47.83507521248967,0.07819126410697329,0,3.6686569297893827,3.676430592971718,1,6,3,1
15,256,41,43.411590785870224,0.00702129950557195,0,4.2728364426845875,2.80667192544306,2,8,2,1
17,81,23,48.467740925466885,0.003784047912121053,1,2.890513003152117,1.8292607335506177,4,6,2,0
9,82,40,54.70949060596985,0.04896101749979706,0,3.061670942062844,2.524405880202486,10,5,3,1
17,86,33,42.3577623299176,0.058133098420907796,0,4.036142893554521,2.7453391393122124,8,0,3,1
10,37,48,46.3646510787537,0.0022333307935831124,0,3.0600314181890176,3.9552604211336155,6,2,3,1
5,92,47,46.91918197028007,0.07078984276139998,1,3.3179248212176202,2.6317627147865164,8,3,3,1
17,183,29,43.10678241910297,0.09993066616996697,0,2.936991883799245,3.5100857837702084,9,8,3,1
18,26,43,42.87044631987026,0.04926120846453521,0,4.164190132918769,2.713601673486525,4,6,3,1
8,31,33,45.89248515551719,0.08964610827651567,0,3.67745323680016,2.7456350610736058,8,4,3,1
9,56,38,41.82776206925563,0.018134966846958776,1,3.02148723403572,3.2800173448800596,10,6,3,0
7,23,23,50.16039104584415,0.06355025161574276,0,4.118107055042888,3.3418452569845822,5,3,3,1
18,188,35,44.18073563736551,0.09469853420425503,0,4.30829314924488,2.8780304539402506,8,7,3,1
17,17,76,44.37907060003491,0.08184489326796413,0,2.822447971943787,3.1782993635663246,10,4,2,1
17,96,33,40.330699515742786,0.09355815109247195,0,4.043370398355993,2.2952911695550435,5,5,3,1
6,97,43,40.90590124443645,0.08653623413757086,0,3.607501339663492,3.660906357867957,7,9,3,1
7,42,30,42.58481030483904,0.014523351550845174,0,2.720784976141768,2.228430167960153,4,9,3,1
7,3,4,42.598702376822224,0.01232022674246334,0,3.4561036108834102,2.797871962204596,7,6,2,1
16,67,1,39.87917848488794,0.11706516818081154,0,3.589034032726538,3.1218012306219767,4,4,3,0
7,90,24,49.24172691335482,0.057876803607147455,0,2.5804214136341033,3.482719279427203,1,4,3,1
10,111,25,52.20032913963884,0.08788747995325828,0,4.596930080423718,2.5676746817121345,9,4,3,1
20,63,105,44.24154479492397,0.08178424217719926,0,3.195792273887965,2.302293486809626,7,8,3,1
15,31,58,40.508585508316685,0.005315286808373365,0,3.7104433393559026,3.4842163415855913,10,0,1,1
8,81,41,40.87144234377939,0.05959763807635576,0,3.456682625866255,3.220751758801985,7,10,3,1
8,19,34,46.10519942609116,0.06256463102107893,1,3.3634718691790675,3.34379183482242,9,10,1,1
18,0,41,45.53605153322932,0.0970308802961134,1,3.2084254609000045,3.4147544182268716,10,3,2,0
7,53,40,37.24899491278261,0.11546149423754262,0,3.5592205179425775,3.278574608669918,0,7,3,0
7,23,53,34.5097468882409,0.0347316222946334,0,2.9511044494548653,2.9067918882146104,9,3,2,1
8,72,72,45.48622176367882,0.007062053067278939,1,3.501438959989571,3.1781107877801826,1,4,3,0
16,8,46,48.67086544616643,0.05703650654366827,0,2.707747107192908,2.4653860392453066,9,3,3,1
19,93,25,51.02130770832643,0.00358170348217262,0,3.948995739261739,3.8896624825091175,8,7,3,1
16,37,32,41.92725388471518,0.046250278009620095,0,3.20818478583627,2.6650539127475614,5,4,3,1
18,12,9,50.70804675218979,0.03279129463472653,0,3.41364824348654,2.7056795462618246,8,5,1,1
11,129,44,43.78706689063039,0.029157025209050332,0,3.753579211440951,3.017613290809787,4,8,3,1
18,48,60,39.183988567279656,0.00019332282695816438,0,4.181896563390889,3.2659999195666143,7,7,3,1
7,43,12,54.090082202850475,0.03007531661947998,0,4.403397115212129,2.8576138485628677,2,2,1,1
17,76,5,36.92719276961482,0.03839007816174416,0,3.9661464891423615,3.8292410924353426,0,9,3,1
17,41,77,44.169262011852894,0.10932436155914511,0,2.8939857020276216,3.3583401763471583,7,0,3,0
8,17,16,41.80444628574073,0.010590845920133374,0,4.171818855317091,2.579620947431089,4,10,3,1
8,8,2,46.939586430090046,0.09203885578017527,0,3.027305840561851,3.5439532474225066,2,5,3,1
8,66,95,49.791412275647396,0.08698354954075331,0,2.9735327225901256,2.923332891046896,1,9,3,1
9,48,19,35.965315461996454,0.039150177858568745,0,3.274064189736696,2.963180104339969,9,1,2,1
9,199,28,41.89070308138675,0.10883802140294892,0,3.7128521612915626,3.9601989407672162,3,5,3,0
8,75,5,49.7887947479051,0.07863731919496686,0,4.666377585865673,2.0029313636230817,9,7,2,1
21,32,0,40.75479892474445,0.011639744907557974,1,3.3771446520901027,3.430186286215376,1,0,3,0
11,202,11,37.29744231608889,0.024481635763427077,0,4.9167884589233095,2.6606229989324914,4,3,3,1
7,268,30,42.83526042513397,0.048135937864086,0,3.9314969784974405,3.132679759489519,4,7,2,1
10,55,15,42.02301116379117,0.11607529416748545,0,3.264020313636677,2.2157216579513066,2,9,3,0
18,30,147,48.97183684592513,0.03173056047083907,0,3.9689773021224126,3.3844592993744977,2,0,3,1
16,165,41,45.398609968247705,0.05138574987397779,0,2.997227856202469,3.225684738375303,5,5,3,1
7,65,39,41.389923496343606,0.06728063936916746,0,3.268062603595327,3.559693371827319,4,1,2,1
6,157,29,49.86688593363847,0.042661966733211015,1,3.1117182267584185,3.7189607474363675,8,10,3,0
9,97,37,45.019230121957435,0.08411690497355417,0,3.832040112163618,3.3106034263885395,5,1,3,1
16,13,19,38.14408377111133,0.079307027577268,0,4.085016559735051,2.822781893844223,3,1,3,1
18,2,69,41.71422242323513,0.00724877535611073,0,3.5326500635982403,2.6405154076849304,5,4,3,1
18,106,67,42.49415912727725,0.05144972914698607,1,3.361877912565238,1.9901217131617734,10,2,3,0
8,243,119,54.911811011284925,0.09372990404009172,0,3.380430652594515,3.0330278623697224,1,2,3,1
5,54,40,44.14713414250653,0.07678939574138108,1,2.584103572413852,2.834681783398839,10,6,3,1
19,91,10,38.614715927489925,0.05522236115823828,0,3.2961897072705106,2.661575123785594,7,2,3,1
10,42,40,44.2793684539628,0.08758427012713045,0,3.5370486654699222,2.417991910678886,7,3,1,1
9,50,66,48.48509838445174,0.08045856120593974,0,4.596565266690501,2.9312597034263175,4,6,3,1
18,10,19,44.63875342094478,0.10051319322315962,0,2.913408899556456,2.7194851193144762,3,1,3,0
7,143,14,50.447120058846224,0.006119540029400276,0,3.663053952852967,3.10622332539664,8,2,3,1
10,92,41,48.800694644175955,0.06423355158980971,0,2.8346804062288506,2.8572708954171957,6,7,2,1
9,74,8,48.42574457078825,0.07923859707886624,0,3.699736304132195,3.407621359693957,7,9,2,1
12,75,44,48.40474746499105,0.08105286602755084,0,3.663146984449714,2.4047770931279357,6,7,3,1
19,244,1,51.40997674932349,0.11069258673207456,0,4.10118129949494,2.7105954530856864,0,10,3,0
17,40,21,50.39682818449495,0.04939398620593762,0,3.5480658626979213,3.6373930022963528,5,2,3,1
19,23,31,39.53233391895009,0.09541381748535148,0,3.57323940807759,2.9653158266882507,3,6,3,1
11,56,39,39.60064799030856,0.0943241163208123,0,3.71076532583252,3.638711047328969,8,2,3,1
18,55,6,47.96844846460592,0.03226355089342674,0,3.385393520684474,3.178635601872562,6,4,3,1
7,57,6,40.54089705344387,0.032195591821005634,1,3.5859503073332983,3.0446964652853463,4,2,3,0
18,94,15,39.46442436659919,0.11314142694007916,1,3.480105984273752,3.167255562223592,10,4,3,1
18,45,42,49.447330365564454,0.03892831420550374,0,3.0102266767525756,2.7392855342705196,7,1,2,1
18,79,3,42.88637151557198,0.04972825282141086,0,3.8319282907139143,2.5620360947002294,9,10,3,1
6,33,37,48.600031362848185,0.07247420230365897,0,4.319189300730604,3.5697899432150155,10,9,2,1
15,83,83,48.01064645271122,0.03798841566360681,0,2.9825884971367795,3.326090834539331,8,2,3,1
8,131,77,45.15146715714572,0.0794160839886973,0,3.684119515102168,3.467929193787868,4,10,3,1
18,62,27,49.36197560131561,0.03473297799527608,0,4.194565877951145,3.9160356089181496,5,8,3,1
8,51,42,47.53212730949376,0.06327959093878101,0,3.4348816631213883,2.996783997469005,1,0,2,1
10,243,23,49.34812096495269,0.06715047111039489,0,4.351664715009891,3.39734873245433,6,3,2,1
6,1,11,38.08870564580751,0.09606774612837307,0,3.9983388923868164,2.379247978124967,5,1,2,1
16,33,16,44.20520511989,0.10320852306008714,0,2.9771943636739127,3.551276671088817,2,1,3,0
17,8,36,38.082573633318006,0.08179136103327342,0,3.23419936684186,2.3146274865724554,0,8,3,1
20,14,87,43.35614647164213,0.032401354056703136,0,3.9735769349262893,2.7131334455390688,9,4,3,1
19,59,31,39.96298146321773,0.05566297916184763,0,2.5711601927121324,2.7147525863485273,0,7,3,1
9,36,36,40.04794234258359,0.06754180316651383,0,3.0850746965839497,3.284674822102091,4,4,2,1
19,250,22,45.24037152841652,0.03573919435991871,0,3.7080989690697748,2.81409897547068,6,4,2,1
20,51,42,53.05566422024086,0.11280002053373236,0,3.2233232819611244,2.873339480826152,5,6,3,0
8,274,11,46.679952230516754,0.013034903452974303,1,2.8748663670356627,2.8454062444573265,5,0,2,0
7,39,25,46.30486583671431,0.10001452242023336,0,3.5187053132186987,3.085519823667488,2,6,2,0
16,61,141,37.89304876040793,0.051169978420727215,0,4.130646384319019,3.0812003227172466,3,3,3,1
9,4,128,53.55251966637297,0.11346115760933843,1,3.0973074609535156,2.7145325123759463,0,5,3,1
17,156,14,46.0519787827518,0.06390506740889902,0,3.1720248841703853,3.3282016815822804,10,1,3,1
9,31,6,50.55734884530108,0.08756505277308677,0,3.406945068088848,2.904329193840126,6,10,3,1
7,31,66,42.82007646783788,0.08813777532626448,0,4.459133495149954,2.9954438691811407,8,10,3,1
18,93,4,48.31700166550351,0.08376042489459436,0,2.9924018383279956,3.5309957588626855,7,1,3,1
7,86,14,37.933064953075075,0.0059252915916844714,0,2.947947176590083,3.0496162914635674,6,7,2,1
9,45,55,46.61217686045113,0.07466071530773029,0,3.6972831511530533,2.588174393783845,5,8,3,1
7,36,88,48.670382440401944,0.10737713002319373,1,4.281605837039179,2.784267133996215,4,10,3,1
6,209,99,53.37885002040511,0.10122095648671482,0,3.1318248134846707,3.657995213271753,5,7,2,0
9,62,5,55.17997462178925,0.10979366181798435,0,4.422142416320136,2.5477613635599132,2,9,2,0
9,34,59,49.09808329830306,0.05332652855794969,0,2.7227317510510893,2.779103229065165,4,4,2,1
7,49,35,39.07380631015464,0.05455194820593659,0,2.808076355351158,3.546092553791425,5,0,2,1
17,37,18,42.60282419741831,0.09698249826164965,0,3.1197037725504564,2.8931964822909872,7,2,3,1
17,3,27,42.70343201002603,0.036416369831150236,0,3.4749601632766995,3.217950028298565,8,1,3,1
8,188,24,51.085758238288285,0.0918088773244167,0,3.340842890697483,2.698938343642228,9,3,2,1
7,295,149,44.942908531032096,0.06052812310365758,0,3.0622222566892905,3.021942291025014,3,8,3,1
21,117,8,46.46933078441603,0.03171955482682959,0,2.3529679035595445,2.486988524239253,6,8,3,1
8,8,31,55.14408923046894,0.07724175787382473,0,3.503934473717515,3.1730115068595937,5,8,3,1
18,52,34,44.43033014842191,0.035495336457129226,1,3.388171622595386,3.269028422466995,4,8,2,0
15,25,3,39.92689012571986,0.08061340296092315,1,3.4948699493989035,3.0657806612372642,3,2,3,0
17,167,48,47.64765468229556,0.0683168784829959,0,2.9809438202196925,2.5035854016545485,0,2,3,1
18,10,8,40.482265509987066,0.08666331695267847,0,3.3231286705586833,3.4167095908177845,1,6,2,1
9,82,142,41.16869848013199,0.0718872620596954,0,3.4387753341403497,3.215219868531401,1,7,3,1
9,75,116,44.89191909816934,0.09099420916693596,0,3.2433221732249184,3.7219740069078258,3,5,3,1
16,21,20,56.12550716411821,0.11954521723930989,0,3.1452801742095917,2.5504277778178817,3,1,3,0
7,9,32,43.41795741755634,0.05613212466210508,0,3.77046679063,2.410085014922375,3,9,3,1
8,122,46,48.13341801044892,0.07179010545436576,0,2.8033594258488135,2.749508206410916,8,9,3,1
19,71,49,43.85198956196697,0.012226895251930187,0,3.4643478405420938,3.6546599882377135,2,4,3,1
10,47,37,45.83172961769936,0.11404919199563265,0,3.210840012973921,4.8317757116797875,2,7,3,0
5,53,104,51.946949190645086,0.07156041244491884,0,3.2092686169109945,2.7738435684528335,5,6,3,1
17,65,97,48.7489625061382,0.01233623383630007,1,3.928842839297629,3.863235268906222,3,10,3,0
9,97,31,45.18264889179147,0.04800140086223512,1,3.8616629070039212,2.7546975148753132,9,6,2,0
7,12,13,43.69875375648779,0.009755230727905885,0,3.5897480956367107,2.734150172909692,6,6,3,1
17,66,48,52.624019872589656,0.05966409741772042,1,3.7711059799505033,3.3364948685386664,3,6,3,0
8,95,95,53.794880975693374,0.03324626945410475,0,3.7360442598743933,2.7091618986899046,4,3,3,1
9,261,24,45.4525536463618,0.040833491584006884,0,3.089628626513067,2.6604494822653257,4,2,3,1
17,77,31,49.435575744199056,0.008289370305234476,0,3.4388518652892266,3.088612495237795,9,2,3,1
10,296,33,50.51496838144374,0.09148900546919414,0,3.103857235648386,3.101203499888724,6,9,2,1
17,7,8,41.40955809529452,0.10093520109188393,0,3.48767929480966,3.973972367314775,4,6,3,0
18,55,38,44.15571407888683,0.016816252523141596,1,1.8998994178277178,2.14396098086608,5,0,3,0
10,21,44,48.71667328653451,0.090078299676697,0,1.9899163050092423,3.3452304178005177,3,1,3,1
16,24,53,46.46902765386756,0.015428339101689535,0,3.5966387948233294,3.0034458294913144,8,8,2,1
19,243,21,41.93639791662673,0.010265016373687827,0,4.1597383186568155,2.809767588898662,0,2,3,1
9,11,42,42.03558288951848,0.01369113666532169,0,3.449868129027058,3.8603427038768454,5,8,3,1
16,23,68,49.01007706944033,0.0038140686790446706,0,3.0346187824754587,3.5634438038754865,2,3,2,1
5,43,57,40.355309863583464,0.04512895366346349,0,3.247098729331329,3.967341838318571,2,6,3,1
9,78,35,43.187186769983605,0.11435064070915864,0,3.648480711175165,2.0782322209894684,1,3,3,0
19,23,35,40.87860372261832,0.10791058744187572,0,4.353179668845469,1.9237193516662068,5,2,2,0
18,63,7,47.65100677958918,0.03982885741077527,0,1.744296395046093,3.3629387446708496,1,3,3,1
9,59,75,50.82398384660859,0.09535772609752209,0,3.863342502604164,2.855925431399751,5,3,3,1
8,55,41,32.522564936624676,0.09895030000733042,0,3.1982979645698735,3.664105620865376,6,5,3,1
16,207,40,39.78514660902551,0.018247009851927547,0,3.47381479670472,2.714060163746338,9,10,2,1
17,21,4,43.25130540551999,0.027534634913657253,1,2.1045755102401706,2.8465805982473324,8,2,2,0
20,86,30,49.464237324456626,0.08285947523949228,0,3.128071257855825,1.8003709811698578,6,7,1,1
6,153,29,37.932691826857976,0.03168369706029059,0,3.3819478894174466,3.011848610936388,8,0,3,1
10,94,2,48.71051944877401,0.11257835020981305,1,3.6756377327457948,2.7209348549195154,3,6,3,1
7,6,78,52.34178406739643,0.027685480570868202,0,2.630516642784423,2.812607011007816,5,8,3,1
19,82,15,45.48601033272753,0.09589745877286969,0,3.8620072158881524,3.1760873411188735,0,6,3,1
17,187,25,46.99207753916124,0.09097204037474392,0,3.876567850182323,3.2219606953456865,5,7,3,1
19,34,42,44.748114939279745,0.06045101239405082,0,4.107347043517523,3.625407995035677,4,6,2,1
8,62,114,37.26755093975132,0.03159308787033003,0,3.503479067574052,3.0581528858091986,10,10,3,1
14,57,53,42.5748263602031,0.004063106353975745,0,3.242990556260197,2.01060655161775,3,0,3,1
8,3,61,49.68095422256619,0.09940601949832857,0,4.566722382431478,3.1897258925651197,7,3,3,1
20,91,1,49.2042276005099,0.04533072623827714,0,2.7431854975247347,2.6496432030778045,7,9,2,1
19,79,61,48.49424782740387,0.04081322913891123,0,3.5125845763527854,2.662294101589185,7,7,2,1
17,88,90,44.24257167710097,0.005339248794859785,0,3.5059038643921423,4.0601788552218485,7,5,3,1
19,88,18,48.326069712013904,0.018159519137504656,0,4.127479734841006,2.66397203341001,9,6,3,1
6,36,144,45.282325440349126,0.044149847467691614,0,3.2834999282153476,2.0683649053338615,6,9,3,1
8,13,128,36.454647426097836,0.0828995497065716,0,3.326861408976987,2.8498046537179933,9,4,3,1
21,282,27,40.57827933125577,0.024879421213708428,0,4.740341568808724,3.1530685080839,7,1,3,1
20,184,23,41.850181588498444,0.019633294169838902,0,4.109185098588831,2.967522877382883,9,8,3,1
17,81,44,38.687098945785074,0.03147556580825618,0,3.6632883271347594,3.034479379976591,7,4,2,1
10,53,3,44.564778364535194,0.034012027043780695,0,3.2127146345403226,3.2134670222448505,4,2,3,1
9,44,10,48.71962064511905,0.049197934479865646,0,3.8066044728102675,2.5740815046410366,2,4,2,1
9,51,25,54.186191141746555,0.04331230681986894,0,4.077985296211487,2.876281922550182,9,8,3,1
8,68,97,41.819829746290566,0.008870842191693047,0,3.077207975238329,3.615239974711892,1,8,3,1
7,185,36,41.91511634247188,0.07414945011122437,0,2.866225136249424,3.098450848100712,9,7,3,1
9,32,32,49.61442420277684,0.01565555268913402,0,3.763636199128821,3.0637457653101268,7,4,2,1
11,57,27,41.76901413522305,0.10421172941781215,0,3.9036454451897944,1.7495616184628426,6,1,2,0
6,32,32,50.6075942362519,0.1031416613296728,0,3.915982833430663,3.793751865954424,5,6,3,0
9,59,0,45.12369638304042,0.008686509661332394,0,3.3332760964110917,2.603703463604389,3,2,2,1
20,37,18,43.37853270040734,0.04957187780079204,0,3.5214793255869754,3.3977816662042075,6,9,3,1
6,39,27,43.863867599409986,0.05722576546463817,0,3.7183101902818554,4.446049380216678,5,6,3,1
17,63,41,53.749752173005376,0.11950417199067608,0,3.7235216173061088,3.225855228733879,4,8,3,0
10,48,57,44.68674782692659,0.030151093428423575,0,3.4003621688428365,2.3150982362745607,6,9,3,1
14,20,21,38.65116008645337,0.07631402938547159,0,3.057134290345623,3.9510942558272606,0,7,2,1
14,29,66,54.17963819317514,0.05485062743875424,0,3.3151947419033156,2.9750814107509957,6,3,3,1
16,60,7,48.93613665238071,0.09223118558883817,0,4.3300609531411585,2.2890842729280827,10,5,3,1
7,35,136,46.10086893250962,0.029812502137242992,0,3.8067626221783346,3.456234599931036,0,1,2,1
22,187,40,30.495448152747663,0.0817105444824482,0,3.601394130778342,3.6534011670891546,5,7,3,1
7,3,78,41.789591365131365,0.015586973571741679,0,3.150646136595536,3.321452997697191,4,3,3,1
20,76,14,44.62269413379665,0.0018152505392336194,0,3.0446584718172294,2.9977791191723933,0,4,3,1
12,87,52,38.42072844295328,0.002186756212835057,1,3.344551492901692,4.093965880931871,5,8,3,0
16,17,40,42.619049547216186,0.05912276208743869,0,2.818935373135873,2.8260909289431684,1,5,3,1
7,86,1,39.83863354467815,0.09248790912458202,0,3.9003759767521946,4.043759302587796,8,9,3,1
18,252,0,46.558798143826294,0.0693152647816805,0,4.335943195483108,3.5753182336426805,9,7,2,1
7,30,20,49.17659245011116,0.004358762609426994,1,2.816889797691629,2.240052160665112,8,6,2,0
6,138,69,48.839345503642264,0.0662493084124176,0,3.043295417500259,3.0005799638171653,10,9,3,1
17,37,34,48.81054242318394,0.01359046561607737,0,3.6343539679554766,2.077363875483103,6,2,3,1
16,97,90,41.68716118590838,0.11584781944912834,0,3.5298618684208973,2.8747533971285946,9,6,2,0
17,66,20,53.605553941687575,0.042308777306630276,0,3.554116034566922,3.0179483010125074,5,1,3,1
16,255,15,46.33832432957785,0.060409779160197324,0,3.700977020516179,2.583437189698367,8,2,3,1
17,24,43,35.16705778098398,0.04064865906332417,0,4.391576553211959,3.164792076236137,10,1,3,1
6,67,18,47.81745525450575,0.05605120721072306,0,2.6376729689250418,3.003908052981344,4,8,1,1
18,4,60,40.92435113225615,0.11501530349925528,0,4.527051031234628,3.485389611014321,9,8,2,0
18,78,9,43.786529798512426,0.03126320379458984,0,3.2420050918306824,2.7143540941575384,5,2,3,1
7,149,13,46.320074954156595,0.08616981208548796,0,3.2450937441098278,2.6671170763885756,6,9,2,1
6,85,43,46.99817648814168,0.09063447416910357,0,3.4973782910217706,2.5937628655068186,9,7,2,1
7,46,12,50.32075802327833,0.02287321047332584,0,3.1514951732405603,3.1540206698994617,9,1,2,1
18,51,22,45.99101922044617,0.08749775105773668,0,4.764380196377303,3.596992502130494,8,1,2,1
17,140,22,51.63342574786841,0.07775933756893215,0,3.613185423303738,2.986453259762882,3,2,3,1
16,84,57,42.94573619064792,0.03492506423491309,0,3.9178090497197515,2.9681787779736286,0,10,3,1
19,76,46,50.37870190610715,0.06272258993066171,0,4.092345719157095,3.3134354368225885,10,7,3,1
17,24,13,38.55023726477415,0.07079804305251927,1,3.665275403689783,2.521999479235672,6,1,3,0
7,119,39,38.49442912477491,0.10038649675940822,0,3.0958086330264725,2.275908974072464,1,9,3,0
17,87,21,47.48389636132374,0.014979185380591339,0,3.739779637730091,3.198349456046363,10,8,3,1
5,30,37,38.923205015293455,0.1166371329708789,0,3.1649694349320003,2.949307431489393,4,4,2,0
9,71,56,49.44748605773063,0.09229889250309614,0,3.743500162993169,2.7242391853135213,10,2,3,1
19,53,43,46.99692079785813,0.06419714121530981,0,3.0465565747296592,3.0032135757854213,3,7,3,1
9,19,24,50.082789462688524,0.09314740785382879,1,3.3949933978537365,2.7615993585212375,9,9,3,0
11,277,38,48.53171129798663,0.08797932511098301,1,3.2592485525955612,2.3711392485052167,9,6,3,0
19,154,63,50.61781355197504,0.055215549300415806,0,2.759085703413296,3.551277781291807,5,1,2,1
7,183,78,50.38364784717194,0.040326162879540876,0,2.9997077383547746,2.743157452185822,3,7,2,1
19,121,25,46.16968978226167,0.11863232969102742,0,3.665300444089903,2.8078771052587954,8,2,3,0
8,43,22,44.599667404240286,0.10612576863736987,0,2.5357131034332587,3.1477540177116485,9,3,3,0
15,53,28,50.6158483452977,0.11411050275445561,0,3.5825958786575365,3.059926408623165,0,4,3,0
19,86,15,53.94491092168197,0.005816565205489983,0,3.5715920419636116,2.8734594479515656,2,0,2,1
7,93,23,43.70684798160787,0.09782710297692428,0,4.053160168110298,2.3865796093294813,4,7,2,1
17,45,31,50.68043457536531,0.10694731003677357,0,2.925964160551497,2.8610172053061858,2,1,2,0
19,43,46,43.91102237138705,0.057227100131342926,0,3.206541886007442,2.781954085546423,2,5,3,1
18,14,4,43.308286440302226,0.10691222676091629,0,2.266937284423345,3.023358238203191,5,4,2,0
8,155,15,48.06515836754954,0.012105396404223864,0,3.8004700987525952,3.013733552507072,4,10,3,1
19,101,11,49.073732645235964,0.007256937579300491,0,4.10223335067788,3.462696801085249,10,9,3,1
18,67,27,47.94944369782868,0.034987046076025624,0,4.309690417982853,2.9094487248562033,9,8,3,1
20,19,22,45.81968970797804,0.003149097746580609,0,4.385439005534959,3.2259030617279296,2,1,3,1
9,77,91,45.965562929841525,0.08207865411365625,0,3.3985862457660714,3.7405623068180147,10,0,2,1
16,11,49,38.59708874982016,0.11123631376164278,0,3.4216821520220613,2.718742275466608,2,2,3,0
20,69,31,45.626212743885105,0.03540681036046545,0,4.062084667620823,3.189427061929635,6,1,3,1
7,93,5,51.808642246138106,0.07915257677845931,0,3.1369965147678665,2.9588509804617167,3,3,3,1
7,274,144,50.810254304753414,0.05616582600686307,0,3.681618499627332,3.2296179359841086,3,6,3,1
9,30,16,42.02314696276547,0.030606863343056297,0,3.715707839145015,2.908482883182942,5,4,2,1
7,45,135,48.05877730168626,0.110227503046464,0,4.0532417723338705,2.8118203046717207,10,3,3,0
9,47,9,47.510306942426055,0.11494949740543102,0,3.3158004864325603,4.173757537963385,4,0,3,0
9,96,62,53.490624775424195,0.016170572225147336,1,4.1151040426271255,3.056491770407628,3,5,3,0
17,64,24,49.717993116703525,0.09203664829977716,0,3.764456504669483,1.9579278315997832,2,7,3,1
8,119,45,46.74303813489294,0.02265802190486369,1,3.468322699842584,3.6515492510531216,3,8,2,0
18,83,16,48.50438808481984,0.05858680047400926,0,3.272123171179206,3.475732407825634,4,4,3,1
19,69,2,41.63865816127956,0.04331807699381054,0,2.6915656875367184,3.1059500906597832,9,8,2,1
17,72,117,46.55730861012601,0.029278629136487173,0,4.160706431546033,2.680116688023361,3,0,2,1
18,224,28,55.28479101520695,0.08109706901175422,0,3.8419291800106636,2.913086386747563,2,2,3,1
18,54,26,45.406236465472915,0.10264754212952608,0,3.9425065245579987,3.4665350835082482,6,9,3,0
18,21,34,43.18036138305202,0.09374039269761636,0,2.930892240896008,3.4179177911067717,6,6,2,1
19,67,21,51.44476313220353,0.08667404871451834,0,2.4730139873972425,2.476758451802251,4,5,2,1
9,182,83,43.41110648557965,0.007950855811123425,0,5.017907577598642,4.057632587885999,2,8,3,1
18,62,41,40.54190050649284,0.011691225947093872,0,3.2111362036761553,3.0852649676977997,2,4,2,1
18,56,37,52.77215639567668,0.05577955578921396,0,2.9976361008375774,2.5469687829077854,5,9,2,1
18,94,45,42.82434920429292,0.06669156028995087,0,3.1259835784740506,2.043859820426154,3,6,3,1
16,23,42,44.73764405909565,0.08680635131655166,0,4.52575883926634,3.1152450690917557,1,3,3,1
20,10,26,43.89679569374657,0.042702694246959785,0,3.298013231531579,3.018207682028044,0,9,3,1
20,64,4,54.63868185337095,0.0027511371521557358,1,3.2376104225733346,3.1849463533326476,1,9,3,0
19,32,66,34.97650862583098,0.004332164619248981,0,4.500563752741202,3.0860708337927436,9,6,2,1
15,45,84,48.01918471795279,0.10257966677672982,0,3.723171651657145,3.7917051507842348,1,2,2,0
6,284,15,38.73018965995429,0.01542631302621818,0,3.557757300397354,2.9568564654152683,0,1,2,1
18,44,103,50.41091968848684,0.11242725777663734,0,3.7062106590223185,2.949395619429122,4,1,3,0
18,98,26,42.32642970201984,0.039915359774365666,0,3.473608546593225,3.369899359981079,10,0,3,1