accident_hours,rainfall,wind_speed,driving_speeds,alcohol_levels,traffic_violations,lane_widths,road_conditions,mental_states,riding_skills,accident_types,falses
21,79,7,43.69012886010023,0.0700383678208582,1,3.029420216515348,2.916258813214397,5,9,2,0
8,48,41,43.78801683542639,0.02023418396050071,0,4.1253046164585,3.6341946219817807,0,1,3,1
7,74,22,45.51647822676105,0.05448449676122744,1,3.342766012351896,2.9314563768480806,7,2,3,0
9,82,30,40.3322104435257,0.10509711551094866,0,3.270018060602838,2.430970827649742,4,4,3,0
19,76,47,50.37235351970867,0.11809592693440192,0,2.985064145690756,3.561526357829744,8,5,3,0
20,36,34,41.981199673368025,0.0919851409851974,0,4.0877342898567655,1.6758651557827404,6,2,1,1
9,142,43,42.92456103685613,0.09175411106229285,0,3.524963770581988,3.0891276051939807,1,8,3,1
17,7,34,39.9771363966845,0.10623750004095546,0,3.8220891661694902,3.3246528827688544,5,1,3,0
16,52,11,50.12851232402822,0.029387184085295413,0,4.193504079889686,2.9284725189906826,5,3,3,1
9,1,19,44.12341900206033,0.08835200354348861,0,3.5557202830687804,2.5766304824568484,5,4,2,1
17,15,34,52.73627765502863,0.06700037459836938,0,3.816534569292188,3.6410380351312375,8,10,3,1
19,66,60,29.70486892576986,0.031401881159920174,1,4.003063995926599,2.912981858627728,9,0,3,0
16,84,22,49.07719313368037,0.006656730609770349,0,3.550781623056822,1.6394981029814626,7,0,2,1
7,0,44,39.0641711113508,0.024098454188003778,0,3.787785393170513,3.3435694852121944,0,3,3,1
18,65,18,41.36749006288942,0.07802281486004918,1,3.4655225320568115,3.1746106847369484,3,4,3,0
9,99,106,44.98441739834325,0.0683816976390884,0,3.966922245637627,2.7719097003958866,3,8,3,1
7,99,41,48.33814269377843,0.008312503099523045,0,3.114867474153456,2.658558516823765,2,10,3,1
17,30,48,59.126521072779354,0.06747741986938893,0,3.879418249266975,3.3093889171335986,4,4,3,1
16,88,42,41.27560612719113,0.046877918233485645,0,3.297257761037951,2.684997962160592,2,3,2,1
7,82,42,41.68352356498093,0.001791803615137084,0,3.9826636306081924,3.121661557770069,8,2,3,1
19,52,28,41.83977867995859,0.10913905658661997,0,3.040185404793219,3.634062251821522,9,1,1,1
19,92,0,43.043496271893375,0.03100513731777679,0,4.085015345145587,4.150905212426146,10,9,3,1
7,41,33,50.214830592979226,0.06640745380445093,0,2.3040646267726688,3.1785904385187593,0,8,2,1
18,53,29,45.43242793811082,0.07069731490175395,0,3.8070637366634204,2.5881944687813156,5,1,3,1
19,87,146,53.2843542237473,0.05985708273482641,0,2.725068114627575,2.8795232790522878,2,1,3,1
6,54,79,51.84115046414391,0.02874984107370693,0,3.600156705232848,2.4290685872003452,5,7,3,1
7,147,42,48.500812276742565,0.048883985073763805,0,2.9467932602280293,3.317015064244801,0,10,3,1
7,94,30,43.27857040894839,0.03483972577075966,0,3.505528293212838,3.3858721873807336,8,1,3,1
19,37,2,35.97750866314372,0.05202675783984329,0,3.860903025398285,3.2958362377540813,3,8,3,1
8,64,0,44.51535594359862,0.009919263530045352,0,2.9355486991660107,2.844295021863041,6,10,3,1
10,13,10,41.213857174582444,0.019913766811379217,1,3.33556256633705,3.1100081432564703,8,9,2,0
7,100,14,44.689740151813226,0.01650201807514304,0,1.8436935078904306,3.1970957071604986,4,0,3,1
9,57,67,43.41711011068264,0.07140020144938433,0,4.255665940334122,2.861641209631006,10,0,2,1
9,58,8,43.123424037014686,0.07870747413543983,0,4.740670832315879,3.1274321208606515,8,3,3,1
6,17,7,44.936819927958574,0.1096747231847184,0,4.125346807914388,3.2319690549834634,4,3,2,0
8,264,28,36.26265278383672,0.031459458947827854,0,3.3961149774954973,2.971490082486847,7,8,3,1
16,242,15,42.491724214939374,0.0472186542807595,0,4.137167242438755,2.9110576685955873,7,3,3,1
10,119,21,51.346334364005216,0.07469170541381817,0,3.6329654826774576,2.5716141871824925,0,6,3,1
11,296,15,50.04263697999412,0.11661070245505573,0,4.166472150724091,3.045560319314808,3,5,3,0
8,165,6,44.900835219078864,0.04698204961334905,0,3.467357606321374,3.244648939589185,5,4,3,1
18,24,49,36.70332720947583,0.03475390061437057,1,3.8224928492662418,2.9241350192639373,4,7,3,0
16,65,41,43.500133323175476,0.04653535377514782,0,3.2272786810800542,2.9710424372290327,1,3,3,1
10,73,16,42.28368221562275,0.037115890552113284,1,2.5448426897077385,3.2620097105873223,7,7,3,0
5,43,18,45.88198657072516,0.010210693644903136,0,4.464230766891818,3.352991528839921,10,2,1,1
7,176,24,45.774002629667805,0.0415181656850084,1,4.34251519924438,1.9007809783418477,3,8,3,0
9,77,4,47.47176991926758,0.07023898431046846,0,3.775905709259169,3.2491255727492065,10,1,2,1
7,43,35,38.03047783692024,0.021935144911864244,1,3.2472836224109702,3.2729194750932837,8,0,1,1
15,98,24,35.59358807671292,0.10003951740630901,0,3.3602131188278435,3.7197897956721206,3,4,3,0
9,87,37,42.81691899486717,0.0882433042159479,0,3.6001718842540376,3.2283633242836673,4,1,3,1
19,292,41,39.778026011538415,0.06703026651242168,0,4.672668838400098,2.84089745866705,6,3,3,1
5,14,16,45.95991018306752,0.0884993235750874,0,3.4423176623618805,3.57137832803161,8,8,3,1
6,23,25,45.33136863658949,0.037999900048031734,0,3.194640600873257,3.0543087181595,8,1,3,1
19,54,20,38.75833128306691,0.02401617067427673,1,2.9320495960453656,2.960468627496972,6,1,3,0
7,44,10,46.41592968945939,0.10107284816599169,1,2.722157749139687,2.9390650492693617,1,5,3,1
9,51,8,48.458130633709644,0.0982552353905474,1,3.067146306811974,3.4333375607498287,9,4,2,0
18,34,31,53.036874075887255,0.08831446028503276,0,4.184312252759901,2.7665704625056717,2,8,2,1
7,32,36,39.327318114363365,0.03075701412216188,0,2.6304555779851544,3.169374501725133,1,9,3,1
20,75,1,43.980369364411466,0.04123893217195601,0,3.6810702458258877,3.23238440484869,2,8,3,1
6,11,47,42.01577369025396,0.04566899021879049,0,3.5143962993321844,2.384930397003118,0,1,1,1
22,0,40,54.47854979039775,0.022108403061624825,0,3.4072197623571654,4.137964220929605,7,6,3,1
10,22,4,36.20894664446964,0.09120454980909169,0,3.0197167597643353,3.134632233886765,0,5,2,1
9,98,47,48.74474141206134,0.022163581473632246,0,3.778996248982356,2.649111665789695,0,4,3,1
6,4,134,42.94742771200007,0.02661008489600969,0,3.571751365624412,3.096685677891837,0,6,3,1
18,42,148,39.955874069203745,0.005780877290800648,0,3.869251173173729,3.0902866179131943,0,5,3,1
16,92,34,44.000533646970716,0.07960191598806653,0,3.6992094901273593,3.2474771383736263,7,7,3,1
18,28,39,46.03373005766036,0.11147983191073717,0,2.9335454524610958,2.262954906217697,5,10,3,0
18,52,25,35.636813830960186,0.0580517362447913,0,3.339553991112545,2.8274517974451983,7,3,3,1
8,264,15,43.66917391875338,0.10773555104884669,0,3.6073892500349363,2.4515634384856533,2,7,3,0
18,30,1,43.42682739240256,0.10092000574829267,0,2.6916510855065763,3.784030411917611,7,8,3,0
8,194,42,37.058205104191245,0.09536419766619195,0,3.9550518277061744,3.4176421918961357,3,9,3,1
16,58,14,49.13298275097819,0.020116839656302295,0,4.216150538760135,3.257452182995622,5,0,2,1
19,177,61,39.94418257821724,0.04527834424513675,1,3.618723038542729,2.617740708410656,9,2,3,0
16,62,69,51.30200050151003,0.07966069061641151,0,3.2966117867154443,2.410283700003149,0,10,3,1
7,8,24,42.10203411966973,0.041322773172989026,0,2.75775628157837,3.6278653990278946,9,3,3,1
9,34,37,34.25300432409666,0.08530693862723647,0,3.2590828275079966,2.5285227884427783,3,5,3,1
18,36,58,52.53027790773663,0.03447489589890448,0,3.8005000098405217,3.2692490681434236,2,7,3,1
15,230,79,38.762461064326445,0.04711387025299088,0,3.9683574295314483,3.646771337433561,9,7,3,1
17,93,24,41.96799613996498,0.0877813624132517,1,3.845277930964089,2.1769903242663897,7,9,2,0
7,18,0,41.40440299655245,0.01414610910641886,1,1.6650206331220974,2.8401748720950795,3,5,3,0
17,43,35,42.25078954911385,0.09441373626028594,0,2.974081284934567,3.203305289545565,7,1,2,1
18,79,44,45.795728208260535,0.08550872632743058,0,3.801813877542779,3.1098829108412187,9,5,3,1
6,127,36,50.7968556619271,0.05395541704599124,0,2.849819391010355,3.137131257393963,9,1,2,1
9,23,40,34.89976538264863,0.05250304833230864,0,3.177255725991848,3.4608257132708733,8,0,3,1
21,82,46,44.02691577334036,0.10879972106906739,0,3.0932248016908725,3.189003902098252,10,7,3,0
8,90,20,50.159931591312144,0.08595271992985902,0,2.7193216757103476,3.2115489877707057,1,0,2,1
17,172,13,45.227529890164014,0.07441987778834828,0,3.838072000425217,2.916689140679353,8,0,3,1
20,61,4,46.473503189607165,0.10370138168497,0,3.8173304833281616,3.153141638910079,3,2,3,0
15,62,56,50.295256105655795,0.039793525354657105,0,3.4745083934239935,2.3742963690991044,10,0,3,1
9,121,45,37.33359233233445,0.034403952643697326,0,4.238422834032352,3.819386671417068,0,5,3,1
18,242,48,45.837519211612516,0.025177222773279734,0,3.7788047339584887,2.8920314121267756,7,8,3,1
8,10,7,49.08627411179647,0.06242786829404283,0,3.57997773931044,3.3192379425967484,2,5,1,1
9,29,40,47.23129742116697,0.11857154160681911,0,3.5358529346102836,2.8848100982736797,10,7,3,0
10,6,45,42.02465537291744,0.11141495342786688,0,3.932402651881694,3.1132890633918215,5,3,3,0
16,2,43,36.03099100137854,0.054636570243846584,0,3.7319323530550585,2.5962343575038247,5,4,3,1
5,69,21,46.451077963437314,0.01336069538108528,0,3.181839011995443,3.3123311478468835,5,4,3,1
7,153,113,42.14317420389635,0.10495096326083606,0,3.7225991211636025,2.6591456585655515,8,5,3,0
7,89,47,47.972288847455125,0.11071242038790134,0,4.024768148101051,3.1654615384063516,10,8,3,0
8,39,39,41.01800977983058,0.0205639607314332,0,4.236132369204359,4.100311559741223,10,0,3,1
17,118,9,51.89625735929993,0.10601497145015977,0,4.697699842512064,3.2676844521004,2,8,3,0
9,88,22,50.16792649530296,0.05355368823309632,0,4.1902814215898525,2.4040251539601165,6,5,3,1
17,20,49,38.7214780928808,0.0013996613465413032,0,2.903463921290019,3.104443870300424,5,9,2,1
7,57,12,53.251382840919185,0.1131750506061654,0,3.700368500985431,3.0510466725402163,1,7,3,0
19,110,36,38.30462613379577,0.0051363695722931885,0,4.030731938441781,2.5583472734939514,7,2,3,1
6,62,31,48.03278616902516,0.004152983490684847,0,2.7088130073948467,2.322376366743672,8,8,3,1
11,65,10,43.74625900789198,0.11561736418948533,1,3.6109066822161524,3.930094054910435,9,8,3,1
18,243,20,44.34825069357012,0.025750389513556196,0,3.278040745304267,2.7532142044016306,7,10,2,1
19,35,44,50.46438257886514,0.0666756423304803,0,3.1866899032740124,2.757002579619611,1,6,3,1
19,66,33,46.809103702352516,0.11312395882510479,0,3.7159544361104615,3.34307578477106,10,1,2,0
7,51,5,38.741098160020876,0.11280113254414455,0,3.024778329546363,2.181403500686904,2,6,3,0
17,21,10,42.38855858131738,0.020893870334663774,0,3.1184163725202474,3.132559142502908,6,4,3,1
18,36,24,47.38344535906759,0.06162549524714051,0,3.2202778442949977,3.369308795438392,6,5,3,1
8,81,42,50.35688384023173,0.000834414906788461,0,2.8914075654449443,2.9697692252132946,1,8,3,1
8,10,38,49.246130592681865,0.010845958690998971,0,3.2308736467338455,2.9482560504777235,3,2,1,1
17,80,39,43.95325061949702,0.11377782537758134,0,4.234541119709816,3.5098796676824335,3,2,3,0
17,64,73,43.22428270544214,0.04981930986758197,0,2.975712394428033,3.35921429524448,7,2,3,1
18,59,31,55.00295575511747,0.018022813635151867,0,3.5483880222516007,1.9326960777762348,6,8,3,1
6,60,27,49.505265368760035,0.07576857358427096,1,3.442044351604663,2.7183811710179544,4,10,3,0
16,39,121,44.025762265827694,0.02079960234217553,0,4.380311993416215,3.1715336426954566,1,2,2,1
19,86,73,45.170902710187725,0.11761704652555974,0,3.9066104979558336,2.7908227585672716,8,5,3,0
9,64,33,39.741772610511305,0.0805019088259901,0,3.472407718506495,2.849462683668438,10,10,3,1
7,62,41,43.30010936977314,0.04424131844839255,1,4.283621510964551,3.6620001916784544,6,3,3,0
8,64,49,42.091599765552935,0.045738055969698696,0,3.1809919556849313,2.68641838535321,9,9,3,1
19,47,130,43.1064659454787,0.11003205464066816,0,4.289238914491064,3.9952662589735164,8,4,3,0
20,37,28,50.56962028068996,0.10740306281007171,1,4.184767829214723,2.980086363134223,10,3,3,1
19,99,48,38.613933640194944,0.11399780917637616,0,3.6225310281902443,1.1155618838181487,3,2,3,0
17,65,21,44.03789393535953,0.0544377363930786,0,3.1923364298770913,2.697272236211655,6,6,3,1
17,24,3,40.26773293453998,0.10208995160095058,0,4.15584562281138,3.1493267897006114,2,9,1,1
10,184,23,46.27519164105048,0.05818021657426928,0,3.8854055336000126,3.418214262377031,8,7,3,1
20,277,39,51.75514721117944,0.07595633127494308,1,3.880243318264454,3.0835194587416495,10,0,3,0
13,295,130,48.5652083254097,0.06088893683629881,0,3.6776574859589464,2.523751736121483,3,4,3,1
8,26,8,46.114804166203456,0.07298695882266092,1,3.332214287927971,3.1218121773781284,0,9,3,0
20,78,140,50.05168524893628,0.06113652737330317,0,3.813534871664701,2.4624437855014407,10,6,3,1
18,18,38,49.50298327406388,0.018581036197287112,0,3.0737616883374,2.462843137432486,0,1,2,1
17,58,41,42.848290197736475,0.013006271571053345,0,3.1317410450097376,3.281649557585056,3,5,3,1
6,53,67,36.45385377897893,0.1129313933921301,0,4.253087316993412,2.8144949488550095,6,2,2,0
8,13,0,50.820888288123044,0.06116806450968207,0,4.791588633683663,2.801130735936813,8,0,2,1
10,74,58,39.121054126988646,0.1130224064518565,0,3.4000434162824096,2.820855687993734,2,9,2,0
18,6,47,39.18414763057432,0.08229798829488419,0,4.07470910575862,3.1693843821418897,0,0,3,1
18,80,36,43.66668449367782,0.010676782088427043,0,3.680869764374259,2.7302078244395105,7,9,3,1
8,80,46,42.08724845273659,0.024187473214406348,0,3.4407128281035853,3.3410588191354207,1,4,2,1
7,13,43,39.12476868336753,0.0921287335781886,0,3.3808481312808727,3.2422807212469134,2,9,3,1
10,59,34,44.566162582865495,0.0213383024509563,0,4.236613684279479,2.422947874818117,2,8,3,1
18,39,16,43.53327182100831,0.0009268019723794829,0,3.3626231559615936,3.1940900913427823,9,9,2,1
7,206,12,47.41908872158775,0.013412081355013114,0,3.2255630749398905,3.3340105099695436,6,7,2,1
8,47,4,45.07045621442746,0.0572089495213739,0,4.079459123904378,2.2292780096791263,4,7,3,1
10,55,102,46.60796198947399,0.01959146752115661,0,4.290578310618907,3.179373734996325,0,10,2,1
19,125,7,44.24371036384254,0.0054018342417447894,0,3.9014918418583924,3.533707491569694,5,3,3,1
7,41,34,46.66167858681029,0.08923115236577102,1,2.6593601655891734,2.8637475954224576,7,3,3,0
21,39,28,42.92518237822815,0.11665360390406532,0,3.4052251192814107,2.6921139299968533,10,4,3,0
18,75,3,44.36100451124971,0.11741795476042932,0,4.208928923722896,3.3301188519726352,5,2,2,0
7,92,12,40.74137598817154,0.10799804757358292,0,3.606318758032735,2.8318973098551696,5,10,3,0
18,96,32,40.63408316632339,0.0023022226827484403,0,2.7475554419563757,3.2435284175316097,3,3,3,1
15,33,45,45.24456574417161,0.028812981635342887,0,3.8446585535328213,3.3328658906656203,8,9,2,1
5,12,12,54.15694384992945,0.01652320374363447,0,3.3403949132206665,3.830133587521631,5,4,2,1
17,86,24,47.13841711845966,0.07682522247735767,0,2.982720930973642,3.3982344186618123,4,1,3,1
17,14,4,42.54767094608885,0.1019495559250726,0,2.797540914000141,2.6652378136182593,1,9,3,0
6,15,44,37.650002741844645,0.068628246913718,0,3.598927746764791,2.8213841623802605,9,10,3,1
17,66,15,48.5400364752872,0.04160070171523188,1,3.8465240702498704,2.4321283116301036,8,4,3,0
7,125,129,50.74575641267259,0.1094288682211276,0,2.9991423702512208,2.874729884729197,2,3,2,0
17,24,63,47.561643005825644,0.06062198424291595,0,2.4642462951314177,3.2661230902697564,9,3,3,1
6,254,16,47.281331133242055,0.020962214448158108,1,4.060190649284461,2.0525510972752703,6,8,3,0
7,85,103,37.943277329139825,0.064004687384426,0,4.1603120386949275,2.182576042295634,8,0,3,1
19,71,23,45.62646851385271,0.002175665503561719,0,3.0660054020370606,3.6040504662702126,7,3,3,1
10,27,22,42.04683621210144,0.004621652391759032,0,3.3444661656621646,3.1276546501880493,0,5,2,1
19,36,19,48.062403069184455,0.07531124672918181,0,4.398296447535222,3.349803053842841,2,1,3,1
18,294,44,39.631648086824256,0.0867922577348561,0,3.0825183863462398,3.037490772700238,4,8,3,1
14,6,29,44.64179894915876,0.016598493402914815,0,3.7771706761225827,3.143287023480015,1,3,2,1
17,15,24,48.74739290899045,0.06400993029626129,0,3.331122718557964,3.4733062413150964,4,2,3,1
9,29,83,41.39308075957891,0.09271579660004467,0,2.946544448095476,2.0780276310425547,0,8,3,1
9,73,3,43.13682339024256,0.10588059040551923,0,3.198909635152291,2.6420286251764358,9,0,2,0
17,33,142,49.350019881638424,0.05688254687211026,0,2.7584195482685425,3.6095527807541665,0,8,3,1
8,32,93,53.81559855562659,0.014659767052452439,0,3.274537769502185,3.2218723072665902,5,2,2,1
9,59,26,48.612216958752455,0.00830279141966742,0,3.0675206640275112,3.5208811848192685,7,1,3,1
9,125,41,45.36929256237159,0.1027899673987268,0,3.452382068745066,3.0076099782772916,3,8,2,0
19,43,18,41.90659513892563,0.009315097342972742,0,4.31317760040973,3.364882811596611,0,7,3,1
19,48,46,43.8601396157309,0.09813567045151818,0,3.2867958949540306,2.7845076772288975,5,10,3,1
20,96,32,48.292264342632514,0.05242638542502337,0,3.2364426147838836,2.373744298402468,5,4,2,1
10,6,70,42.41986044904792,0.05237245964681728,0,2.969633903598508,3.4923821263642036,2,0,3,1
8,80,41,42.72474249366123,0.062230757793127936,0,4.112510105995681,2.7535185457449107,0,0,3,1
8,89,19,38.57672147373723,0.01629396622654917,1,3.485696906134713,2.9542392278703753,8,5,3,0
18,89,8,55.09507069642741,0.08910533882581734,0,4.315140057920244,3.058239360043932,2,9,3,1
7,68,107,49.83902894850825,0.03600048379641163,0,3.274320868934886,3.090078340604128,4,0,3,1
18,41,20,43.011909639689264,0.07173347783096516,0,3.7129561520442356,3.176763427054816,8,9,3,1
8,49,33,51.78263957081056,0.0006400744685257287,0,2.8439374592154465,3.041157224164442,10,2,3,1
19,3,29,46.950579617060846,0.03378217517217567,0,3.6630860416485733,2.488533357687338,4,7,3,1
17,104,5,40.4019928557423,0.004857489038791893,0,4.200259516435378,2.632835849498407,5,4,3,1
9,5,37,42.288744244549676,0.03763324031318863,0,3.61679456388949,2.584312467474791,7,1,3,1
18,86,13,39.96195990791622,0.015142344318648058,0,3.2598420965371817,3.583875438950088,1,6,3,1
7,70,12,46.70675457128714,0.008405185704916805,0,2.5580940121788194,2.537182438276386,9,8,3,1
8,244,95,55.77252145508122,0.10175729869797574,0,3.7713801610120856,2.573584271302255,2,1,2,0
15,50,32,44.968355506310424,0.043788082040468496,1,4.118035193743206,3.0783711536825265,4,1,3,0
18,74,20,41.870871481364205,0.09904031907564562,0,3.490451512364192,2.849686577824134,10,0,3,1
6,131,31,44.163834367700794,0.1071193147883757,0,3.1150957436741584,3.0118134053674956,10,6,3,0
9,89,3,53.500116214911166,0.060726312291955985,0,2.7765120151457463,2.910196635283106,4,6,3,1
10,78,102,48.76101631946562,0.0681399106926159,0,3.508331996303259,3.4345112455462368,2,3,3,1
7,84,34,45.83042438193631,0.07758703493635269,0,3.6043629576701934,2.395945698715151,1,4,3,1
20,0,40,37.15449245605552,0.07736504335903774,1,3.246501894851972,3.0700980533805624,1,5,2,0
17,96,71,46.18673906263298,0.06362108674440956,1,3.8029181008476405,3.1633009323787338,5,9,3,0
6,285,41,41.35847364673982,0.07132194626727342,0,3.6108725774895825,2.4280838727565444,7,6,3,1
17,96,11,51.975683501411844,0.05293226661146283,0,3.686434321284182,2.783827537944034,3,6,2,1
15,18,24,40.11397838888516,0.10993733308316898,0,4.091864348126494,2.739904008401027,2,2,3,0
6,56,17,40.82688768516224,0.08655623054844938,0,3.1144641967050446,1.9831947151596603,0,4,3,1
7,13,2,47.878979622922046,0.03779058116160778,0,3.3489850058292787,3.0005971413395933,3,8,3,1
16,69,92,45.400801725403966,0.040203113101719326,0,3.9154086627206706,3.3961013446908033,6,5,3,1
18,92,32,40.96217174868869,0.05462726492184374,0,3.397161456323866,2.125399853455059,8,9,3,1
19,55,28,39.47343161765077,0.003798671698677527,0,4.121740694254475,2.89148002044363,8,10,2,1
19,44,47,54.14206380527777,0.11896566857332862,0,3.0711441508198427,3.360899423546112,5,10,3,0
20,54,66,44.569470815174206,0.05614109777890748,0,4.011778953918698,2.8963075556277262,10,0,1,1
7,50,7,45.52610517404279,0.09300720990969924,0,3.8679258982507143,3.5094559710844155,8,9,3,1
18,123,54,45.552080760730796,0.018982114343897204,1,3.68666536356417,2.0826469098663014,8,7,2,0
8,55,80,35.78257663753995,0.0731053572740456,0,4.261163928325916,2.846813091790044,0,1,3,1
18,9,23,49.25903009869321,0.04580493108460382,1,3.4443422938592567,2.598386867136739,0,8,3,0
18,37,45,41.85888538748862,0.10679118570520271,0,4.080664604753717,2.3670748411756093,8,3,3,0
16,27,67,41.81693108857378,0.11190466621079068,0,3.5945442128943386,4.110352058737474,3,1,3,0
17,271,49,45.25810949209633,0.07497805067976263,0,4.0588337293260315,3.13383335486361,3,7,3,1
19,61,57,34.393506120246805,0.007312441413440607,0,3.8433080017411343,3.516534400463949,3,2,3,1
18,46,27,36.22501409269728,0.05599301535906376,0,3.6139483830604395,3.162994089048281,8,8,3,1
10,38,44,49.203974501520335,0.0020315553800744324,1,3.1972905721477884,4.0162235541764195,7,4,1,1
19,245,60,48.30683160103182,0.062161426561729585,0,3.2395497850592827,3.4058125439995854,0,3,3,1
17,74,64,41.00073739190001,0.06017004252762032,1,3.713285893045848,2.1699221231024923,8,10,3,0
17,72,40,50.57184611094986,0.050071528932268856,0,4.238221214579736,3.4783985528828407,4,0,3,1
18,15,29,51.77358898639208,0.040440910546064086,0,3.4358906013257497,3.504798567424864,8,0,3,1
19,49,32,38.23953544001326,0.06947578540511395,0,3.706003245931819,2.8380545579385745,10,5,3,1
18,237,44,46.69868085486936,0.02121476932603354,0,3.5093639089679938,3.726818552631483,6,6,3,1
21,67,32,42.37426985924805,0.003158996129171494,0,3.984186778242766,2.695296458928428,7,3,3,1
9,2,91,32.76261411794997,0.0944034898454363,0,3.4156778496576483,2.2549224784282647,3,7,2,1
8,56,73,38.39005777884883,0.09427107815148396,0,3.5529918459073913,3.051958414921834,6,6,3,1
8,87,38,46.80701314484508,0.06952817898581905,0,3.0592971552980632,3.0461733923327823,7,1,2,1
10,120,60,40.39558334429128,0.09961059666631329,0,3.7187695061715473,2.7053773823839897,2,4,3,1
8,240,21,50.51882282011144,0.061553336956845846,0,3.02849471984099,3.9182115474015,3,7,3,1
12,10,6,45.92593982066346,0.0007857064875737097,0,4.357166261180427,2.5438345206160213,0,2,3,1
20,67,12,55.60974721497179,0.017793259635080588,1,3.1866132727298533,3.9650804026132116,8,7,3,0
6,26,29,36.966279163823934,0.055148278954607416,0,3.458428057818202,2.6967570121377795,6,6,3,1
7,6,19,53.52978284383894,0.10347300876337245,0,2.3994912239223822,2.4482436519926436,4,4,3,0
5,84,90,50.37200789525357,0.02706985517108285,0,3.2291689917296273,2.615151751878426,5,0,2,1
22,52,33,44.19853514010563,0.0040853892321479355,0,3.2740540666797107,3.0967979671497585,7,4,2,1
18,80,12,52.242335771373895,0.04950027381752837,0,3.9985441497611145,2.544336362727543,1,7,2,1
8,6,70,44.40549318846728,0.008006596081553966,0,3.135893709190296,3.8413455736487436,7,5,3,1
7,10,148,52.887138105733776,0.06605127938662236,0,3.606075168122801,4.182413659520174,6,6,3,1
8,98,49,40.87120752896199,0.0066745480680056295,0,4.214827709094225,3.1189706656508074,6,1,3,1
17,140,45,45.82470936437327,0.0019952767471226717,1,3.750981177350289,3.0065116878575258,3,4,2,0
18,182,20,44.471765481262864,0.11318975823497857,0,3.2456934766147434,3.1681616553931424,1,4,3,0
8,19,34,38.5535269426298,0.07983550016206685,1,4.148687623700247,3.1622613691696038,4,8,3,0
19,12,11,40.57036983530608,0.014338617888417983,1,2.4085936958547167,2.5810571134195937,1,2,2,0
20,9,44,46.089520349718974,0.0667453224281406,0,3.7525896778281562,2.184582515060128,1,4,2,1
7,42,40,44.07240267569906,0.03100602583733179,0,4.084779783373216,3.5515100995168822,5,1,3,1
9,147,35,46.58540419801011,0.09133014230466847,0,3.007546596878584,3.277279009193812,10,0,3,1
7,88,2,40.75180318267101,0.09770386568878754,0,2.30990677027153,3.1024313056317347,2,3,3,1
18,78,36,39.84391420210628,0.060912777336183985,1,2.9849201031499106,3.1792696637879136,5,1,2,0
6,78,15,42.21551979730252,0.049139350763420166,0,3.4020182772174183,2.666828112310205,1,8,1,1
11,93,138,46.236410668867784,0.03806352626575624,0,3.069056633334319,2.659165826199986,5,3,2,1
20,30,138,43.9484172624383,0.003940806842267257,0,3.7311213925323665,3.13516601064206,8,2,3,1
19,87,32,42.85746225666414,0.06728704722868441,0,3.0059433263020456,3.1441114703584723,8,0,3,1
17,16,29,48.38169459328694,0.061071241691352605,0,3.394669445300414,4.2885383943362,7,10,2,1
17,53,28,47.23096945004588,0.025562981315802626,0,3.9302042333187175,2.3707718220294525,2,5,2,1
20,18,97,47.26403176744623,0.06384615014033387,0,3.597863599927737,3.0493885835810346,4,2,3,1
18,219,28,44.61911889065303,0.05611582746323447,0,2.7362872098679305,3.7260574940428253,8,2,2,1
7,48,3,41.42889689179192,0.031281463128484614,0,4.2770831645436855,2.0995980431621226,7,1,2,1
9,163,5,38.71332338462258,0.08917166251535733,0,3.4213891389722404,1.6194489718200966,8,1,3,1
7,24,73,43.382074661994075,0.029505476877375463,0,3.6691687236667363,2.824224999968271,1,3,2,1
19,61,4,45.557819192890804,0.05412477144541024,1,3.9335849300619787,2.5682171181769844,7,5,3,0
20,26,3,49.35363335059685,0.06401028520142756,1,3.008567201288386,2.292959788849415,4,3,3,0
8,247,70,43.56352068439705,0.09736190704721186,0,2.762023768833121,3.0533324222597176,3,1,3,1
20,12,23,39.08634786596546,0.050465969986598656,0,3.1253035083003997,3.0707147761030233,1,8,3,1
5,88,3,38.223047059889026,0.024839857835769315,0,4.338666130499866,2.768890890461327,2,7,3,1
15,29,24,46.02779151534331,0.0017780455754896395,0,3.372908715814737,3.873906902440053,6,7,3,1
6,39,34,48.9943473310664,0.030247096122842956,1,3.887416631176564,3.8164516208329173,7,0,2,0
19,146,38,38.382952620369394,0.09006308425193059,0,3.2493396184176975,2.4543498957484897,5,9,2,1
17,222,18,50.77952128722241,0.09845679300990867,1,3.36008456457856,3.3676834493547085,10,2,3,0
16,126,8,39.24404517202803,0.07208276260119485,0,4.627703837129235,2.0748888551535707,2,10,3,1
17,75,20,41.43992823164574,0.11379939925835551,0,3.4189725999206217,2.606790995101944,6,3,3,0
18,62,20,50.12222164598004,0.06266168519760373,0,3.082611591946714,3.037029364548992,8,6,3,1
8,29,9,42.58712919844767,0.05751901113798345,0,3.5281450660964744,2.4626406481147494,2,5,2,1
21,250,23,44.284131639687644,0.09994044769062357,0,2.693165735848683,3.5158151869232204,0,2,2,1
7,0,91,46.97790625448257,0.020039410991244313,0,2.8427903889519053,2.1040889966061433,2,7,3,1
21,80,74,50.96331659529027,0.0018167317698608398,0,4.0560958243926954,2.41210870874172,0,0,3,1
16,13,9,44.55885143512666,0.105815603727332,0,3.6438080883468693,2.7395945527865884,4,2,2,0
10,285,42,45.55061038327477,0.06409338499136875,0,3.6225159499720734,2.9973916907660483,0,0,2,1